HC56A,HC57A,HC27,HC68,HC1,HC55
111,4,2,2,29,0
107,4,1,3,13,0
124,4,2,1,45,0
112,4,1,2,37,0
108,4,2,2,13,0
96,3,1,2,17,0
119,4,1,2,50,0
110,4,2,2,28,0
113,4,1,1,42,0
107,4,2,3,17,0
110,4,1,2,13,0
125,4,2,2,43,0
105,4,2,2,7,0
112,4,1,1,39,0
101,3,2,1,9,0
114,4,2,2,53,0
122,4,1,2,28,0
109,4,2,2,6,0
118,4,2,1,35,0
123,4,2,2,25,0
108,4,1,1,19,0
117,4,2,2,52,0
109,3,2,1,54,0
999,9,2,2,2,9
125,4,1, ,59,0
110,4,1, ,33,0
999,9,2,1,0,9
116,4,2,3,36,0
127,4,1,2,59,0
999,9,1,2,2,9
118,4,1,2,46,0
999,9,1,2,2,9
109,4,1,2,15,0
132,4,2,2,52,0
114,4,1,2,57,0
999,9,1,2,4,9
99,3,2,2,19,0
118,4,2,2,29,0
100,3,1,2,22,0
111,4,2, ,54,0
106,3,1,2,36,0
999,9,2,2,4,9
116,4,1,3,14,0
132,4,2,2,36,0
105,4,2,2,8,0
101,3,2,3,11,0
131,4,1,2,42,0
103,3,1,2,16,0
116,4,2,2,21,0
109,3,2,2,59,0
116,4,2,2,42,0
104,3,1,2,8,0
125,4,1,2,35,0
112,4,1,2,44,0
106,3,2,2,44,0
119,4,1,2,30,0
111,4,2,2,48,0
103,3,2,2,25,0
117,4,1,2,21,0
94,2,1,1,11,0
99,3,1,2,18,0
142,4,1,3,52,0
100,3,2,3,19,0
119,4,2,2,58,0
118,4,1, ,38,0
112,4,2,1,7,0
103,3,1,1,19,0
106,4,1,2,8,0
118,4,1,2,39,0
115,4,1,3,29,0
126,4,2,1,39,0
108,3,2,2,58,0
120,4,2,1,38,0
95,3,1,1,10,0
101,3,2,1,45,0
111,4,2,1,12,0
105,3,2,2,42,0
104,3,2,2,28,0
999,9,1,2,2,9
97,3,2,2,20,0
110,4,2,1,29,0
110,4,1,1,33,0
102,3,1,1,7,0
104,3,2,3,31,0
108,3,2,2,40,0
113,4,2,2,19,0
112,4,1,1,38,0
999,9,1,1,5,9
98,3,1,2,7,0
120,4,1,2,21,0
103,3,2,1,20,0
107,3,2,1,40,0
98,3,1,1,16,0
103,3,1,2,41,0
112,4,1,1,55,0
108,4,2,1,19,0
117,4,2,1,54,0
104,3,1,1,36,0
96,3,2,1,13,0
99,2,1, ,27,0
113,4,2,2,35,0
99,3,2,2,16,0
108,3,1,2,42,0
115,4,1,1,53,0
104,3,1,1,26,0
108,3,2,1,25,0
92,2,2,2,9,0
111,4,2,1,23,0
999,9,1,2,1,9
120,4,2,2,15,0
110,4,1,2,48,0
105,3,2,1,55,0
999,9,1,2,3,9
111,4,1,2,34,0
85,2,1,2,10,0
106,4,2,2,19,0
113,4,2,1,42,0
111,4,1,2,41,0
133,4,2,2,56,0
134,4,2,1,32,0
117,4,2, ,33,0
112,4,2,1,46,0
100,3,2,1,12,0
113,4,1,2,33,0
100,3,2,2,9,0
121,4,1,2,54,0
118,4,1, ,26,0
999,9,2,3,5,9
115,4,2,2,26,0
122,4,1,2,57,0
113,4,2,2,28,0
84,2,1,2,11,0
127,4,1,1,41,0
118,4,2,1,59,0
105,4,1,1,7,0
121,4,2,1,50,0
105,3,1, ,41,0
111,4,1, ,49,0
108,3,1,2,44,0
999,9,1,2,4,9
122,4,2,2,21,0
119,4,2,2,18,0
999,9,1,2,2,9
108,4,2,2,21,0
119,4,2,2,43,0
115,4,2,3,45,0
999,9,1,2,4,9
111,4,2,2,22,0
999,9,2,2,5,9
124,4,1,1,20,0
124,4,1,2,42,0
114,4,1,2,36,0
104,3,1,2,13,0
103,3,2,2,54,0
113,4,2,1,30,0
114,4,1,2,56,0
135,4,1,2,46,0
123,4,2,2,55,0
101,3,1,2,14,0
137,4,2,2,48,0
112,4,2,2,15,0
122,4,2,3,39,0
114,4,1,2,54,0
107,3,1,2,43,0
117,4,2,2,22,0
128,4,1,3,35,0
106,4,2,2,22,0
126,4,2,2,39,0
131,4,2,3,58,0
98,3,1,2,9,0
101,3,1,3,7,0
121,4,1,2,53,0
119,4,2,2,23,0
129,4,2,2,58,0
112,4,2,3,37,0
124,4,2,3,45,0
115,4,1,2,47,0
999,9,2,3,5,9
143,4,1,3,28,0
135,4,1,1,20,0
103,3,1,3,6,0
96,3,2,2,8,0
141,4,1,2,53,0
112,4,1,2,28,0
114,4,1,2,45,0
102,3,1,2,25,0
999,9,2,2,2,9
116,4,1,2,40,0
112,4,2,2,16,0
109,4,1,3,21,0
131,4,2,3,56,0
93,2,1,2,22,0
111,4,2,2,9,0
115,4,1,2,23,0
105,3,1,2,29,0
110,4,1,3,19,0
121,4,2,2,10,0
117,4,1,3,40,0
117,4,2,2,27,0
999,9,1,2,24,4
113,4,2,2,51,0
115,4,2,2,46,0
123,4,2,2,15,0
115,4,1,2,13,0
125,4,1,1,50,0
101,3,2,2,16,0
111,4,1,3,22,0
118,4,1,2,41,0
128,4,2,2,35,0
118,4,2,2,44,0
120,4,1,2,26,0
113,4,1,2,58,0
109,3,1,2,41,0
116,4,1,2,17,0
111,4,2,2,29,0
124,4,1,2,40,0
128,4,1,2,20,0
108,3,1,2,36,0
103,3,2,3,24,0
113,4,2,1,45,0
104,3,2,2,30,0
107,3,2,2,41,0
97,3,1,2,13,0
106,3,2,2,30,0
999,9,1,1,45,4
115,4,2,1,38,0
999,9,1,1,0,9
117,4,2,2,12,0
78,2,2,0,11,0
112,4,2,1,49,0
121,4,1,2,58,0
119,4,2,1,49,0
119,4,2,1,19,0
121,4,1,2,34,0
128,4,2,2,58,0
93,2,1,1,36,0
115,4,2,1,34,0
103,3,1,2,24,0
119,4,1,2,38,0
123,4,1,2,58,0
102,3,2,2,12,0
115,4,2,2,26,0
126,4,1,2,13,0
92,2,1,2,7,0
123,4,2,2,41,0
108,4,1,2,22,0
140,4,2,3,56,0
113,4,2,2,31,0
116,4,1,3,7,0
999,9,1,2,3,9
118,4,1,3,51,0
125,4,1,1,23,0
999,9,2,2,2,9
999,9,1,3,2,9
111,4,2,2,39,0
123,4,2,2,22,0
106,4,2,3,7,0
999,9,1,3,16,4
119,4,2,3,17,0
117,4,2,3,50,0
100,3,1,3,13,0
105,4,1,3,13,0
100,3,2, ,14,0
86,2,1,2,55,0
115,4,2,2,53,0
89,2,1,2,35,0
110,4,2,2,6,0
125,4,2,2,57,0
999,9,2,2,2,9
107,4,2,3,16,0
116,4,2,3,31,0
110,4,1,2,40,0
99,2,2,1,44,0
114,4,2,3,28,0
108,3,2,1,45,0
126,4,1,2,35,0
119,4,1,3,46,0
121,4,2,2,57,0
112,4,2,2,55,0
115,4,2,2,34,0
99,2,2,0,38,0
107,3,2,2,38,0
99,2,1,2,36,0
115,4,1,2,52,0
999,9,2,2,5,9
100,3,2,2,48,0
109,4,1,2,12,0
107,3,2,2,31,0
109,3,2,3,46,0
104,3,1,3,41,0
109,3,2,3,57,0
111,4,2,2,35,0
93,2,1,2,12,0
115,4,2,1,48,0
93,2,1,2,30,0
111,4,1,2,48,0
132,4,1,2,56,0
97,3,1,2,14,0
999,9,2,2,48,4
109,4,1,2,21,0
109,4,1,2,18,0
999,9,2,2,5,9
104,3,2,2,12,0
113,4,2,2,16,0
98,3,2,2,8,0
107,3,1,2,44,0
108,3,1,2,50,0
93,2,2,2,42,0
102,3,1,2,6,0
120,4,2,2,31,0
111,4,1,2,12,0
123,4,2,2,8,0
136,4,2,2,9,0
104,3,1,2,20,0
117,4,1,2,17,0
999,9,1,2,5,9
112,4,2,2,9,0
99,2,1,2,46,0
108,4,2,2,23,0
107,4,2,2,6,0
112,4,1,2,41,0
102,3,1,2,8,0
104,3,1,2,13,0
95,3,2,2,13,0
80,2,2,2,37,0
106,3,2,2,50,0
87,2,2,1,20,0
116,4,1,2,14,0
115,4,1,3,45,0
89,2,2,2,13,0
106,3,1,0,36,0
111,4,2,1,13,0
96,2,1,2,33,0
104,3,2,1,36,0
107,4,2,2,19,0
110,4,2,2,52,0
117,4,1,2,24,0
116,4,2,2,11,0
124,4,1,2,38,0
124,4,2,2,49,0
118,4,2,1,9,0
110,4,2,2,13,0
999,9,2,2,22,4
111,4,2,2,33,0
120,4,1,2,29,0
112,4,1,2,30,0
117,4,2,2,11,0
90,2,2,2,8,0
100,3,2,1,58,0
110,4,2,1,31,0
999,9,2,2,2,9
119,4,1,1,58,0
108,3,1,2,42,0
115,4,2,2,25,0
121,4,2, ,48,0
122,4,2,3,25,0
109,4,1,2,14,0
110,4,1,1,14,0
110,4,2,3,38,0
999,9,2,2,31,4
112,4,1,2,18,0
99,3,2,1,17,0
109,3,1,2,28,0
999,9,2,2,8,4
106,3,2,2,37,0
116,4,2,2,24,0
114,4,2,2,29,0
999,9,2,3,4,9
108,3,2,3,48,0
116,4,1,2,18,0
107,3,1,3,53,0
111,4,1,3,50,0
116,4,1,2,48,0
100,3,2,2,6,0
999,9,1,2,14,4
99,3,2,2,19,0
119,4,2, ,27,0
124,4,1,3,44,0
135,4,2,3,26,0
118,4,2,2,18,0
126,4,1,3,43,0
116,4,2,2,15,0
110,4,1,3,29,0
999,9,2,2,31,4
109,3,1,3,41,0
97,2,2,3,26,0
112,4,1,3,16,0
106,3,2,2,35,0
999,9,1,2,1,9
999,9,2,2,11,4
111,4,1,3,39,0
999,9,2,2,50,4
999,9,2,2,17,4
108,3,2,3,25,0
108,3,2,2,37,0
115,4,1,3,40,0
120,4,1,2,46,0
120,4,1,3,7,0
106,3,2,2,31,0
83,2,1,2,7,0
102,3,1,2,50,0
97,2,1,2,36,0
102,3,2,2,8,0
97,3,2,2,13,0
103,3,1,2,41,0
103,3,1,2,15,0
104,3,2,1,12,0
999,9,2, ,41,4
127,4,2,2,42,0
80,2,1,2,11,0
105,3,1,2,41,0
114,4,1, ,57,0
105,3,1,2,32,0
100,3,1,2,11,0
108,3,2,2,52,0
106,4,1,2,19,0
118,4,2,1,39,0
999,9,2,1,2,9
111,4,2,2,56,0
111,4,1,2,51,0
100,3,2,2,11,0
107,3,1,2,50,0
105,4,1,2,14,0
111,4,2,2,21,0
101,3,1,1,43,0
113,4,2,2,26,0
102,3,1,3,16,0
119,4,1,2,33,0
118,4,1,2,41,0
114,4,2,3,39,0
118,4,2,2,18,0
96,3,2,2,15,0
105,3,2,2,35,0
114,4,1,2,36,0
82,2,2,3,32,0
90,2,2,2,25,0
106,4,1,2,8,0
103,3,2,2,7,0
106,3,1,2,29,0
125,4,1,1,47,0
104,3,2,3,9,0
102,3,1,2,25,0
112,4,2,2,59,0
110,4,2,2,8,0
115,4,1,2,41,0
115,4,1,2,45,0
114,4,2,2,43,0
106,3,2,2,29,0
117,4,1,2,52,0
999,9,2,2,4,9
129,4,1,2,39,0
121,4,1,2,52,0
97,2,2,2,30,0
999,9,1,3,5,9
114,4,1,3,45,0
116,4,2,3,45,0
101,3,1, ,41,0
119,4,1,1,55,0
106,4,1,2,13,0
107,3,1,2,38,0
117,4,2,2,48,0
110,4,1,2,53,0
94,2,1,2,15,0
120,4,1,2,57,0
110,4,1,2,12,0
111,4,1,2,44,0
117,4,2,2,22,0
108,4,2,2,21,0
103,3,2,1,11,0
116,4,2,2,35,0
123,4,2,2,56,0
111,4,1,2,22,0
109,4,2,2,8,0
124,4,2,2,55,0
110,4,1,2,45,0
111,4,1,1,43,0
119,4,1,3,29,0
123,4,1,2,58,0
115,4,2,3,41,0
120,4,1,3,15,0
112,4,2,3,55,0
124,4,1,3,26,0
112,4,2,3,55,0
999,9,2,2,5,9
999,9,2,2,5,9
117,4,2,2,38,0
999,9,1,3,4,9
999,9,1,2,5,9
112,4,2,2,31,0
121,4,1,2,58,0
119,4,1,2,37,0
100,3,2,2,15,0
116,4,2,2,45,0
999,9,1,3,27,4
100,3,1,2,51,0
116,4,2,2,31,0
115,4,1,3,37,0
111,4,1,2,30,0
123,4,1,3,25,0
114,4,1,1,49,0
88,2,1,1,10,0
999,9,2,2,5,9
110,4,2,2,44,0
110,4,2,2,30,0
104,3,2,2,29,0
127,4,1,2,37,0
113,4,2,3,48,0
114,4,2,2,32,0
101,3,1, ,59,0
127,4,1,2,34,0
107,3,2,1,42,0
119,4,1,3,46,0
100,3,1,2,19,0
92,2,1,2,9,0
108,3,2,2,57,0
117,4,1,2,57,0
107,3,1,2,38,0
105,4,2,2,22,0
109,4,2,2,20,0
97,3,2,2,11,0
94,2,1,1,47,0
112,4,2,2,41,0
113,4,1,1,40,0
106,3,1,2,41,0
999,9,1,2,4,9
112,4,2,1,18,0
117,4,2,2,48,0
98,3,2,2,17,0
109,4,2,1,22,0
122,4,1,2,52,0
97,3,2,2,13,0
115,4,2,2,35,0
109,4,1,2,14,0
111,4,1,2,34,0
101,3,1,2,11,0
999,9,2,2,5,9
89,2,2,2,29,0
99,3,2,2,8,0
106,4,2, ,19,0
113,4,2,1,37,0
112,4,2,1,46,0
93,2,2,1,13,0
86,2,2,1,13,0
999,9,1,1,22,6
115,4,1,2,50,0
94,2,2,2,41,0
111,4,2,2,37,0
121,4,1,2,45,0
109,3,1,2,42,0
115,4,2,2,21,0
101,3,2,2,6,0
119,4,2,1,51,0
121,4,1,2,49,0
124,4,2,2,28,0
112,4,2,2,41,0
111,4,2, ,45,0
73,2,2,2,10,0
117,4,1,1,17,0
123,4,2,2,57,0
120,4,2,2,46,0
113,4,1,2,28,0
108,3,2,2,40,0
120,4,2,2,32,0
112,4,1,2,52,0
103,3,1,2,32,0
119,4,2,3,37,0
98,3,2,3,16,0
93,2,1,2,50,0
999,9,1,2,1,9
113,4,2,3,50,0
95,3,1,3,13,0
138,4,2,0,57,0
108,3,2,1,40,0
122,4,2,2,39,0
999,9,1,2,4,9
101,3,2,2,26,0
102,3,1,2,44,0
118,4,2,2,50,0
111,4,2,1,50,0
121,4,1,2,35,0
120,4,1,2,34,0
104,3,2,2,43,0
108,4,1,3,22,0
999,9,1,3,3,9
100,3,1,3,6,0
117,4,1,1,20,0
108,4,2,2,12,0
119,4,2,2,44,0
120,4,2,2,44,0
102,3,2,2,9,0
110,4,2,1,58,0
114,4,1,2,21,0
107,4,2,2,21,0
109,3,2,2,37,0
999,9,2,2,5,9
999,9,2,2,5,9
108,3,1,2,40,0
85,2,1,1,14,0
118,4,1,2,21,0
114,4,2,2,59,0
112,4,1,2,37,0
109,3,1,2,25,0
107,3,2,2,55,0
118,4,1,2,49,0
116,4,1,3,15,0
103,3,1,2,10,0
87,2,1,2,7,0
112,4,1,2,49,0
98,2,1,2,59,0
98,2,1,2,32,0
111,4,1,1,31,0
94,2,2,1,12,0
82,2,1,2,8,0
119,4,1,2,46,0
118,4,2,2,42,0
114,4,2,2,49,0
117,4,1,2,9,0
95,2,1,2,43,0
111,4,1,1,15,0
113,4,2,2,34,0
108,3,2,1,41,0
110,4,1,2,31,0
105,3,1,2,48,0
999,9,2,2,5,9
112,4,2,2,56,0
109,3,1,2,43,0
103,3,1,2,11,0
113,4,2,2,14,0
115,4,1,2,25,0
112,4,1,0,46,0
119,4,2,1,32,0
105,3,2,2,48,0
123,4,2,2,56,0
120,4,1,2,24,0
111,4,2,2,23,0
118,4,1,1,31,0
109,3,1,2,24,0
999,9,1,2,3,9
111,4,1,3,16,0
116,4,1,2,58,0
127,4,1,2,43,0
120,4,1,2,13,0
128,4,2,1,49,0
130,4,1,2,26,0
119,4,2,2,32,0
115,4,1,2,41,0
123,4,1,2,52,0
122,4,2,2,40,0
999,9,1,2,1,9
130,4,1,2,58,0
102,3,1,2,17,0
121,4,1,2,19,0
118,4,2,2,32,0
133,4,2,2,58,0
113,4,2,1,56,0
123,4,2,2,43,0
107,3,1,3,24,0
99,2,1,2,28,0
115,4,2,2,34,0
104,3,1,2,11,0
999,9,2,2,5,9
123,4,2,2,55,0
112,4,1,1,47,0
117,4,2,1,8,0
111,4,1,2,18,0
107,3,2,2,56,0
127,4,2,3,52,0
116,4,2,3,17,0
136,4,1,2,37,0
129,4,1,2,50,0
999,9,1,2,3,9
118,4,1,2,20,0
123,4,2,2,45,0
117,4,1,2,29,0
111,4,2,2,10,0
105,3,2,2,30,0
110,4,2,3,48,0
121,4,2,2,42,0
999,9,1,2,4,9
120,4,2,2,29,0
121,4,1,2,52,0
111,4,2,3,21,0
100,3,2,2,9,0
123,4,2,2,46,0
125,4,2, ,55,0
126,4,2,2,44,0
132,4,1,2,35,0
92,2,1,2,9,0
111,4,1,3,9,0
110,4,1,2,40,0
120,4,1,3,37,0
99,2,1,3,38,0
107,4,1,3,7,0
110,4,1,3,29,0
114,4,2,1,40,0
109,3,2,2,26,0
127,4,2,2,49,0
130,4,2,2,55,0
113,4,1,2,10,0
118,4,1,2,8,0
115,4,2,3,34,0
121,4,2,3,22,0
123,4,1,2,39,0
115,4,2,2,24,0
105,4,2,3,9,0
104,3,2,2,9,0
120,4,1,3,45,0
121,4,2,2,53,0
999,9,1,2,20,4
97,3,1,2,16,0
129,4,2,2,48,0
126,4,2,2,50,0
104,3,2,2,57,0
999,9,1,2,4,9
124,4,2,2,58,0
116,4,2,2,7,0
116,4,2,2,57,0
125,4,2,2,54,0
123,4,1,2,57,0
121,4,1,2,51,0
121,4,1,2,29,0
117,4,2,2,21,0
122,4,1,2,34,0
114,4,1,2,14,0
999,9,1,2,1,9
999,9,1,2,0,9
125,4,2,3,57,0
119,4,2,3,32,0
116,4,1,2,38,0
118,4,1,2,59,0
110,4,1,2,18,0
131,4,2,2,49,0
116,4,1,2,18,0
116,4,2,2,24,0
999,9,1,2,3,9
106,4,1,2,7,0
128,4,2,2,41,0
999,9,1,2,3,9
113,4,2,2,49,0
110,4,1,2,14,0
117,4,1,2,56,0
120,4,2,2,48,0
112,4,2,2,19,0
103,3,1,2,12,0
102,3,2,2,10,0
107,3,1,2,55,0
102,3,1,2,13,0
107,3,1,2,42,0
121,4,2,2,28,0
106,3,1,2,47,0
999,9,2,2,3,9
999,9,1,2,3,9
105,3,2,3,24,0
120,4,1,2,32,0
999,9,2,2,7,4
97,3,1,2,9,0
103,3,2,2,8,0
120,4,1,2,6,0
116,4,2,2,37,0
107,3,2,2,25,0
140,4,1,2,54,0
125,4,1,2,33,0
999,9,2,3,57,4
999,9,2,3,27,4
106,3,1,2,59,0
110,4,1,2,30,0
100,3,1, ,57,0
109,3,2,2,31,0
113,4,2,2,57,0
114,4,2,2,36,0
999,9,2,3,3,9
112,4,2,3,31,0
110,4,2,2,20,0
102,3,1,3,57,0
999,9,2,3,2,9
104,3,2,3,14,0
116,4,1,2,41,0
108,4,1,2,14,0
113,4,2,2,13,0
105,3,1,2,39,0
104,3,2,3,25,0
116,4,1,3,21,0
128,4,1,2,48,0
113,4,2,2,28,0
999,9,1,3,2,9
120,4,1,2,53,0
113,4,1,2,53,0
116,4,2,0,34,0
116,4,1,1,39,0
999,9,1,1,0,9
111,4,1,1,30,0
110,4,2,2,12,0
106,3,2,2,26,0
115,4,1,3,19,0
118,4,2,3,19,0
124,4,1,1,29,0
103,3,2,2,9,0
121,4,1,2,26,0
101,3,2,2,13,0
128,4,2,1,29,0
101,3,2,1,28,0
111,4,1,2,17,0
999,9,1,1,6,6
117,4,2,1,46,0
92,2,2,2,28,0
118,4,1,3,21,0
117,4,1,2,47,0
113,4,2,1,45,0
116,4,1,2,56,0
106,3,2,2,33,0
120,4,1, ,30,0
138,4,2,2,51,0
110,4,1,3,22,0
125,4,2,2,24,0
116,4,1,2,6,0
118,4,2,3,44,0
113,4,2,2,46,0
104,3,1,2,40,0
119,4,1,2,53,0
108,3,2,2,45,0
107,3,2,2,35,0
123,4,2,2,57,0
114,4,2,2,6,0
71,2,2,2,12,0
112,4,1,1,49,0
129,4,2,2,53,0
133,4,1,2,52,0
999,9,1,2,3,9
102,3,2,1,13,0
125,4,2,2,49,0
124,4,1,2,32,0
117,4,2,3,28,0
118,4,2,3,52,0
105,3,1,2,37,0
84,2,1,2,8,0
91,2,1,2,21,0
113,4,2,1,13,0
118,4,2,2,58,0
93,2,2,2,32,0
106,4,1,2,14,0
108,4,1,2,12,0
120,4,1,2,53,0
118,4,2,2,23,0
115,4,2,2,17,0
120,4,2,2,57,0
127,4,1,2,32,0
113,4,2,2,33,0
115,4,1,2,50,0
122,4,2,2,37,0
108,4,2,2,14,0
110,4,2,2,11,0
126,4,1,2,38,0
999,9,1,2,3,9
111,4,1,2,34,0
113,4,1,2,47,0
106,4,1,2,12,0
109,3,1,1,50,0
109,4,2,2,17,0
127,4,1,2,20,0
113,4,1,2,8,0
999,9,2,2,2,9
105,4,2,2,22,0
97,3,1,1,13,0
115,4,2,2,53,0
124,4,1,2,43,0
101,3,1,2,27,0
123,4,1,1,43,0
109,3,1,1,44,0
111,4,2,1,30,0
999,9,2,1,2,9
107,4,2,2,9,0
101,3,1,2,24,0
122,4,2,2,57,0
80,2,2,2,13,0
109,3,1,2,54,0
107,3,1,2,36,0
118,4,2,2,43,0
117,4,1,2,17,0
117,4,1,2,46,0
118,4,2,2,33,0
116,4,2,2,43,0
122,4,2,2,45,0
83,2,1,2,13,0
120,4,2,2,48,0
128,4,1,2,56,0
116,4,1,2,27,0
114,4,2, ,33,0
104,3,2,2,29,0
109,3,1,2,48,0
106,3,1,2,48,0
98,3,1,2,7,0
119,4,1,2,33,0
126,4,1,2,43,0
73,2,1,2,9,0
126,4,2,2,55,0
114,4,2,2,17,0
126,4,2,2,50,0
115,4,2,2,32,0
118,4,1,2,30,0
112,4,2,2,17,0
117,4,2,1,59,0
123,4,2,1,34,0
121,4,1,2,13,0
104,3,2,3,43,0
125,4,2,2,56,0
109,3,1,3,33,0
999,9,1,3,5,9
114,4,2,2,52,0
90,2,1,2,9,0
999,9,2,3,5,9
116,4,1,3,27,0
124,4,2,2,31,0
103,3,1,2,58,0
116,4,2,2,23,0
114,4,1,1,43,0
105,4,2,3,12,0
106,4,2,2,21,0
102,3,1,3,16,0
113,4,1,2,17,0
109,3,1,2,43,0
115,4,1,2,25,0
105,3,1,3,50,0
123,4,2,2,45,0
98,3,2,2,14,0
115,4,2,2,33,0
121,4,2,2,44,0
112,4,2,2,18,0
106,3,1,2,25,0
115,4,2,2,32,0
114,4,1,2,54,0
84,2,1,2,11,0
114,4,2,3,46,0
112,4,2,3,19,0
114,4,2,2,46,0
111,4,2,2,46,0
111,4,2,2,45,0
95,3,2,2,13,0
125,4,2,1,55,0
114,4,1,2,54,0
121,4,2,2,34,0
106,4,2,2,19,0
111,4,2,2,38,0
117,4,1,2,36,0
999,9,2,2,1,9
114,4,1,2,50,0
94,2,2,2,23,0
100,3,1,1,30,0
106,4,2,2,8,0
119,4,1,2,40,0
107,3,1,1,58,0
117,4,1,1,29,0
110,4,2,1,8,0
119,4,2,2,54,0
103,3,2,2,33,0
98,2,1,2,58,0
110,4,1,2,24,0
111,4,1,2,20,0
118,4,1,2,29,0
104,3,2,2,44,0
115,4,1,1,44,0
113,4,1,2,12,0
122,4,2,2,33,0
124,4,1,2,22,0
112,4,1,2,47,0
105,3,1,2,28,0
102,3,2,2,12,0
120,4,2,0,21,0
93,2,2,2,13,0
102,3,2,2,21,0
999,9,1,2,1,9
118,4,2,2,40,0
104,3,2,2,47,0
117,4,1,2,35,0
115,4,2,2,41,0
107,4,1,1,23,0
103,3,2,1,37,0
105,4,1,1,6,0
111,4,1,2,56,0
98,3,1,1,16,0
108,3,1,2,44,0
122,4,1,2,30,0
98,3,1,1,10,0
111,4,1, ,55,0
121,4,2,2,48,0
117,4,2,2,16,0
109,4,2,2,15,0
101,3,1,2,41,0
112,4,1,2,32,0
83,2,1,2,8,0
999,9,2,2,5,9
115,4,2,1,59,0
102,3,1,1,14,0
126,4,1,1,50,0
999,9,1,1,4,9
107,3,1,1,47,0
128,4,2,1,42,0
119,4,1,1,47,0
102,3,2,1,31,0
114,4,2,1,34,0
111,4,2,2,45,0
999,9,2,2,0,9
105,3,1, ,28,0
101,3,1,2,33,0
118,4,2,3,19,0
103,3,2,2,27,0
116,4,2,3,43,0
99,3,2,2,8,0
109,4,2,2,9,0
104,3,1,1,51,0
106,3,1,1,50,0
86,2,2,2,18,0
115,4,1,2,23,0
110,4,2,2,33,0
120,4,2,2,26,0
112,4,2,1,20,0
101,3,1,3,16,0
115,4,1,2,56,0
124,4,2, ,34,0
116,4,2,2,16,0
119,4,1,2,49,0
109,3,1, ,30,0
119,4,1,2,30,0
112,4,2, ,52,0
122,4,2,2,50,0
110,4,1,2,31,0
98,2,1,2,24,0
124,4,1,2,51,0
113,4,2,2,18,0
999,9,2,2,1,9
107,3,1,2,33,0
108,3,1,2,45,0
999,9,1,3,4,9
120,4,2,3,16,0
115,4,1,3,22,0
126,4,1,3,37,0
120,4,2,3,26,0
102,3,1,3,10,0
115,4,2,3,46,0
105,3,2,3,45,0
124,4,1,3,44,0
121,4,1,2,51,0
129,4,1,3,43,0
112,4,1, ,27,0
139,4,2,2,46,0
110,4,2,2,45,0
121,4,1,2,45,0
124,4,2,3,31,0
112,4,1,2,57,0
110,4,2,2,11,0
110,4,2, ,23,0
123,4,1,3,10,0
110,4,2,2,8,0
136,4,2,3,54,0
113,4,2,2,8,0
127,4,1,3,45,0
125,4,1,2,47,0
115,4,2,2,15,0
107,4,1,3,12,0
126,4,2,2,24,0
113,4,1,2,57,0
109,3,1,2,45,0
107,4,1,2,12,0
121,4,2,2,36,0
127,4,2,2,15,0
119,4,1,2,15,0
111,4,2,3,47,0
117,4,2,2,29,0
999,9,2,2,1,9
115,4,2,3,10,0
117,4,2,2,11,0
132,4,2,1,43,0
124,4,2,2,44,0
118,4,2,2,12,0
116,4,2,2,44,0
999,9,2,2,3,9
124,4,2,2,53,0
95,3,1,2,19,0
101,3,2,2,27,0
110,4,2,2,14,0
999,9,2,3,3,9
121,4,1,3,10,0
108,4,2,2,11,0
102,3,2,3,38,0
126,4,1,3,43,0
114,4,2,2,48,0
105,3,1,2,25,0
108,3,1,2,44,0
114,4,2,2,18,0
101,3,1,2,17,0
119,4,2,2,41,0
112,4,2,2,15,0
115,4,1,3,57,0
117,4,2,2,21,0
111,4,2,1,16,0
106,3,2,2,26,0
114,4,2,2,30,0
122,4,1,2,57,0
121,4,2,2,35,0
999,9,1,2,4,9
115,4,1,2,8,0
108,3,1,3,57,0
125,4,2,3,24,0
86,2,1,3,12,0
999,9,1,2,22,4
119,4,1,2,51,0
114,4,2,2,32,0
103,3,1,2,57,0
107,4,1,2,8,0
98,3,2,2,19,0
117,4,2,2,8,0
118,4,1,2,51,0
106,4,1,2,6,0
115,4,2,2,54,0
110,4,2,3,40,0
116,4,2,2,57,0
115,4,1,3,25,0
131,4,2,2,23,0
119,4,1,2,51,0
108,4,2,2,7,0
999,9,1,2,5,9
110,4,1,1,40,0
123,4,1,2,13,0
123,4,2,2,23,0
130,4,1,2,16,0
121,4,2,2,34,0
94,2,1,2,11,0
114,4,1,3,44,0
110,4,1,3,43,0
119,4,2,2,35,0
106,3,1,1,38,0
100,3,1,1,6,0
106,4,1,2,14,0
106,4,1,2,12,0
111,4,2,1,53,0
128,4,1,2,43,0
999,9,2,2,5,9
89,2,1,2,7,0
90,2,1,1,20,0
95,2,1,1,28,0
86,2,1,2,25,0
999,9,2,3,1,9
123,4,2,3,31,0
107,4,1,2,11,0
120,4,2,2,25,0
127,4,1,2,31,0
109,3,2,2,35,0
124,4,2,2,47,0
129,4,1,2,47,0
100,3,2,2,9,0
107,3,2,2,40,0
999,9,2,2,5,9
116,4,2,2,22,0
112,4,1,2,20,0
108,3,1,2,27,0
109,3,1,2,54,0
113,4,2,2,10,0
115,4,2,2,37,0
120,4,2,2,31,0
124,4,2,2,42,0
126,4,2,2,52,0
116,4,2,2,49,0
119,4,2,3,20,0
111,4,2,3,15,0
108,4,2,2,16,0
112,4,2,2,14,0
113,4,2,3,14,0
111,4,2,2,55,0
121,4,1,2,44,0
89,2,1,2,9,0
130,4,2,2,44,0
999,9,1,2,3,9
117,4,1,2,58,0
999,9,1,2,1,9
114,4,2,2,40,0
119,4,2,3,50,0
107,4,2,2,19,0
108,3,1,2,50,0
111,4,2,2,50,0
133,4,2,3,47,0
117,4,2,2,21,0
84,2,1,2,11,0
114,4,2,2,49,0
111,4,2,2,32,0
107,4,1,3,19,0
147,4,1,2,11,0
110,4,1,2,11,0
120,4,2,2,40,0
94,2,2,2,22,0
109,3,1,1,36,0
113,4,1,3,37,0
100,3,2,3,40,0
122,4,1,2,24,0
999,9,1,1,18,4
113,4,2,2,57,0
110,4,2,3,26,0
110,4,1,2,39,0
106,3,1, ,59,0
109,3,1,2,25,0
115,4,2,2,32,0
999,9,2,2,0,9
95,3,2,2,16,0
105,3,2,2,37,0
115,4,1,2,31,0
118,4,1,2,25,0
999,9,1,3,51,4
88,2,1,3,6,0
93,2,2,2,10,0
999,9,2,3,5,9
106,4,1,3,22,0
104,3,2,2,31,0
122,4,1,2,28,0
126,4,2,2,49,0
113,4,2, ,53,0
110,4,1,2,48,0
124,4,1,1,54,0
999,9,2,2,5,9
121,4,1,3,14,0
114,4,1,2,35,0
89,2,1,2,10,0
114,4,2,3,28,0
116,4,1,2,13,0
121,4,2,2,40,0
117,4,2,2,26,0
999,9,1,2,4,9
122,4,2,2,9,0
118,4,2,2,51,0
121,4,2,2,20,0
102,3,2,3,25,0
125,4,1,2,40,0
113,4,2,2,58,0
124,4,1,2,32,0
105,4,2,2,15,0
114,4,2,2,57,0
104,3,1,2,35,0
111,4,1,2,37,0
128,4,1,2,12,0
115,4,2,2,29,0
113,4,1,3,40,0
999,9,1,2,2,9
93,2,2, ,43,0
94,2,2,2,27,0
112,4,1,2,56,0
108,4,1,2,15,0
88,2,1,2,10,0
110,4,1,2,40,0
111,4,1,2,18,0
108,4,2,2,19,0
118,4,1,2,29,0
110,4,1,2,8,0
136,4,2,2,16,0
111,4,1,2,51,0
107,4,2,2,17,0
94,2,2,1,7,0
107,3,1,2,33,0
115,4,1,2,24,0
113,4,2,2,56,0
115,4,2,2,52,0
95,2,1,2,39,0
113,4,1,2,28,0
99,3,1,2,17,0
109,3,2,2,39,0
91,2,1,2,7,0
117,4,2,0,49,0
104,3,2,1,9,0
113,4,1,2,58,0
99,2,1,2,38,0
120,4,2,1,27,0
120,4,2,2,20,0
127,4,2,2,20,0
102,3,2,2,19,0
95,2,2,1,39,0
115,4,1,1,52,0
111,4,1,1,13,0
106,3,1,1,49,0
103,3,1,1,27,0
106,4,2,2,21,0
104,3,2, ,48,0
110,4,2,1,45,0
999,9,2,1,4,9
999,9,2,1,4,9
103,3,1,2,23,0
108,4,1,2,16,0
91,2,1,1,11,0
102,3,2,2,28,0
103,3,2,2,57,0
105,4,1,1,13,0
91,2,2,1,6,0
107,3,2,1,30,0
999,9,2,2,5,9
117,4,2,1,57,0
107,4,2,2,15,0
103,3,2,1,22,0
116,4,1,2,38,0
115,4,2,2,7,0
111,4,2,2,49,0
111,4,2,3,22,0
98,2,2,2,26,0
109,3,2,3,31,0
101,3,2,3,42,0
122,4,1,3,53,0
121,4,1,3,55,0
93,2,1,3,10,0
138,4,2,2,53,0
105,4,1,2,16,0
115,4,1,2,36,0
121,4,1,3,39,0
108,4,2,2,12,0
127,4,1,2,26,0
123,4,2,2,42,0
108,3,2,2,31,0
127,4,2,3,38,0
108,4,1,2,6,0
114,4,2,3,39,0
124,4,2,2,44,0
119,4,2,2,20,0
104,3,2,3,8,0
111,4,2,2,44,0
130,4,1,2,29,0
118,4,2,2,21,0
108,3,2,2,30,0
128,4,2,3,51,0
123,4,2,2,38,0
121,4,1,2,36,0
119,4,1,2,18,0
118,4,1,2,27,0
114,4,2,2,20,0
113,4,1,2,25,0
126,4,2,2,7,0
113,4,2,2,11,0
119,4,1,1,30,0
120,4,2,2,48,0
116,4,1,2,9,0
116,4,2,2,45,0
98,3,2,1,10,0
122,4,1,2,42,0
108,3,1,3,39,0
116,4,1,2,45,0
92,2,2,2,8,0
119,4,1,2,40,0
119,4,2,2,40,0
116,4,1,2,47,0
135,4,2,3,41,0
112,4,1,2,19,0
100,3,1,2,23,0
117,4,1,2,50,0
120,4,2,3,35,0
108,3,1,3,53,0
113,4,1,3,40,0
118,4,2,3,58,0
120,4,2,3,23,0
119,4,2,1,12,0
132,4,2,2,45,0
118,4,2,3,30,0
999,9,1,2,14,4
113,4,2,2,23,0
115,4,1,3,52,0
126,4,2,2,26,0
102,3,1,3,7,0
122,4,2,2,17,0
107,3,1,2,37,0
128,4,1,3,39,0
108,3,1,1,56,0
108,3,2,2,38,0
999,9,1,2,4,9
113,4,1,2,54,0
999,9,2,2,5,9
113,4,2,3,33,0
117,4,2,1,49,0
104,3,2, ,10,0
105,3,2,2,41,0
104,3,1,2,8,0
110,4,2,1,30,0
119,4,2,1,52,0
127,4,2,1,38,0
106,3,2,2,32,0
123,4,2,2,42,0
110,4,1,2,24,0
999,9,2,2,1,9
114,4,1,2,53,0
113,4,2,1,37,0
106,3,2,2,48,0
103,3,1,1,7,0
86,2,1,2,38,0
999,9,2,2,5,9
119,4,1,2,42,0
100,3,1,1,36,0
123,4,2,1,41,0
117,4,1,1,59,0
114,4,1,1,32,0
111,4,1,1,45,0
121,4,1,1,56,0
999,9,1,2,5,9
113,4,2,1,12,0
129,4,2,1,45,0
999,9,2,1,2,9
147,4,1,1,49,0
107,3,2,1,52,0
107,3,1,1,24,0
124,4,2,1,7,0
110,4,1,2,36,0
113,4,2,2,46,0
102,3,2,2,16,0
109,3,2,1,35,0
107,3,2,1,46,0
97,2,2,1,41,0
102,3,1,1,19,0
97,3,2,2,16,0
110,4,1,2,10,0
117,4,2,3,51,0
119,4,1,3,59,0
115,4,2,2,53,0
110,4,1,2,9,0
122,4,2,2,47,0
108,4,1,2,22,0
123,4,2,2,54,0
129,4,2,3,55,0
136,4,1,3,25,0
123,4,1,2,43,0
999,9,2,2,4,9
126,4,2,3,31,0
110,4,1,2,44,0
99,3,2,2,22,0
120,4,1,2,15,0
116,4,2,2,32,0
120,4,2,2,26,0
105,4,1,2,17,0
108,3,2,2,37,0
122,4,2,2,34,0
122,4,1,2,17,0
116,4,1,3,15,0
119,4,2,3,23,0
115,4,1,3,11,0
123,4,2,2,51,0
113,4,1,2,55,0
999,9,1,3,11,4
999,9,1,2,14,4
101,3,2,1,11,0
105,4,1,2,13,0
98,3,2,2,15,0
999,9,2,1,3,9
98,3,1,2,10,0
130,4,1,2,27,0
115,4,2,2,34,0
116,4,1,1,34,0
103,3,1,2,35,0
120,4,1,2,58,0
125,4,1,2,58,0
118,4,1,2,26,0
126,4,1,2,43,0
127,4,2,3,23,0
999,9,2,3,44,4
999,9,2,3,25,4
116,4,2,3,34,0
118,4,1,3,33,0
123,4,2,3,11,0
999,9,1,2,20,4
118,4,1,2,43,0
132,4,1,2,49,0
999,9,2,2,3,9
113,4,2,3,51,0
119,4,2,2,37,0
116,4,1,2,45,0
114,4,1,2,30,0
115,4,2,2,24,0
116,4,2,2,57,0
105,3,1,3,36,0
115,4,1,1,20,0
999,9,2,2,4,9
115,4,1,3,20,0
999,9,2,3,2,9
108,4,2,2,7,0
129,4,1,2,10,0
97,3,2,1,8,0
123,4,1,2,33,0
106,3,2,3,39,0
999,9,2,2,4,9
119,4,2,2,45,0
122,4,1,2,40,0
999,9,2,2,22,4
117,4,1,3,45,0
116,4,1,2,45,0
111,4,1,2,8,0
120,4,1,2,11,0
117,4,2,2,40,0
96,3,2,2,21,0
999,9,1,2,3,9
110,4,2,2,47,0
110,4,2,2,43,0
105,3,1,2,36,0
101,3,1,2,12,0
129,4,2,2,54,0
999,9,2,2,4,9
119,4,1,2,38,0
999,9,1,2,2,9
103,3,1,2,9,0
111,4,2,2,32,0
111,4,1,2,32,0
106,3,2,2,31,0
118,4,2,2,39,0
115,4,2,1,47,0
111,4,2,1,34,0
114,4,2,1,13,0
85,2,1,2,8,0
97,2,2,1,34,0
116,4,2,1,36,0
115,4,1,1,14,0
89,2,2,1,15,0
110,4,2,1,29,0
86,2,2,1,39,0
79,2,1,1,19,0
121,4,2,1,43,0
104,3,1, ,55,0
107,3,2,1,34,0
111,4,2,1,53,0
112,4,2,1,31,0
999,9,1,1,1,9
999,9,2,1,3,9
106,3,1, ,57,0
91,2,1, ,30,0
104,3,1,1,42,0
174,4,2,3,23,0
122,4,2,2,41,0
117,4,2,2,58,0
96,2,1,2,30,0
119,4,1,2,32,0
106,4,1,2,19,0
114,4,1,1,35,0
999,9,1,2,5,9
93,2,1,2,10,0
115,4,1,2,30,0
999,9,1,2,4,9
113,4,1,2,34,0
127,4,1,2,44,0
118,4,2,3,24,0
999,9,1,3,1,9
127,4,1,3,37,0
125,4,2,2,50,0
117,4,1,2,47,0
116,4,1,2,20,0
110,4,2,2,37,0
110,4,1,3,27,0
999,9,2,2,4,9
105,4,2,2,12,0
113,4,2,2,25,0
117,4,2,2,42,0
114,4,1,2,48,0
109,3,1,3,27,0
129,4,1,2,58,0
95,3,1,2,10,0
117,4,2,3,20,0
108,3,1,2,35,0
116,4,1,3,18,0
91,2,1,2,10,0
124,4,1,2,24,0
93,2,1,2,8,0
126,4,1,2,51,0
126,4,1,2,44,0
101,3,1,2,12,0
104,3,1,2,7,0
94,2,2,3,7,0
124,4,1,2,28,0
117,4,2,3,13,0
126,4,1,3,56,0
127,4,1,3,9,0
125,4,1,2,20,0
124,4,1,2,47,0
114,4,2,2,6,0
121,4,2,3,58,0
118,4,1,2,16,0
999,9,1,3,5,9
114,4,2,2,18,0
122,4,2,2,47,0
100,3,1,2,55,0
111,4,2,2,6,0
118,4,2,2,39,0
109,4,1,3,18,0
115,4,1,3,55,0
117,4,1,2,58,0
114,4,1,2,55,0
122,4,2,2,44,0
136,4,2,2,8,0
115,4,1,1,38,0
999,9,2,1,4,9
999,9,2,1,4,9
112,4,2,2,44,0
999,9,2,2,3,9
114,4,2,2,57,0
117,4,1,2,27,0
120,4,1,3,17,0
112,4,1,3,27,0
109,4,2,2,9,0
106,4,1,3,6,0
118,4,1,2,34,0
118,4,2,2,49,0
108,3,2,2,26,0
103,3,1,1,52,0
120,4,1,2,41,0
116,4,2,2,19,0
138,4,1,2,15,0
122,4,1,2,53,0
119,4,1,2,34,0
128,4,2,2,40,0
109,4,1,2,23,0
95,3,2,2,6,0
115,4,2,2,29,0
999,9,2,2,5,9
125,4,2,2,29,0
115,4,1,2,59,0
114,4,2,2,20,0
119,4,2,2,40,0
116,4,1,2,52,0
118,4,1,2,18,0
115,4,1,2,40,0
115,4,2,2,26,0
119,4,2,2,58,0
110,4,1,3,18,0
95,3,1,3,12,0
109,3,1,2,28,0
108,3,1,2,28,0
102,3,2,3,46,0
111,4,2,3,7,0
124,4,1,2,11,0
115,4,2,3,38,0
96,3,2,2,7,0
126,4,1,2,49,0
122,4,1,2,7,0
999,9,1,2,5,9
106,3,2,1,54,0
123,4,2,2,29,0
124,4,2,2,27,0
102,3,1,3,15,0
126,4,2,2,48,0
110,4,1,2,41,0
119,4,1,2,48,0
129,4,1,1,26,0
100,3,1,1,25,0
111,4,2,3,44,0
116,4,2,3,18,0
126,4,1,2,59,0
121,4,1,2,36,0
95,3,1,2,19,0
116,4,1,3,43,0
999,9,1,2,52,4
118,4,2,3,33,0
120,4,2,2,52,0
111,4,1,3,34,0
88,2,2,3,8,0
999,9,1,2,56,4
115,4,1,2,43,0
103,3,2,2,44,0
100,3,1,2,11,0
119,4,2,2,24,0
124,4,2,2,44,0
122,4,1, ,49,0
123,4,2,2,47,0
98,3,1,2,11,0
112,4,1,2,11,0
999,9,1,2,2,9
115,4,2,3,32,0
111,4,1,2,24,0
999,9,2,2,5,9
116,4,2,2,34,0
129,4,1,2,20,0
999,9,2,2,3,9
113,4,2,3,31,0
114,4,1,2,25,0
117,4,2,3,50,0
110,4,2,2,53,0
119,4,2,2,28,0
101,3,2,2,8,0
125,4,2,2,39,0
999,9,1,2,4,9
115,4,1,2,56,0
88,2,1,2,9,0
116,4,2,2,51,0
99,3,1,2,13,0
106,3,1,2,40,0
116,4,1,3,17,0
109,3,1,3,42,0
110,4,1,3,29,0
126,4,2,2,15,0
105,3,1,2,38,0
106,3,2,2,38,0
101,3,1,2,6,0
136,4,2,2,32,0
109,4,2,2,13,0
108,4,1,3,7,0
999,9,2,3,4,9
121,4,2,2,39,0
116,4,1,2,57,0
107,4,2,2,10,0
123,4,1,2,28,0
999,9,2,2,5,9
999,9,2,2,4,9
98,3,2,2,14,0
125,4,2,2,58,0
124,4,2,2,58,0
112,4,1,2,7,0
115,4,1,3,8,0
118,4,1,2,32,0
120,4,1,2,21,0
105,3,2,2,25,0
999,9,2,2,1,9
118,4,2,3,48,0
999,9,1,3,0,9
118,4,2,2,30,0
118,4,2,3,31,0
118,4,2,3,13,0
131,4,1,3,39,0
138,4,1,3,49,0
112,4,1,3,49,0
91,2,2,3,32,0
999,9,2,3,5,9
126,4,2,2,42,0
122,4,2,2,59,0
105,4,2,2,10,0
110,4,1,2,8,0
119,4,2,2,42,0
122,4,1,2,41,0
108,3,2,3,59,0
122,4,1,2,40,0
111,4,1, ,34,0
125,4,2,2,46,0
131,4,1,3,30,0
107,4,1,3,6,0
134,4,2,2,53,0
125,4,1,2,18,0
113,4,2,3,15,0
119,4,2,3,15,0
999,9,1,3,4,9
118,4,2,2,42,0
117,4,2,2,52,0
116,4,1,2,40,0
120,4,2,2,56,0
122,4,1,1,55,0
133,4,2,2,47,0
118,4,2,2,12,0
117,4,1,2,56,0
121,4,1,3,48,0
999,9,1,2,4,9
128,4,2,2,19,0
114,4,1,2,40,0
110,4,2,2,31,0
103,3,2,2,10,0
114,4,1,2,50,0
120,4,1,2,36,0
110,4,2,2,51,0
109,3,2,1,37,0
111,4,1, ,50,0
103,3,2,2,45,0
129,4,2,2,34,0
102,3,2,2,9,0
117,4,1,2,50,0
122,4,1,2,46,0
104,3,1,2,9,0
123,4,1,2,34,0
86,2,2,2,44,0
133,4,2,2,22,0
123,4,1,2,19,0
109,3,2,2,47,0
120,4,2,2,27,0
111,4,1,2,9,0
110,4,2,1,6,0
100,3,1,2,32,0
111,4,1,3,13,0
999,9,1,1,49,4
115,4,2,2,57,0
94,2,1,2,6,0
118,4,2,2,45,0
112,4,1,2,57,0
999,9,2,2,37,6
124,4,2,2,40,0
112,4,2,2,13,0
999,9,1, ,25,4
120,4,1,2,38,0
999,9,2,3,4,9
108,4,1,1,14,0
110,4,1,2,57,0
113,4,2,2,11,0
999,9,2,3,13,4
100,3,1,2,7,0
116,4,2,2,14,0
95,3,2,2,10,0
92,2,1,2,10,0
112,4,1,2,54,0
118,4,2,2,31,0
107,3,2,2,43,0
123,4,2,2,57,0
111,4,1,2,36,0
120,4,1,2,23,0
999,9,2,3,5,9
109,3,1,2,44,0
104,3,1,2,16,0
111,4,1,2,21,0
999,9,2,3,5,9
104,3,2,3,38,0
103,3,1,2,19,0
122,4,1,2,32,0
111,4,2,2,16,0
130,4,2,2,22,0
999,9,1,2,3,9
126,4,2,3,47,0
999,9,2,3,3,9
127,4,1,2,43,0
107,4,1,2,9,0
95,3,2,2,7,0
96,3,1,3,10,0
113,4,2,2,26,0
119,4,1,3,25,0
97,3,1,3,11,0
120,4,1,2,32,0
102,3,2,2,33,0
121,4,2,3,16,0
116,4,2,3,47,0
104,3,1,2,46,0
114,4,2,2,25,0
112,4,1,3,57,0
106,4,2,3,21,0
999,9,1,3,1,9
91,2,2,2,25,0
121,4,2,2,46,0
110,4,2,2,37,0
100,3,1,3,11,0
111,4,2,2,38,0
999,9,2,2,1,9
113,4,2,3,42,0
111,4,2,3,38,0
113,4,2,3,29,0
118,4,2,3,44,0
115,4,2,3,24,0
124,4,1,2,55,0
93,2,1,2,11,0
116,4,2,2,21,0
112,4,1,2,51,0
105,3,2,2,49,0
115,4,1,2,57,0
109,4,1,2,13,0
126,4,1,2,48,0
112,4,1,2,22,0
94,2,1,2,11,0
122,4,2,2,21,0
126,4,1,2,56,0
114,4,2,2,35,0
999,9,1,2,5,9
112,4,1,2,38,0
101,3,1, ,37,0
114,4,2,3,54,0
999,9,1,2,1,9
114,4,1,2,53,0
113,4,2,2,34,0
111,4,1,3,6,0
999,9,1,2,1,9
116,4,2,2,33,0
119,4,2,2,40,0
109,3,1,2,48,0
107,3,1,1,41,0
123,4,1,2,59,0
114,4,2,2,22,0
113,4,2,2,36,0
113,4,1,2,6,0
120,4,2,2,7,0
108,4,2,3,17,0
108,4,1,3,15,0
127,4,1,2,52,0
117,4,2,3,34,0
113,4,1,2,14,0
121,4,1,2,55,0
121,4,2,1,52,0
116,4,1,1,31,0
107,3,2,2,26,0
114,4,1,2,7,0
98,3,2,2,16,0
111,4,1,2,49,0
116,4,1,2,32,0
116,4,1,1,57,0
120,4,1,2,27,0
102,3,2,1,49,0
88,2,1,1,20,0
109,4,2,2,18,0
122,4,1,0,32,0
93,2,2,2,30,0
117,4,2,3,21,0
122,4,2,2,28,0
999,9,1,2,2,9
96,3,2,2,6,0
114,4,1,1,36,0
120,4,1,1,58,0
106,3,2,3,35,0
101,3,2,3,14,0
120,4,1,2,42,0
127,4,1,2,49,0
118,4,2,1,49,0
84,2,1, ,36,0
119,4,2,2,47,0
125,4,1,1,26,0
126,4,2,2,19,0
105,4,2,2,7,0
94,2,1,2,12,0
107,3,2,2,42,0
110,4,2,2,56,0
108,3,2,2,37,0
111,4,2,1,16,0
135,4,1,2,38,0
109,3,2,2,47,0
118,4,1,3,53,0
999,9,2,2,3,9
110,4,2,2,37,0
109,4,2,2,8,0
104,3,1,2,14,0
116,4,2,2,52,0
110,4,2,3,26,0
113,4,2,2,19,0
131,4,1,2,37,0
110,4,1,2,24,0
114,4,1,3,47,0
113,4,1,2,20,0
132,4,2,3,36,0
120,4,1,2,28,0
124,4,2,3,54,0
111,4,2,3,34,0
123,4,1,2,12,0
103,3,1,2,15,0
109,3,2,2,56,0
117,4,1,2,33,0
116,4,1,1,52,0
116,4,2,2,46,0
112,4,1,2,21,0
104,3,1,2,58,0
103,3,2,2,36,0
109,4,1,2,20,0
107,3,1,2,35,0
100,3,1,3,50,0
111,4,1, ,39,0
123,4,1,2,46,0
106,3,1,2,44,0
122,4,2,2,43,0
108,3,1,2,35,0
103,3,1,2,48,0
89,2,2,2,22,0
120,4,1,2,10,0
106,3,2,2,39,0
121,4,2,2,57,0
97,2,1,2,47,0
114,4,2,2,26,0
115,4,1, ,30,0
112,4,2,1,50,0
109,3,1, ,26,0
115,4,1,2,56,0
999,9,1,2,0,9
107,3,2,3,28,0
102,3,2,2,6,0
104,3,1,2,8,0
115,4,1,2,26,0
999,9,2,2,3,9
95,3,2,3,16,0
108,4,1,2,19,0
113,4,1,2,34,0
122,4,1,2,43,0
128,4,2,2,51,0
122,4,2,2,32,0
140,4,1,2,55,0
999,9,2,2,0,9
115,4,2,2,34,0
133,4,1,2,43,0
123,4,2,2,43,0
101,3,2, ,54,0
119,4,1,2,27,0
109,3,2,2,50,0
118,4,2,2,51,0
124,4,2,2,30,0
110,4,2,3,8,0
121,4,2,2,56,0
110,4,2,2,31,0
105,4,2,2,19,0
111,4,2,2,17,0
134,4,2,2,39,0
125,4,2, ,50,0
118,4,1,2,24,0
115,4,2,3,38,0
135,4,1,2,10,0
116,4,2,2,42,0
999,9,1,2,1,9
103,3,1,2,20,0
117,4,2,2,25,0
104,3,1,2,36,0
109,3,2, ,46,0
78,2,1,2,10,0
112,4,1,1,43,0
109,4,1,1,13,0
120,4,1,2,38,0
115,4,2,2,14,0
119,4,2,2,55,0
97,2,1,2,37,0
999,9,2,2,2,9
120,4,1,2,12,0
103,3,1,2,21,0
999,9,2,2,1,9
117,4,1,1,36,0
108,3,2,2,30,0
98,3,2,2,7,0
113,4,2,1,33,0
84,2,1,1,9,0
112,4,2,1,54,0
109,4,2,1,21,0
116,4,2,2,32,0
101,3,2,1,23,0
112,4,1,2,41,0
116,4,2, ,41,0
92,2,2,1,49,0
109,3,2,1,49,0
95,2,1,1,59,0
125,4,2,2,35,0
110,4,1,2,38,0
109,3,1, ,37,0
99,2,1,2,46,0
999,9,1,2,5,9
110,4,1,2,20,0
111,4,2,1,20,0
104,3,2,2,29,0
110,4,2,1,6,0
116,4,1,2,51,0
123,4,1,2,29,0
123,4,2,1,59,0
98,3,1,1,10,0
112,4,1,1,50,0
112,4,2,2,31,0
93,2,2,1,7,0
110,4,2, ,39,0
124,4,1,2,26,0
109,4,2,2,14,0
108,3,2,1,57,0
108,3,2,1,25,0
103,3,1,2,58,0
107,4,2,2,15,0
108,3,2,1,41,0
110,4,1,1,35,0
90,2,2,1,40,0
999,9,1,1,0,9
105,3,1,1,42,0
123,4,2,1,26,0
999,9,1,1,2,9
112,4,1,2,33,0
111,4,1,2,46,0
107,3,1,1,44,0
106,3,1,2,51,0
90,2,1,2,17,0
93,2,2,1,47,0
999,9,2,1,1,9
119,4,2,1,33,0
98,3,2,2,18,0
120,4,1,1,43,0
113,4,2,2,42,0
98,2,1,2,57,0
999,9,2,3,52,3
999,9,1,3,16,3
107,4,1,2,9,0
111,4,2,2,33,0
102,3,2,2,25,0
999,9,2,2,5,9
120,4,2,2,59,0
119,4,1,2,24,0
119,4,2,2,10,0
111,4,2,3,59,0
95,3,1,2,9,0
121,4,2,2,35,0
114,4,2,2,19,0
94,2,1,2,23,0
113,4,2,3,52,0
999,9,2,3,3,9
108,3,1,3,26,0
117,4,2,3,57,0
122,4,2,3,57,0
115,4,2,3,51,0
113,4,2,3,51,0
97,3,2,2,7,0
121,4,1,2,35,0
999,9,1,2,5,9
126,4,2,2,48,0
112,4,2,2,56,0
114,4,1,2,49,0
999,9,2,2,2,9
115,4,2,2,36,0
109,4,2,2,13,0
112,4,1,3,13,0
98,3,2,2,12,0
77,2,1,2,11,0
117,4,1,3,45,0
112,4,1,3,18,0
111,4,2,2,17,0
112,4,1,2,54,0
106,4,1,2,20,0
107,4,2,2,21,0
107,3,2,2,54,0
96,2,1,3,34,0
112,4,1,2,41,0
105,4,2,2,23,0
121,4,1,2,55,0
112,4,1,2,51,0
106,4,2,3,11,0
123,4,2,2,39,0
103,3,1,2,9,0
115,4,1,2,16,0
113,4,2,2,58,0
124,4,2,2,43,0
105,3,2,2,47,0
121,4,2,3,53,0
119,4,1,2,50,0
126,4,2,2,31,0
127,4,2,3,36,0
105,4,1,3,16,0
104,3,2, ,36,0
112,4,2,2,21,0
92,2,2,2,7,0
99,3,2,2,22,0
122,4,1,2,28,0
103,3,1,2,8,0
112,4,1,2,17,0
100,3,1,2,55,0
123,4,2,2,32,0
115,4,2,2,48,0
108,4,2,2,20,0
999,9,1,2,4,9
111,4,1,2,13,0
110,4,2,0,42,0
117,4,1,1,40,0
112,4,2,2,27,0
114,4,2,2,29,0
111,4,1,2,39,0
112,4,1,0,28,0
124,4,1,1,37,0
121,4,1,2,44,0
92,2,2,2,6,0
112,4,2,1,45,0
122,4,2,1,40,0
101,3,1,1,14,0
123,4,2,2,28,0
121,4,2,2,25,0
129,4,1,3,55,0
999,9,2,3,1,9
115,4,1,2,47,0
110,4,1,2,11,0
127,4,2,2,37,0
102,3,1,3,51,0
114,4,1,2,42,0
139,4,2,2,32,0
143,4,2,3,46,0
113,4,1,2,27,0
129,4,2,2,26,0
143,4,2,2,26,0
108,3,2,2,40,0
106,3,2,1,52,0
114,4,1,3,37,0
120,4,1,2,34,0
129,4,2,0,42,0
105,3,2,1,50,0
105,3,1,1,53,0
95,3,2,1,11,0
115,4,2,2,30,0
111,4,2,2,12,0
109,3,1,1,31,0
102,3,1,2,31,0
109,3,1,2,35,0
114,4,2,2,47,0
105,3,2,2,56,0
102,3,2,2,9,0
128,4,2,2,56,0
106,3,2,2,37,0
104,3,2,2,12,0
97,2,1,2,38,0
107,3,1,2,44,0
999,9,1,2,0,9
108,3,1,2,29,0
125,4,1,2,40,0
119,4,2,2,11,0
103,3,1,2,48,0
121,4,2,2,52,0
104,3,2,3,42,0
74,2,1,3,16,0
106,3,2, ,38,0
113,4,2,3,8,0
120,4,2,2,27,0
107,4,1,2,14,0
112,4,2,3,7,0
116,4,1,2,41,0
999,9,2,3,5,9
122,4,1,3,46,0
121,4,2,2,37,0
105,3,2,2,36,0
124,4,2,3,38,0
111,4,1,2,52,0
117,4,2,1,41,0
124,4,2,2,58,0
113,4,1,3,58,0
117,4,1,3,38,0
114,4,1,3,58,0
120,4,1,3,30,0
123,4,1,3,49,0
104,3,2,3,17,0
999,9,2,2,0,9
127,4,2,2,25,0
104,3,1,2,48,0
114,4,1,2,27,0
114,4,1,2,48,0
84,2,1,2,23,0
104,3,1,2,18,0
129,4,2,2,45,0
101,3,1,2,7,0
128,4,1,3,51,0
125,4,2,3,55,0
114,4,2,2,31,0
117,4,1,2,45,0
118,4,1,2,16,0
999,9,1,2,4,9
112,4,1,2,53,0
124,4,2,3,31,0
116,4,2,3,58,0
117,4,2,3,9,0
110,4,1,3,25,0
108,4,1,2,18,0
116,4,1,3,46,0
999,9,2,1,4,9
125,4,2,3,50,0
117,4,1,2,42,0
105,4,2,2,10,0
118,4,2,2,41,0
122,4,1,2,45,0
118,4,2,3,59,0
116,4,1,2,39,0
999,9,2,2,2,9
112,4,1,2,36,0
90,2,1,3,13,0
123,4,2,2,33,0
128,4,1, ,59,0
123,4,1,2,39,0
126,4,1,2,33,0
112,4,2,2,55,0
122,4,1,2,24,0
131,4,1,2,59,0
118,4,1,3,58,0
123,4,1,2,41,0
117,4,1,2,19,0
116,4,1,2,16,0
108,4,2,1,8,0
124,4,2,2,6,0
116,4,2,2,53,0
115,4,1,3,11,0
135,4,2,3,32,0
125,4,2,3,6,0
117,4,2,2,6,0
123,4,1,2,38,0
118,4,2,3,34,0
120,4,2,2,49,0
119,4,1,2,46,0
999,9,2,2,3,9
129,4,1,2,44,0
93,2,1,2,46,0
90,2,2,2,8,0
118,4,1,3,49,0
99,3,1,3,13,0
113,4,1,2,30,0
124,4,1,3,41,0
129,4,1,3,44,0
122,4,1,2,43,0
111,4,2,1,43,0
129,4,1,3,57,0
131,4,2,2,42,0
999,9,2,2,44,4
124,4,2,2,33,0
101,3,1,2,7,0
132,4,1,2,6,0
93,2,1,2,8,0
141,4,1,3,58,0
129,4,2,3,18,0
124,4,2,2,58,0
999,9,2,2,1,9
999,9,2,2,1,9
119,4,2,2,57,0
112,4,2,2,44,0
99,3,1,3,6,0
116,4,2, ,44,0
101,3,1,2,30,0
125,4,1,3,24,0
105,4,1,3,22,0
95,3,2,2,14,0
107,3,2,2,36,0
115,4,1,2,24,0
128,4,1, ,57,0
133,4,1,2,29,0
999,9,1,2,3,9
96,3,1,2,21,0
120,4,2,2,49,0
104,3,2,2,38,0
999,9,1,3,4,9
115,4,1,2,34,0
97,3,1,2,16,0
96,2,2,3,40,0
105,4,1,2,7,0
108,4,2,2,17,0
114,4,2,3,43,0
104,3,2,2,26,0
115,4,2,3,14,0
115,4,1,1,43,0
116,4,2,3,32,0
113,4,2,3,52,0
118,4,2,1,39,0
113,4,2,1,49,0
118,4,2,2,42,0
122,4,1,2,24,0
112,4,2, ,46,0
115,4,1,1,17,0
107,3,1,2,50,0
116,4,1,2,22,0
100,3,1,1,9,0
93,2,2,2,15,0
115,4,2,1,51,0
109,4,2,1,15,0
111,4,1,2,41,0
119,4,2,2,41,0
125,4,2,3,57,0
96,3,2,3,11,0
113,4,2,2,40,0
97,3,2,3,7,0
115,4,1,2,40,0
999,9,1,2,2,9
100,3,2,2,35,0
109,4,1,2,7,0
109,3,1,2,38,0
999,9,1,3,1,9
105,4,2,2,17,0
110,4,2,1,39,0
999,9,1,2,44,4
107,3,1,1,46,0
116,4,1,2,54,0
87,2,1,1,15,0
106,3,1,2,41,0
114,4,1,2,36,0
999,9,1,3,3,9
119,4,2,2,51,0
111,4,2,2,19,0
125,4,2,2,52,0
999,9,2,2,2,9
124,4,2,2,42,0
118,4,2,2,26,0
124,4,1,2,30,0
107,4,1,2,15,0
123,4,2,2,33,0
999,9,2,2,5,9
121,4,1,3,39,0
117,4,2,1,55,0
110,4,1,2,36,0
110,4,2,1,8,0
113,4,1,3,16,0
123,4,1,2,41,0
98,3,2,2,10,0
112,4,1,2,50,0
999,9,2,3,8,4
106,4,1,3,8,0
101,3,2,2,40,0
94,2,1,2,32,0
150,4,2,2,57,0
111,4,2,2,31,0
116,4,1,2,44,0
95,2,2,2,25,0
128,4,1,2,33,0
91,2,2,2,8,0
111,4,2,3,18,0
131,4,1,2,56,0
116,4,1,2,28,0
999,9,2, ,46,4
999,9,2,2,3,9
108,3,2,2,58,0
122,4,2,2,45,0
115,4,2,2,59,0
107,4,2,2,12,0
999,9,1,2,2,9
115,4,2,3,17,0
114,4,2,3,14,0
113,4,2,2,51,0
98,2,2,2,42,0
124,4,1,2,40,0
107,3,1,2,24,0
136,4,2,2,20,0
136,4,2,2,20,0
115,4,1,2,54,0
115,4,1,2,59,0
119,4,2,2,20,0
110,4,1,2,58,0
999,9,1,2,2,9
105,4,1,3,23,0
112,4,1,1,34,0
106,3,2,2,45,0
119,4,1,2,51,0
121,4,1,2,51,0
127,4,2,2,45,0
123,4,2,2,9,0
116,4,2,2,44,0
102,3,2,2,15,0
137,4,2,2,54,0
105,3,1,3,38,0
99,3,2,2,11,0
128,4,1,2,29,0
137,4,2,2,36,0
144,4,2,2,7,0
122,4,1,3,53,0
117,4,2,3,43,0
124,4,2,2,59,0
999,9,2,2,1,9
111,4,2,2,38,0
117,4,2,2,55,0
112,4,2,2,16,0
108,3,1,2,55,0
130,4,2,2,57,0
118,4,1,2,36,0
118,4,2,2,52,0
108,4,1,2,20,0
108,3,1,2,51,0
113,4,1,2,44,0
114,4,2,2,47,0
103,3,1,1,28,0
120,4,1,1,47,0
118,4,2,1,51,0
110,4,1,2,53,0
127,4,2,2,53,0
121,4,1,2,30,0
109,4,2,2,20,0
113,4,2,2,58,0
106,3,2,1,38,0
102,3,1,2,16,0
117,4,1,1,50,0
105,3,1,2,57,0
115,4,2,2,43,0
103,3,1,2,13,0
101,3,1,2,7,0
133,4,1,1,39,0
109,3,1,2,32,0
117,4,2,2,56,0
105,4,2,2,18,0
118,4,2,2,40,0
112,4,2,1,26,0
999,9,2,2,7,4
115,4,2,2,27,0
128,4,2,2,58,0
119,4,1,2,46,0
999,9,2,2,0,9
119,4,2,2,32,0
111,4,1,3,20,0
106,4,1,2,12,0
118,4,2,2,32,0
108,4,1,2,18,0
132,4,2,1,54,0
113,4,2,2,12,0
124,4,2,2,36,0
115,4,1,2,32,0
116,4,1,2,36,0
125,4,1,1,53,0
111,4,1,1,7,0
109,3,2,2,38,0
101,3,2,2,28,0
100,3,2,2,8,0
105,4,2,1,18,0
111,4,2,2,28,0
93,2,1,2,14,0
131,4,1,2,37,0
118,4,1,2,50,0
112,4,2,2,22,0
116,4,2,1,44,0
129,4,2, ,27,0
129,4,2,2,22,0
999,9,2,2,2,9
112,4,2,2,7,0
111,4,2,1,7,0
109,4,2,2,14,0
121,4,2,2,50,0
99,2,1,1,57,0
114,4,1,1,49,0
109,3,2,1,25,0
999,9,2,1,1,9
106,3,2,1,42,0
107,4,1,1,23,0
112,4,2,2,35,0
999,9,2,1,5,9
118,4,1,1,10,0
107,3,1, ,24,0
113,4,2, ,33,0
94,2,2,2,8,0
100,3,1,2,34,0
110,4,1,2,8,0
111,4,1,2,38,0
115,4,1,0,7,0
116,4,2,2,31,0
116,4,2,2,43,0
102,3,2,2,14,0
122,4,2,3,25,0
99,2,1,3,35,0
123,4,2,3,7,0
105,3,1,3,57,0
999,9,2,3,4,9
122,4,1,2,55,0
115,4,2,2,12,0
999,9,1,2,2,9
999,9,1,2,4,9
109,3,1, ,54,0
114,4,1,2,24,0
115,4,2,2,45,0
111,4,1,1,57,0
110,4,1,1,53,0
116,4,1,2,51,0
112,4,2,2,54,0
107,4,2,2,23,0
115,4,2,2,52,0
113,4,1,2,31,0
110,4,2,1,44,0
122,4,1,2,39,0
118,4,1,2,31,0
999,9,1,2,3,9
121,4,1,2,56,0
107,3,2,3,25,0
99,3,2,2,23,0
96,3,2,2,22,0
125,4,1,2,17,0
119,4,2,2,45,0
76,2,1,2,10,0
87,2,1,2,9,0
108,3,1,2,55,0
85,2,1,2,12,0
999,9,2,2,53,3
999,9,1,2,53,3
112,4,1,2,43,0
104,3,2,2,25,0
999,9,2,1,36,4
118,4,1,2,47,0
108,4,1,2,18,0
135,4,1,2,49,0
106,3,2,2,34,0
104,3,1,3,32,0
101,3,1,2,32,0
102,3,2,2,17,0
106,3,2,2,28,0
103,3,1,2,57,0
115,4,1,2,38,0
119,4,2,2,20,0
107,3,1,1,38,0
999,9,1,1,4,9
109,3,2,3,52,0
100,3,1,3,18,0
112,4,2,1,57,0
107,3,2,1,37,0
79,2,1,2,16,0
113,4,2,2,33,0
96,2,1,2,26,0
106,3,1,2,32,0
128,4,2,2,10,0
109,4,2,3,20,0
117,4,1,2,34,0
96,3,1,2,14,0
106,3,1,2,52,0
110,4,1,2,22,0
999,9,2,2,2,9
119,4,1, ,40,0
115,4,1,0,57,0
93,2,1,1,13,0
116,4,2,2,59,0
107,3,1,1,49,0
115,4,1,2,54,0
97,3,1,2,9,0
108,3,1,2,50,0
113,4,2,2,33,0
131,4,1,2,24,0
103,3,1,2,40,0
121,4,1,2,22,0
113,4,1,2,41,0
90,2,2,2,11,0
105,3,1,2,44,0
58,1,2,2,19,0
105,3,1,2,59,0
999,9,1,1,3,9
113,4,2,2,39,0
102,3,1,1,56,0
109,3,2,2,34,0
114,4,2,1,26,0
99,3,2,1,11,0
107,3,1,2,40,0
109,3,1,1,41,0
111,4,1,1,6,0
95,3,1,2,9,0
111,4,2,2,33,0
999,9,1,2,3,9
999,9,2,2,4,9
113,4,1,3,28,0
125,4,2,3,18,0
98,3,1,2,10,0
119,4,1,3,20,0
118,4,1,3,50,0
112,4,1, ,47,0
107,4,2, ,16,0
999,9,2,2,2,9
112,4,2,2,41,0
115,4,2,3,45,0
122,4,2,1,52,0
116,4,2,2,26,0
128,4,2,2,33,0
117,4,2,0,32,0
999,9,1,2,2,9
97,3,1,2,9,0
107,3,2,2,44,0
116,4,1,2,26,0
104,3,2,2,50,0
999,9,2,2,1,9
122,4,1,2,56,0
95,3,2,3,13,0
109,3,1,3,38,0
107,3,1,2,43,0
108,3,2,2,46,0
112,4,1,2,31,0
111,4,1,2,40,0
116,4,2,1,52,0
118,4,2, ,38,0
123,4,2,1,50,0
111,4,1,1,19,0
110,4,2,2,40,0
105,3,1,2,57,0
116,4,2,2,6,0
117,4,1,1,59,0
101,3,1,1,16,0
124,4,1,2,58,0
98,3,2,2,15,0
102,3,2,2,32,0
999,9,2,2,40,4
121,4,1,2,43,0
110,4,2,2,36,0
97,2,1,2,38,0
112,4,1,3,8,0
119,4,1,3,26,0
123,4,1,2,35,0
116,4,1,3,29,0
111,4,2,2,6,0
111,4,2,2,6,0
120,4,1,3,24,0
120,4,2,3,7,0
118,4,2,1,38,0
110,4,2,2,27,0
104,3,2,1,19,0
128,4,2,3,29,0
119,4,2,3,6,0
96,3,2,1,22,0
114,4,2,2,11,0
108,4,2,1,9,0
93,2,2,2,8,0
128,4,1,1,17,0
114,4,2,1,14,0
114,4,2,2,35,0
104,3,1,2,11,0
117,4,1,2,42,0
118,4,2,2,39,0
90,2,2,2,11,0
104,3,2,1,8,0
105,3,1,1,48,0
101,3,1,1,29,0
111,4,2,1,52,0
104,3,1,1,15,0
96,2,1, ,32,0
999,9,1,3,4,9
999,9,1,1,4,9
107,4,2,1,6,0
105,3,2,2,44,0
116,4,2,1,50,0
114,4,1,1,18,0
107,4,2,1,9,0
119,4,2,1,34,0
110,4,1,2,20,0
119,4,2,1,53,0
126,4,2,1,40,0
113,4,2,1,10,0
120,4,1,2,12,0
113,4,1,2,48,0
105,4,2,2,19,0
106,3,2,2,46,0
107,3,1,2,53,0
106,3,2,2,32,0
103,3,2,2,16,0
106,4,1,2,12,0
130,4,1,2,44,0
106,3,1,1,39,0
115,4,2,1,49,0
119,4,1, ,27,0
114,4,1,2,46,0
113,4,2,1,52,0
110,4,1,2,36,0
111,4,1,1,28,0
93,2,1,1,7,0
118,4,2,1,56,0
130,4,2,2,49,0
105,3,1,1,24,0
121,4,2,2,46,0
109,3,1,1,26,0
96,3,2,1,6,0
115,4,2,2,29,0
113,4,1,1,34,0
109,3,1,1,29,0
110,4,2,1,33,0
121,4,1,1,56,0
105,3,1,1,42,0
85,2,1,1,7,0
100,3,1,1,7,0
96,2,1,1,45,0
999,9,2,2,1,9
111,4,2,1,35,0
106,4,1,1,20,0
116,4,2,2,28,0
92,2,1, ,25,0
104,3,1,2,29,0
121,4,1,1,35,0
89,2,1,2,7,0
999,9,2,2,3,9
91,2,1,1,33,0
99,3,1,1,10,0
121,4,1,1,52,0
127,4,2,2,45,0
89,2,2,2,24,0
122,4,2,1,48,0
75,2,1,1,15,0
72,2,1,1,15,0
112,4,2,1,51,0
111,4,2,1,23,0
112,4,2,2,51,0
110,4,2,2,15,0
100,3,2,1,14,0
99,3,1,2,16,0
111,4,1,2,27,0
110,4,1, ,34,0
134,4,1,2,38,0
999,9,1,2,39,4
999,9,2,2,27,4
103,3,2,2,27,0
111,4,2,2,26,0
104,3,1, ,32,0
121,4,2,3,52,0
117,4,2,2,55,0
125,4,1,2,49,0
108,4,1,2,16,0
999,9,2,3,4,9
120,4,2,2,9,0
999,9,2,3,18,4
121,4,1,2,41,0
111,4,2,2,10,0
111,4,2,2,13,0
127,4,2,2,26,0
108,4,1,3,18,0
113,4,1,3,56,0
999,9,1,3,17,4
999,9,2,2,48,4
104,3,1,2,22,0
108,3,1,3,49,0
135,4,2,3,10,0
111,4,1,3,58,0
119,4,2,2,47,0
110,4,1,2,12,0
117,4,1,2,59,0
107,4,1,2,21,0
126,4,2,3,28,0
98,3,1,3,19,0
120,4,2,2,19,0
113,4,2,2,56,0
112,4,1,3,39,0
104,3,1,3,6,0
114,4,2,2,34,0
112,4,2,2,10,0
117,4,2,2,34,0
999,9,2,2,3,9
105,4,2,2,15,0
124,4,2,1,26,0
116,4,1,2,30,0
104,3,1,3,24,0
104,3,1,2,12,0
999,9,2,2,4,9
129,4,2,1,27,0
124,4,2,0,32,0
101,3,2,2,9,0
119,4,1,3,26,0
999,9,2,1,16,4
110,4,2,2,46,0
107,3,1,2,28,0
107,3,2,3,29,0
999,9,2,2,36,4
999,9,2,2,18,4
114,4,1,2,38,0
122,4,2,2,35,0
115,4,2,2,6,0
116,4,2,2,11,0
999,9,1,1,12,4
122,4,1,2,29,0
999,9,1,3,28,4
119,4,2,2,43,0
117,4,1,2,20,0
105,4,1,3,8,0
110,4,1,2,36,0
123,4,1,1,15,0
106,4,2,2,12,0
999,9,2,2,4,9
108,3,2,2,32,0
125,4,2,2,40,0
123,4,1,2,35,0
101,3,1,2,16,0
114,4,1,1,22,0
127,4,1, ,37,0
112,4,2, ,24,0
127,4,2,3,43,0
109,3,1,2,25,0
120,4,2,2,13,0
115,4,1, ,41,0
129,4,1,1,49,0
119,4,2,2,51,0
130,4,1,1,27,0
112,4,2,2,39,0
123,4,1,3,58,0
114,4,2,2,13,0
113,4,1,2,51,0
107,3,1,2,59,0
111,4,1,2,21,0
98,3,1,2,17,0
99,3,2,2,15,0
98,3,2,1,20,0
132,4,2,3,31,0
119,4,2,3,59,0
124,4,1,2,22,0
127,4,1,2,22,0
118,4,1,3,38,0
117,4,2,2,52,0
116,4,1,2,47,0
108,3,1,1,54,0
99,3,1,1,10,0
116,4,1,3,51,0
126,4,2,2,29,0
118,4,1,2,43,0
109,3,1,2,44,0
105,4,1,2,15,0
112,4,1,2,42,0
110,4,1,3,57,0
111,4,2,3,22,0
121,4,2,2,50,0
116,4,1,2,12,0
105,4,1,2,12,0
98,2,2,2,50,0
118,4,1,3,25,0
120,4,1,2,36,0
104,3,2,3,9,0
125,4,1,3,54,0
128,4,2,3,55,0
999,9,1,3,4,9
118,4,2,1,59,0
119,4,1,2,46,0
110,4,1,2,16,0
112,4,1,1,13,0
126,4,2,2,28,0
110,4,2,3,30,0
114,4,1,2,59,0
999,9,1,2,3,9
126,4,2,2,59,0
129,4,1,2,30,0
999,9,1,2,5,9
105,3,2,2,47,0
100,3,2,2,7,0
116,4,1,2,14,0
115,4,1, ,58,0
103,3,2,2,31,0
121,4,2,2,40,0
124,4,2,1,33,0
119,4,2,2,50,0
109,4,1,2,21,0
103,3,1,1,47,0
127,4,2,2,37,0
123,4,1,2,42,0
122,4,1,1,53,0
111,4,2,1,24,0
121,4,2,3,37,0
117,4,2,1,33,0
120,4,1,2,52,0
103,3,2,2,28,0
107,4,2,2,16,0
97,3,1,2,8,0
999,9,1,2,3,9
92,2,1,2,18,0
999,9,2,3,4,9
999,9,1,2,5,9
117,4,2,2,36,0
118,4,2,3,42,0
102,3,1,2,10,0
102,3,1,2,18,0
111,4,1,2,49,0
102,3,1,2,12,0
91,2,1,2,43,0
115,4,1,2,47,0
102,3,2,2,19,0
122,4,1,2,27,0
132,4,1,2,56,0
104,3,1,1,19,0
103,3,1,0,18,0
114,4,2,2,10,0
136,4,2,2,50,0
107,4,1,2,9,0
115,4,1,2,26,0
106,3,2,2,40,0
94,2,2,2,19,0
126,4,1,1,41,0
111,4,1,2,9,0
107,3,1,3,28,0
112,4,1,2,34,0
102,3,2,2,38,0
98,3,2,2,9,0
107,3,1,2,39,0
118,4,1,3,37,0
109,3,2,2,39,0
112,4,2,2,26,0
109,3,2,3,24,0
121,4,1,2,40,0
132,4,2,2,55,0
124,4,1,2,47,0
999,9,1,3,3,9
999,9,1,2,4,9
123,4,2,2,21,0
109,4,1,2,22,0
109,3,2,2,40,0
111,4,2,2,20,0
113,4,1,2,46,0
111,4,1,1,46,0
113,4,1, ,52,0
102,3,1,1,7,0
77,2,1,2,53,0
107,4,1,2,11,0
115,4,2,2,27,0
102,3,1,2,48,0
122,4,2,2,38,0
97,3,2,2,16,0
101,3,1, ,35,0
108,3,1,1,44,0
124,4,2,2,41,0
105,4,1,2,17,0
999,9,2,2,4,9
120,4,1,2,20,0
123,4,2,1,49,0
999,9,1,2,4,9
128,4,1,2,33,0
119,4,2,2,30,0
999,9,1,2,5,9
120,4,1,2,32,0
999,9,2,2,4,9
113,4,1,1,22,0
999,9,1,3,5,9
105,4,2,2,16,0
115,4,2,2,55,0
118,4,1,2,21,0
118,4,1,2,47,0
106,3,2,2,26,0
120,4,1,2,23,0
117,4,2,2,41,0
106,4,1,3,13,0
96,2,2,2,24,0
129,4,1,2,42,0
110,4,1, ,11,0
110,4,1,2,11,0
109,4,2,3,17,0
109,4,1,2,10,0
119,4,1,2,57,0
98,2,2,2,51,0
110,4,1,2,39,0
103,3,1,2,50,0
101,3,2,2,15,0
114,4,1,3,43,0
114,4,2,2,57,0
115,4,1,2,35,0
103,3,2,2,34,0
118,4,1,3,48,0
108,3,2,2,46,0
103,3,1,2,12,0
105,3,2,2,25,0
116,4,1,2,57,0
110,4,2,2,37,0
119,4,2,3,23,0
104,3,1,2,16,0
107,3,1,2,44,0
999,9,1,3,38,6
111,4,1,3,34,0
111,4,2,3,14,0
116,4,1,3,49,0
115,4,1,2,55,0
999,9,2,3,4,9
102,3,2,2,19,0
116,4,1,2,48,0
119,4,2,2,55,0
92,2,2,2,35,0
103,3,1,0,50,0
120,4,1,2,6,0
127,4,2,2,31,0
104,3,1,2,24,0
104,3,2,2,16,0
120,4,1,3,26,0
999,9,1,3,3,9
119,4,1,2,24,0
130,4,1,3,55,0
109,3,1,2,56,0
114,4,2,3,33,0
123,4,2,2,42,0
102,3,1,2,32,0
103,3,2,2,34,0
999,9,2,2,4,9
110,4,2,2,43,0
127,4,1,2,49,0
118,4,2,2,47,0
110,4,1,1,24,0
999,9,1,2,34,4
107,3,1,2,41,0
106,3,2,3,39,0
105,4,1,2,7,0
110,4,1,2,56,0
119,4,1,2,55,0
94,2,1,2,9,0
115,4,2,3,37,0
127,4,1, ,57,0
114,4,1,1,36,0
114,4,1,2,42,0
106,3,2,3,55,0
115,4,1,3,38,0
109,4,2,3,18,0
100,3,2,2,10,0
122,4,1,2,59,0
131,4,2,2,31,0
117,4,1,2,36,0
95,3,2,2,11,0
119,4,2, ,46,0
119,4,1, ,30,0
121,4,2, ,51,0
119,4,1, ,36,0
107,3,1, ,40,0
102,3,1, ,35,0
104,3,2,2,33,0
103,3,1,3,47,0
119,4,2,2,55,0
109,3,2,2,32,0
109,3,1,1,48,0
999,9,2,2,4,9
110,4,1,2,59,0
101,3,1,2,13,0
122,4,2,2,19,0
112,4,2,2,47,0
115,4,1,2,50,0
114,4,1,2,14,0
116,4,1,2,42,0
119,4,1,2,43,0
103,3,2, ,59,0
116,4,1, ,45,0
108,3,1,2,34,0
96,3,2,2,14,0
102,3,2,2,30,0
111,4,2,2,28,0
118,4,1,2,28,0
118,4,1,2,46,0
102,3,1,2,26,0
100,3,2,2,50,0
116,4,2,1,45,0
105,4,1,1,18,0
116,4,1,0,33,0
110,4,1,2,41,0
106,3,2,2,38,0
104,3,2,1,31,0
118,4,2,2,53,0
110,4,2,3,12,0
107,3,1,2,57,0
115,4,2,2,25,0
122,4,1,1,29,0
115,4,1,1,40,0
107,3,2,1,38,0
117,4,1,2,12,0
113,4,2,2,39,0
113,4,1,1,43,0
116,4,1,2,57,0
106,3,2, ,45,0
108,3,2,2,56,0
106,3,1,2,38,0
999,9,1,2,1,9
98,2,1,2,51,0
111,4,2,2,23,0
111,4,1,2,54,0
110,4,1,2,59,0
108,3,2,2,52,0
112,4,1,2,48,0
95,3,2,1,13,0
107,3,1,1,30,0
999,9,2,1,3,9
109,3,2, ,55,0
117,4,2, ,52,0
116,4,1,1,48,0
100,3,2,1,16,0
109,3,2,2,48,0
102,3,1,2,16,0
120,4,1,2,34,0
116,4,1,2,40,0
95,3,2,3,17,0
999,9,2,3,11,4
101,3,2,3,15,0
121,4,2,2,19,0
101,3,2,3,8,0
128,4,1,2,59,0
134,4,1,2,59,0
107,3,1, ,50,0
999,9,2,3,40,4
104,3,2,2,26,0
122,4,2,2,36,0
999,9,2,2,3,9
105,4,2,2,13,0
102,3,1,2,10,0
124,4,1,3,31,0
115,4,1,2,26,0
121,4,2,2,27,0
113,4,2,2,47,0
115,4,2,2,47,0
111,4,1,2,36,0
125,4,2,3,57,0
78,2,1,1,9,0
104,3,2,2,47,0
999,9,2,3,2,9
124,4,2,2,59,0
119,4,2,2,35,0
121,4,2,2,26,0
102,3,2,2,22,0
114,4,2,1,15,0
999,9,1,2,43,4
999,9,2,2,15,4
112,4,2,2,10,0
114,4,2,2,57,0
113,4,2,2,15,0
118,4,1,3,25,0
999,9,2,2,3,9
95,3,1,2,8,0
113,4,1,2,58,0
116,4,2,2,42,0
91,2,2,2,9,0
114,4,2,2,53,0
104,3,1,2,19,0
105,4,2,2,18,0
135,4,1,2,52,0
110,4,2,2,9,0
119,4,2,2,30,0
113,4,2,2,12,0
999,9,2,2,5,9
95,3,2,1,15,0
112,4,2,2,46,0
94,2,2,2,28,0
120,4,1,2,47,0
129,4,1,0,52,0
105,4,1,0,22,0
118,4,1, ,52,0
118,4,2,2,18,0
115,4,2,2,48,0
123,4,1,2,33,0
117,4,2,2,51,0
117,4,1,0,31,0
78,2,1,0,9,0
89,2,2,1,8,0
127,4,1,1,43,0
119,4,2,1,19,0
119,4,2,1,54,0
121,4,2,1,25,0
999,9,1,1,49,3
101,3,2,1,24,0
118,4,2,1,49,0
108,3,2,1,28,0
117,4,1,2,36,0
96,3,1,2,12,0
107,3,2,2,36,0
121,4,2,2,47,0
117,4,2,2,17,0
121,4,2,2,47,0
118,4,2,3,28,0
94,2,1,1,17,0
110,4,2,2,39,0
92,2,1,2,14,0
103,3,1,1,39,0
120,4,2,2,46,0
999,9,2,2,0,9
117,4,2,2,24,0
100,3,2,1,6,0
133,4,2,1,59,0
112,4,2,1,50,0
108,4,2,1,16,0
129,4,2,2,40,0
112,4,2,1,49,0
999,9,1,1,5,9
116,4,2,2,48,0
101,3,1,2,42,0
87,2,1,2,8,0
128,4,1, ,56,0
999,9,2,2,3,9
108,4,2,1,12,0
111,4,1,1,17,0
115,4,2,2,55,0
100,3,2,2,6,0
112,4,2,2,9,0
108,3,1,2,44,0
111,4,2,2,46,0
109,3,2,2,49,0
999,9,2,1,3,9
113,4,1,2,8,0
117,4,2,2,52,0
95,2,1, ,46,0
106,3,2,3,46,0
115,4,2,2,56,0
110,4,1,1,12,0
113,4,1,2,30,0
106,3,1,1,39,0
115,4,1,2,54,0
127,4,1,3,30,0
125,4,1,3,30,0
107,4,1,2,10,0
101,3,1,2,12,0
117,4,2,2,50,0
109,4,2,2,12,0
118,4,2,1,48,0
145,4,2,2,21,0
112,4,2,2,41,0
96,2,1,2,55,0
113,4,1,2,28,0
104,3,1,1,58,0
110,4,2,2,29,0
117,4,2,1,51,0
108,3,2,1,30,0
114,4,1,2,33,0
999,9,2,2,3,9
95,3,2,2,16,0
114,4,2,1,55,0
98,2,1,1,32,0
100,3,2,1,7,0
101,3,2,1,15,0
106,4,2,2,19,0
999,9,1,2,4,9
999,9,1,2,5,9
106,3,1,2,48,0
999,9,1,2,3,9
101,3,2,3,32,0
133,4,2,3,27,0
124,4,1,2,59,0
118,4,2,3,8,0
113,4,2,2,49,0
107,4,2,2,13,0
131,4,2, ,42,0
999,9,2,2,4,9
121,4,1,1,33,0
108,4,1,2,9,0
119,4,1, ,59,0
92,2,2,2,14,0
999,9,1,2,34,3
99,3,2,2,16,0
109,3,1,2,39,0
103,3,1,1,12,0
114,4,1,3,47,0
115,4,2,3,19,0
999,9,2,2,2,9
97,2,1, ,50,0
119,4,2,2,28,0
119,4,1,3,10,0
112,4,2,2,56,0
120,4,2,1,18,0
130,4,2,2,34,0
999,9,1,2,0,9
118,4,2,1,49,0
105,4,1,2,22,0
134,4,1,2,32,0
112,4,1,2,38,0
113,4,1,2,27,0
113,4,2,2,30,0
999,9,2,2,1,9
999,9,1,2,58,4
113,4,1,1,52,0
140,4,1,1,54,0
119,4,1,2,28,0
999,9,1,1,55,6
85,2,1,1,17,0
100,3,2,3,9,0
102,3,2,2,6,0
112,4,1,3,44,0
114,4,1,2,40,0
109,3,1,2,54,0
107,3,1,2,35,0
115,4,1,2,24,0
103,3,1,2,40,0
112,4,1,2,30,0
999,9,1,1,53,4
116,4,1,2,27,0
999,9,1,2,1,9
120,4,2,2,41,0
100,3,1,2,37,0
109,3,1,2,44,0
104,3,1,2,25,0
111,4,1,2,48,0
108,4,2,1,23,0
107,4,1,0,10,0
87,2,1,2,52,0
115,4,1,1,35,0
117,4,1,0,56,0
999,9,1,1,4,9
101,3,1,2,13,0
95,2,2,1,37,0
106,3,2,1,31,0
999,9,2,2,2,9
107,4,1,1,23,0
102,3,1,2,48,0
109,3,1,2,40,0
111,4,2,1,14,0
115,4,1,1,59,0
101,3,2,2,49,0
93,2,1,2,13,0
119,4,2,3,36,0
999,9,2,3,0,9
999,9,2,2,2,9
108,3,1,2,48,0
999,9,1,2,4,9
107,3,1,2,49,0
110,4,1,2,22,0
113,4,2,2,38,0
999,9,1,2,2,9
111,4,1,1,35,0
110,4,1,2,48,0
106,4,2,2,14,0
123,4,1,2,19,0
125,4,2,2,44,0
101,3,2,1,25,0
121,4,2,1,9,0
109,3,2,2,26,0
114,4,1,1,36,0
106,4,1,2,20,0
109,3,1,2,51,0
108,3,2,2,24,0
105,4,1,2,18,0
999,9,2,3,37,3
101,3,1,2,12,0
116,4,1,1,44,0
113,4,1,3,47,0
101,3,2,2,31,0
121,4,1,3,48,0
107,3,2,2,47,0
126,4,1,3,20,0
122,4,1,2,38,0
999,9,2,2,5,9
99,2,2,3,58,0
118,4,2,2,31,0
127,4,2,2,57,0
84,2,1,2,12,0
113,4,2,2,39,0
101,3,1,2,14,0
144,4,1,2,59,0
109,3,1,3,47,0
115,4,2,2,36,0
114,4,1,2,38,0
109,3,2,2,40,0
104,3,2,2,53,0
108,4,2,3,15,0
99,2,2,2,43,0
131,4,2,1,24,0
117,4,2,2,52,0
121,4,1,2,26,0
108,3,1,2,58,0
112,4,2,2,54,0
113,4,2,2,43,0
109,3,2,2,50,0
108,4,2,2,17,0
999,9,1,2,4,9
118,4,2,2,48,0
83,2,2,2,14,0
130,4,1,1,59,0
121,4,1,2,43,0
999,9,1,2,1,9
121,4,1,1,58,0
113,4,1,1,26,0
100,3,1,2,42,0
107,3,2,2,47,0
119,4,1,2,40,0
109,4,2,2,23,0
102,3,2,2,36,0
999,9,2,2,41,4
999,9,2,1,2,9
112,4,1,2,39,0
999,9,2,2,47,4
100,3,1,3,23,0
91,2,1,2,44,0
120,4,2,2,22,0
95,3,1,2,14,0
104,3,2,2,11,0
118,4,2,2,57,0
117,4,2,2,29,0
135,4,1,2,58,0
109,3,1,2,44,0
120,4,1,2,37,0
112,4,2,1,58,0
110,4,1,2,25,0
999,9,2,2,2,9
110,4,2,2,18,0
121,4,1,2,56,0
124,4,2,2,24,0
110,4,2,3,33,0
107,4,1,3,12,0
101,3,2,2,13,0
101,3,1,2,15,0
106,3,1,2,59,0
121,4,2,2,56,0
999,9,2,2,1,9
116,4,1,2,21,0
117,4,2,2,47,0
109,4,1,1,20,0
107,3,1,1,52,0
112,4,2, ,52,0
118,4,2,1,51,0
999,9,2,1,2,9
115,4,2,1,58,0
102,3,1,1,42,0
100,3,1,1,20,0
999,9,1,2,4,9
112,4,2,2,10,0
112,4,1,1,50,0
114,4,1,2,38,0
105,3,1,2,25,0
115,4,1,2,31,0
104,3,2,2,30,0
102,3,1,2,30,0
117,4,1,2,51,0
122,4,1,3,52,0
111,4,2,2,52,0
116,4,2,3,53,0
106,3,2,2,32,0
106,3,1,1,50,0
116,4,2,2,30,0
103,3,1,2,13,0
125,4,2,2,58,0
110,4,2,2,16,0
120,4,2,2,41,0
105,4,2,2,10,0
999,9,2,3,45,4
108,4,1,2,19,0
133,4,2,2,39,0
126,4,2,2,41,0
114,4,1,2,39,0
101,3,2,2,17,0
122,4,2, ,55,0
106,3,2,2,38,0
113,4,1,2,44,0
113,4,1,2,23,0
98,2,1,2,38,0
115,4,1,2,18,0
123,4,1,2,56,0
80,2,1,2,36,0
106,3,1,2,31,0
129,4,2,2,50,0
92,2,1,2,11,0
120,4,2,2,8,0
103,3,1,3,7,0
108,3,1,2,40,0
106,4,1,2,16,0
105,3,2,3,47,0
110,4,1,2,56,0
115,4,2,2,58,0
109,4,2,2,16,0
102,3,2,1,27,0
106,3,1,2,38,0
122,4,2,3,40,0
118,4,1,3,27,0
99,3,1,2,8,0
119,4,2,2,11,0
113,4,2,2,39,0
113,4,2,3,57,0
110,4,2,3,34,0
106,3,1,2,37,0
110,4,1,2,6,0
115,4,2,2,39,0
112,4,2,2,14,0
105,3,1,2,52,0
91,2,2, ,24,0
119,4,1,3,23,0
111,4,2,2,49,0
105,4,2,2,13,0
109,4,2,2,13,0
103,3,1,2,42,0
114,4,1,2,42,0
114,4,2,3,19,0
96,3,1,3,6,0
110,4,1,2,44,0
104,3,2,2,58,0
111,4,1,2,7,0
113,4,2,2,26,0
999,9,2,2,5,9
113,4,1,3,23,0
118,4,1,3,11,0
108,4,1,1,18,0
128,4,2,3,15,0
105,3,2,3,49,0
106,3,1,2,45,0
113,4,2,2,22,0
999,9,2,2,1,9
108,3,1,3,29,0
119,4,1,3,37,0
96,3,2,3,14,0
120,4,2,3,39,0
123,4,2,2,17,0
107,3,1,2,53,0
118,4,2,2,59,0
110,4,1,3,28,0
114,4,2,2,49,0
999,9,2,2,4,9
96,3,1,2,11,0
999,9,2,3,5,9
110,4,2,2,44,0
122,4,1,2,42,0
92,2,2,2,10,0
105,4,1,2,9,0
114,4,2,2,17,0
114,4,2,3,23,0
116,4,2,2,48,0
127,4,2,2,56,0
114,4,1,2,33,0
114,4,2,2,15,0
120,4,2,2,44,0
114,4,1,2,32,0
102,3,2,2,14,0
128,4,2,2,36,0
101,3,1,1,9,0
109,3,1,2,33,0
120,4,2,2,22,0
112,4,1,2,25,0
112,4,1,2,15,0
120,4,2,3,50,0
112,4,2,2,27,0
116,4,1,3,15,0
118,4,2,2,20,0
118,4,2,2,40,0
101,3,1,2,22,0
76,2,1,2,14,0
118,4,2,2,33,0
117,4,1,3,29,0
104,3,1,3,21,0
122,4,1,3,54,0
115,4,2,2,52,0
116,4,1,3,54,0
116,4,2,2,37,0
110,4,1,3,26,0
113,4,1,2,33,0
110,4,1,2,41,0
113,4,1,2,36,0
108,3,2,2,27,0
132,4,1,2,33,0
122,4,2,2,31,0
104,3,1,0,32,0
95,2,1,2,39,0
109,3,2,2,38,0
127,4,1,2,46,0
110,4,1,3,54,0
112,4,1,3,18,0
999,9,1,2,1,9
999,9,2,2,1,9
112,4,2,3,22,0
115,4,1,2,8,0
106,3,1,2,31,0
106,3,2,2,33,0
76,2,1,2,12,0
103,3,2,2,56,0
115,4,1,2,57,0
92,2,1,3,6,0
104,3,1,2,26,0
999,9,1,2,2,9
113,4,2,2,48,0
104,3,2,2,37,0
123,4,1,2,24,0
999,9,1,2,3,9
106,4,1,2,22,0
101,3,1,2,20,0
105,3,1,1,25,0
106,3,1,2,28,0
109,3,2,2,34,0
103,3,1,1,13,0
113,4,2,1,57,0
103,3,1,1,23,0
116,4,1,2,31,0
122,4,1,2,27,0
95,2,1,2,43,0
105,3,2,2,25,0
92,2,2,2,8,0
111,4,2,2,33,0
80,2,1,2,10,0
999,9,2,2,4,9
111,4,2,2,29,0
119,4,2,2,57,0
104,3,2,2,35,0
97,3,1,2,6,0
96,2,1,1,50,0
117,4,1,2,36,0
108,3,1,2,44,0
999,9,2,2,1,9
91,2,1,1,38,0
132,4,1,2,52,0
112,4,1,3,20,0
109,3,2,2,47,0
104,3,2,2,13,0
110,4,2,2,29,0
113,4,2,2,34,0
125,4,2,2,39,0
116,4,2,2,50,0
114,4,1,2,13,0
111,4,2,2,35,0
104,3,2,2,28,0
116,4,1,2,57,0
117,4,2,2,55,0
110,4,1,2,35,0
110,4,2,2,31,0
132,4,2,2,49,0
131,4,2,1,51,0
124,4,1,3,41,0
101,3,2,2,18,0
102,3,2,1,15,0
106,4,2,2,16,0
127,4,1,3,27,0
111,4,1,2,13,0
113,4,1,3,8,0
121,4,1,2,21,0
111,4,1,2,53,0
132,4,1,2,49,0
112,4,2,2,34,0
104,3,2,1,59,0
101,3,2,1,12,0
106,3,1,2,37,0
91,2,1,1,55,0
128,4,1,2,45,0
108,3,1,1,49,0
97,3,2,2,7,0
59,1,2,1,13,0
118,4,1,1,53,0
104,3,1,2,40,0
119,4,1,1,13,0
107,3,1,1,40,0
105,3,1,2,42,0
110,4,1,2,43,0
120,4,2,1,41,0
74,2,1,2,23,0
99,2,2,2,52,0
102,3,1,2,9,0
116,4,2,1,34,0
110,4,2,1,7,0
100,3,1,2,49,0
107,4,2,2,15,0
999,9,2,2,5,9
100,3,2,2,10,0
106,3,2,2,27,0
120,4,1,2,56,0
101,3,1,2,33,0
125,4,1,2,59,0
999,9,1,2,5,9
122,4,1,2,42,0
111,4,1,1,15,0
120,4,1,1,50,0
94,2,2,2,59,0
105,4,1,1,12,0
111,4,1,2,56,0
103,3,2,1,56,0
107,3,2, ,45,0
108,4,1,2,11,0
114,4,2,2,51,0
113,4,2,2,24,0
117,4,2,2,53,0
117,4,2,2,14,0
121,4,1,3,59,0
102,3,2,2,8,0
116,4,1,1,52,0
106,4,2,2,9,0
105,3,2,1,26,0
111,4,2,2,36,0
117,4,2,2,37,0
126,4,2,2,54,0
128,4,2, ,59,0
124,4,2,2,28,0
119,4,2,3,42,0
108,3,2,3,46,0
98,2,2,2,52,0
118,4,2,3,24,0
68,1,2,3,12,0
113,4,1,3,55,0
119,4,2,3,39,0
107,3,1,2,43,0
114,4,2,2,29,0
90,2,2,2,6,0
111,4,1,3,9,0
111,4,1,3,28,0
103,3,1,2,43,0
111,4,1,2,11,0
999,9,2,2,5,9
127,4,2,2,50,0
109,4,2,2,12,0
123,4,1,2,33,0
105,3,1,2,50,0
111,4,2,3,20,0
115,4,1,2,35,0
101,3,1,3,16,0
111,4,1,3,44,0
110,4,1,2,36,0
109,3,1,1,34,0
118,4,2,2,57,0
98,3,1,2,12,0
118,4,1,2,59,0
102,3,2,2,22,0
106,4,1,1,12,0
95,2,1,1,25,0
112,4,2,2,10,0
119,4,1,2,48,0
111,4,1,2,22,0
91,2,1,2,13,0
110,4,1,2,59,0
117,4,2,2,13,0
117,4,2,2,23,0
109,4,2,1,14,0
121,4,2,2,13,0
105,3,2,2,45,0
120,4,2,2,31,0
116,4,2,2,39,0
999,9,2,2,2,9
130,4,1,2,41,0
108,3,1,2,43,0
122,4,1,2,16,0
999,9,1,2,3,9
110,4,2,2,12,0
102,3,2,1,23,0
109,4,2,2,8,0
112,4,1,2,27,0
124,4,1,3,44,0
99,2,2,2,27,0
113,4,2,2,56,0
113,4,2,2,14,0
111,4,2, ,41,0
107,3,2, ,58,0
110,4,1,2,52,0
98,3,1,1,10,0
102,3,2,2,36,0
110,4,2,1,58,0
94,2,2,2,58,0
90,2,1,2,11,0
123,4,1, ,45,0
96,2,1,1,40,0
118,4,2,2,45,0
91,2,2,2,11,0
103,3,2,3,20,0
113,4,1,1,30,0
126,4,2,2,47,0
103,3,2,2,31,0
127,4,1,1,45,0
999,9,2,1,2,9
999,9,2,1,47,3
999,9,1,1,8,4
116,4,1,1,50,0
126,4,1,1,51,0
112,4,1,1,18,0
115,4,2,2,41,0
122,4,1,2,25,0
121,4,2,1,43,0
105,4,1,1,20,0
108,3,1,1,28,0
99,3,1,2,13,0
108,3,1,2,50,0
119,4,2,0,47,0
110,4,1,2,8,0
120,4,1,1,44,0
999,9,2,2,5,9
105,3,2,2,47,0
128,4,2,2,8,0
999,9,1,2,4,9
99,3,2,2,15,0
125,4,2,2,30,0
122,4,2,2,39,0
119,4,2,3,55,0
139,4,1,2,50,0
999,9,1,2,3,9
91,2,2,2,9,0
132,4,2,2,48,0
113,4,1,3,37,0
112,4,1,2,14,0
97,3,2,2,8,0
134,4,1,2,47,0
110,4,2,3,10,0
107,4,2,2,17,0
104,3,1,2,33,0
114,4,1,1,29,0
120,4,1,2,46,0
111,4,1,2,30,0
121,4,2,2,57,0
999,9,2,2,4,9
125,4,2,2,47,0
116,4,2,2,16,0
122,4,2,2,51,0
106,4,1,2,8,0
114,4,2,2,6,0
111,4,2,2,32,0
999,9,1,2,3,9
119,4,1,2,38,0
127,4,2,2,16,0
126,4,1,2,46,0
122,4,1,2,18,0
999,9,2,2,4,9
111,4,1,2,18,0
106,3,1,1,52,0
118,4,1,2,36,0
125,4,2,2,50,0
103,3,2,1,51,0
112,4,1,2,35,0
124,4,2,2,59,0
114,4,1,2,9,0
104,3,1,2,41,0
125,4,1,2,57,0
109,4,2,2,12,0
140,4,1,2,58,0
125,4,1,2,19,0
119,4,1,2,6,0
119,4,2, ,43,0
108,4,1,2,7,0
116,4,1,3,56,0
113,4,2,3,13,0
98,3,2,2,7,0
118,4,2,2,25,0
121,4,2,2,23,0
98,3,1,3,16,0
121,4,1,2,31,0
97,3,2,2,7,0
121,4,1, ,38,0
999,9,1,3,2,9
116,4,2,2,50,0
110,4,2,2,23,0
114,4,1,3,8,0
113,4,2,3,26,0
109,3,2,2,28,0
999,9,2,2,1,9
116,4,2,3,42,0
125,4,1,2,29,0
124,4,2,2,37,0
122,4,2,2,49,0
126,4,1,2,56,0
117,4,1,2,56,0
125,4,1,2,39,0
132,4,2,2,26,0
99,3,1,2,7,0
124,4,1,2,54,0
131,4,2,2,48,0
126,4,2,2,50,0
104,3,2,2,45,0
110,4,2,2,29,0
112,4,2,2,59,0
117,4,2,2,36,0
112,4,1,3,8,0
128,4,1, ,57,0
112,4,1,2,32,0
127,4,2,3,43,0
125,4,2,3,59,0
99,2,2,3,31,0
999,9,2,2,4,9
122,4,1,2,35,0
107,3,2,2,43,0
109,4,1,2,13,0
130,4,1,2,59,0
107,3,2,2,30,0
125,4,1,2,47,0
124,4,2,2,18,0
106,4,1,2,6,0
104,3,2,2,32,0
114,4,1,1,36,0
122,4,1,2,59,0
114,4,1,3,26,0
117,4,2,2,59,0
99,3,1,3,12,0
113,4,1,2,31,0
107,3,2,1,55,0
113,4,1,2,45,0
111,4,1,3,24,0
123,4,1,2,51,0
114,4,1,2,14,0
114,4,2,2,23,0
98,2,2,3,30,0
121,4,1,2,47,0
110,4,2,2,33,0
115,4,2,3,29,0
100,3,2,3,7,0
999,9,2,2,19,4
107,4,2,2,20,0
111,4,2,2,42,0
101,3,2,3,16,0
112,4,2,2,59,0
115,4,2,2,17,0
112,4,2,2,50,0
115,4,1,2,53,0
96,2,1,2,25,0
110,4,1,2,42,0
112,4,1,2,38,0
98,3,1,3,7,0
121,4,2,3,33,0
101,3,1,0,13,0
107,3,1,2,42,0
106,4,2,2,19,0
118,4,1,3,54,0
114,4,1,2,25,0
102,3,1,2,15,0
101,3,1,2,15,0
999,9,1,1,16,4
95,2,1,2,40,0
119,4,2,2,55,0
104,3,1,2,21,0
104,3,2,2,13,0
999,9,1,1,39,6
98,2,1,2,54,0
99,3,2,2,17,0
118,4,2,2,17,0
118,4,2,2,8,0
112,4,2,2,6,0
130,4,2,2,52,0
109,3,2,2,47,0
115,4,2,2,10,0
103,3,1,2,12,0
115,4,2,2,53,0
114,4,1,2,45,0
121,4,2,2,46,0
999,9,2,1,4,9
999,9,2,1,5,9
111,4,2,2,59,0
103,3,1,2,8,0
111,4,1, ,35,0
135,4,2,2,37,0
102,3,2,2,39,0
116,4,1,3,52,0
114,4,1,2,47,0
119,4,1,2,45,0
110,4,2,2,21,0
103,3,2,2,23,0
109,3,2,2,32,0
112,4,2, ,27,0
116,4,2,2,59,0
98,3,1,2,19,0
117,4,1,1,49,0
108,3,1,2,27,0
103,3,1,0,24,0
116,4,2,2,59,0
999,9,2,2,0,9
111,4,1,1,54,0
107,3,1,1,58,0
113,4,2,2,23,0
109,3,1,3,38,0
119,4,1,1,18,0
131,4,2,1,6,0
96,2,2,1,25,0
115,4,1,2,27,0
97,2,1,1,40,0
119,4,1,2,34,0
113,4,1,2,34,0
116,4,1,2,25,0
124,4,2,1,36,0
121,4,1,1,10,0
114,4,1,1,58,0
134,4,1,2,44,0
116,4,2,2,15,0
122,4,1,3,30,0
109,4,1,3,15,0
108,3,2,2,59,0
121,4,1,2,49,0
999,9,2,2,0,9
111,4,1,1,58,0
120,4,2,1,41,0
117,4,2,2,41,0
110,4,1,2,43,0
99,2,1,2,47,0
999,9,1,3,4,9
123,4,1,2,22,0
105,4,2,2,22,0
88,2,2, ,18,0
108,3,2,3,44,0
108,3,2,2,44,0
93,2,1,2,8,0
120,4,2,2,53,0
999,9,1,2,2,9
101,3,1,2,24,0
125,4,2,1,17,0
121,4,2,2,55,0
121,4,2,2,48,0
127,4,2,2,39,0
999,9,1,1,5,9
131,4,1,2,57,0
121,4,2,2,11,0
105,3,1,2,45,0
112,4,1,1,47,0
118,4,2,2,47,0
93,2,2,2,7,0
103,3,1,1,26,0
118,4,2,1,55,0
117,4,2,1,10,0
106,3,1,2,51,0
999,9,1,1,5,9
100,3,2,2,54,0
102,3,2,2,22,0
111,4,2,2,30,0
106,3,2,3,39,0
115,4,2,1,29,0
113,4,2,2,38,0
116,4,2,2,12,0
99,2,1,2,46,0
118,4,2,2,25,0
127,4,2,0,49,0
126,4,2,1,38,0
127,4,1,2,42,0
103,3,1,3,44,0
99,3,1,2,20,0
125,4,1,1,55,0
125,4,2,2,50,0
999,9,1,2,3,9
136,4,1,2,32,0
120,4,1,2,49,0
126,4,2,1,25,0
106,3,1,1,35,0
999,9,2,2,1,9
103,3,2,1,47,0
135,4,1,2,39,0
999,9,2,2,14,4
115,4,2,3,55,0
999,9,1,3,5,9
110,4,1,2,20,0
112,4,1,2,30,0
92,2,1,2,17,0
109,4,1,2,20,0
120,4,2,3,16,0
85,2,1,1,13,0
134,4,2,2,32,0
111,4,2,2,39,0
106,4,1,1,19,0
115,4,2,1,55,0
999,9,1,3,4,9
119,4,1,1,46,0
106,3,1,1,46,0
113,4,2,2,41,0
115,4,1,1,19,0
127,4,1,2,32,0
85,2,2,2,22,0
124,4,2,2,54,0
119,4,1,2,38,0
106,3,2,2,36,0
113,4,1,3,19,0
95,3,2,3,12,0
102,3,1,2,51,0
95,2,1,3,49,0
119,4,1,1,53,0
102,3,1,2,17,0
107,4,2,2,6,0
99,3,1,3,15,0
122,4,2,1,43,0
119,4,1,2,29,0
115,4,1,3,9,0
110,4,2,3,9,0
127,4,1,3,52,0
128,4,2,3,19,0
108,3,2,3,49,0
114,4,2,3,22,0
999,9,2,3,3,9
108,3,1,3,27,0
116,4,2,3,42,0
110,4,1,3,13,0
999,9,1,2,3,9
110,4,1,3,49,0
102,3,1,2,59,0
113,4,1,3,17,0
113,4,1,3,50,0
124,4,1,2,56,0
120,4,2,2,40,0
120,4,2,3,52,0
94,2,2,2,47,0
103,3,1,3,16,0
108,3,1,2,59,0
110,4,1,2,40,0
116,4,2,2,59,0
104,3,1,1,58,0
81,2,1,2,6,0
115,4,2,3,15,0
111,4,2,2,17,0
115,4,1,2,18,0
115,4,2,2,46,0
104,3,2,2,30,0
118,4,2,2,56,0
115,4,2,1,55,0
98,2,1,2,24,0
105,3,1,1,55,0
109,3,2,1,32,0
103,3,1,2,32,0
98,2,2,1,40,0
999,9,1,1,0,9
999,9,2,1,1,9
102,3,1,2,33,0
105,3,2,1,37,0
108,3,1,0,34,0
113,4,2,0,47,0
102,3,2,0,7,0
127,4,1,1,49,0
105,3,2,1,28,0
108,3,2,2,34,0
130,4,1,2,42,0
111,4,1,2,42,0
999,9,1,2,3,9
117,4,1,2,58,0
110,4,2,1,56,0
999,9,1,1,1,9
122,4,1,1,49,0
109,3,1,2,46,0
101,3,2,2,17,0
112,4,2,0,30,0
999,9,2,0,4,9
115,4,1,1,47,0
105,4,1,1,19,0
999,9,2,2,4,9
116,4,2,2,10,0
117,4,2,2,17,0
999,9,1,2,0,9
112,4,2,1,11,0
111,4,1,1,43,0
107,4,1,1,15,0
115,4,1,2,32,0
106,3,2,1,50,0
104,3,1,1,39,0
109,4,2,2,8,0
999,9,2,3,1,9
108,3,1, ,57,0
113,4,1,2,31,0
120,4,1,2,35,0
108,4,1,1,22,0
95,2,2,1,55,0
108,4,1,2,19,0
114,4,2,2,21,0
106,3,1,2,48,0
113,4,2,1,38,0
124,4,2,1,45,0
116,4,1,1,12,0
110,4,2,2,20,0
126,4,1,2,35,0
118,4,1,1,34,0
109,3,2,2,24,0
999,9,2,2,5,9
143,4,1,2,17,0
108,3,1,2,54,0
103,3,1,2,19,0
108,4,2,2,11,0
101,3,1,2,36,0
999,9,1,2,3,9
98,2,1,2,34,0
136,4,2,1,59,0
105,4,1,1,12,0
99,2,1,2,45,0
131,4,1,2,51,0
111,4,1,2,43,0
111,4,1,2,25,0
102,3,2,2,9,0
105,3,2,2,35,0
114,4,2,1,31,0
111,4,1,2,58,0
107,3,1,2,27,0
115,4,1,2,28,0
126,4,2,2,53,0
107,4,1,2,10,0
130,4,1,2,29,0
108,4,2,2,10,0
110,4,1,2,42,0
999,9,2,2,4,9
999,9,1,2,4,9
114,4,2,2,49,0
120,4,1,2,23,0
109,3,2,2,45,0
128,4,1,2,38,0
109,3,2,2,42,0
133,4,2,2,29,0
110,4,2,2,9,0
117,4,1,3,7,0
117,4,2,3,21,0
111,4,2,2,35,0
128,4,1,2,35,0
117,4,2,2,27,0
110,4,2,2,37,0
124,4,1,2,53,0
119,4,1,1,35,0
116,4,1,0,33,0
108,3,2,2,43,0
130,4,2,3,20,0
130,4,2,3,25,0
127,4,1,3,26,0
123,4,2,3,49,0
119,4,1,3,35,0
114,4,2,3,19,0
110,4,1,3,13,0
120,4,2,3,16,0
112,4,1,2,27,0
119,4,2,2,31,0
111,4,1,2,9,0
90,2,2,2,30,0
110,4,2,2,8,0
121,4,2,2,17,0
999,9,2,2,5,9
123,4,1,2,30,0
125,4,1,2,17,0
999,9,1,2,5,9
106,3,1,2,33,0
116,4,2,3,15,0
125,4,2,2,24,0
120,4,1,2,21,0
102,3,2,2,23,0
999,9,1,2,5,9
95,3,1,2,6,0
111,4,2,2,18,0
105,4,1,2,22,0
120,4,1,2,30,0
107,4,2,2,6,0
119,4,1,2,44,0
94,2,1,2,21,0
106,3,2,2,56,0
999,9,1,2,1,9
103,3,1,2,58,0
120,4,2,2,47,0
116,4,1,2,25,0
125,4,2,2,22,0
119,4,1,2,52,0
125,4,2,2,30,0
126,4,1,2,58,0
112,4,1,2,28,0
121,4,2,2,34,0
123,4,1,3,33,0
999,9,2,3,3,9
112,4,1,2,49,0
126,4,1,2,33,0
109,3,2,2,54,0
124,4,2,2,25,0
114,4,1,3,37,0
119,4,1,2,49,0
114,4,1, ,53,0
98,2,2,2,27,0
118,4,2,2,46,0
111,4,2,2,7,0
999,9,2,3,0,9
119,4,2,2,52,0
121,4,1,3,38,0
103,3,2,3,6,0
119,4,2,2,46,0
104,3,1,2,15,0
133,4,1,3,29,0
126,4,1,2,34,0
113,4,2,2,12,0
111,4,1,2,45,0
120,4,1,2,45,0
999,9,1,2,2,9
999,9,2,2,12,4
115,4,2,2,10,0
105,4,2,2,11,0
121,4,2,2,44,0
109,4,2,2,8,0
999,9,1,2,17,4
999,9,1,2,17,4
121,4,1,2,21,0
112,4,2,3,8,0
127,4,2,2,25,0
117,4,1,2,47,0
129,4,1,2,39,0
104,3,2,2,16,0
119,4,2,2,45,0
106,3,2,2,46,0
113,4,1,2,16,0
115,4,2,2,41,0
120,4,2,2,31,0
111,4,2,2,32,0
114,4,2,2,50,0
109,4,1,2,21,0
106,4,2,2,16,0
116,4,2,3,42,0
114,4,1,3,40,0
113,4,1,2,16,0
107,3,1,2,38,0
125,4,1,2,13,0
120,4,1,2,22,0
109,4,2,2,9,0
999,9,2,2,5,9
113,4,2,2,18,0
101,3,2,2,26,0
109,4,1,2,17,0
122,4,2,2,33,0
103,3,2,2,19,0
97,3,2,1,10,0
113,4,1,2,31,0
110,4,2,2,17,0
999,9,1,2,2,9
118,4,1,2,44,0
117,4,2,2,59,0
118,4,2,2,10,0
87,2,2,2,13,0
999,9,1,3,4,9
129,4,1,2,48,0
110,4,2,2,43,0
118,4,2,2,41,0
130,4,2,2,38,0
112,4,1,3,11,0
124,4,1, ,40,0
114,4,1,2,47,0
111,4,2,3,43,0
999,9,1,3,2,9
105,3,1,2,39,0
84,2,2,2,13,0
106,3,1,2,30,0
102,3,2,3,11,0
999,9,1,3,15,4
119,4,1,2,35,0
119,4,1,2,12,0
110,4,1,2,29,0
84,2,2,2,10,0
108,3,1,2,41,0
114,4,2,2,24,0
111,4,2,3,33,0
104,3,1,3,11,0
110,4,2,2,41,0
110,4,2,2,53,0
110,4,1,3,15,0
118,4,2,3,18,0
127,4,2,2,31,0
102,3,1,3,13,0
105,4,2,3,17,0
113,4,2,2,41,0
131,4,2,3,10,0
119,4,1,3,34,0
115,4,2,2,26,0
113,4,2,2,23,0
99,2,2,2,54,0
109,3,2, ,41,0
103,3,2,2,7,0
105,3,2,2,24,0
106,3,1,2,36,0
116,4,1,2,19,0
94,2,1,2,13,0
115,4,1,3,20,0
110,4,1,3,53,0
97,3,2,3,16,0
129,4,1,3,24,0
999,9,1,2,4,9
98,2,2, ,42,0
100,3,1,2,30,0
93,2,2,2,15,0
104,3,1,1,21,0
95,3,1,2,12,0
116,4,2,2,17,0
106,3,1,2,49,0
106,4,2,3,8,0
999,9,1,2,58,6
102,3,2,2,15,0
999,9,1,2,3,9
128,4,1,2,43,0
127,4,1,2,43,0
131,4,1,2,51,0
104,3,2,2,32,0
124,4,2,3,25,0
107,3,2,2,24,0
114,4,1,2,33,0
104,3,1,3,7,0
101,3,1,2,8,0
121,4,2,2,22,0
114,4,2,2,22,0
106,4,1,2,20,0
999,9,2,2,5,9
110,4,2,2,37,0
113,4,2,2,52,0
102,3,1,2,13,0
115,4,1, ,50,0
99,2,2,2,49,0
112,4,1,2,37,0
127,4,2,2,29,0
105,3,2,3,31,0
105,3,2,2,34,0
115,4,1,3,53,0
115,4,1,3,49,0
119,4,1,3,22,0
110,4,2,1,36,0
113,4,2,2,22,0
107,3,2,2,55,0
116,4,2,2,40,0
104,3,2,1,27,0
121,4,1,2,54,0
118,4,1,1,40,0
111,4,1,1,46,0
112,4,1,1,42,0
130,4,1,1,59,0
109,3,1,2,34,0
122,4,2,2,28,0
999,9,2,2,5,9
129,4,2,2,59,0
100,3,1,2,11,0
87,2,1,2,13,0
119,4,2,1,22,0
124,4,2,2,46,0
109,3,2,2,28,0
118,4,2,2,49,0
106,3,2,2,51,0
99,3,1,2,8,0
112,4,1,3,42,0
124,4,2,3,11,0
116,4,2,3,44,0
126,4,1,3,31,0
94,2,2,3,7,0
106,4,1,2,14,0
111,4,1,2,8,0
124,4,2,2,56,0
135,4,1,2,46,0
120,4,1,2,13,0
120,4,2,3,32,0
129,4,2,2,58,0
110,4,1,2,27,0
118,4,1,3,41,0
108,4,2,1,8,0
111,4,2,3,19,0
128,4,1,3,49,0
116,4,1,2,54,0
126,4,1,3,38,0
999,9,1,3,2,9
112,4,1,2,24,0
112,4,1,3,9,0
118,4,1,3,48,0
102,3,2,3,12,0
999,9,2,3,5,9
118,4,2,2,21,0
112,4,1,2,10,0
115,4,1,2,43,0
999,9,2,2,24,4
115,4,2,3,17,0
81,2,1,2,9,0
105,4,2,3,9,0
115,4,1,2,12,0
131,4,2,2,28,0
108,4,1,2,23,0
999,9,2,2,0,9
122,4,2,2,25,0
110,4,1,2,40,0
121,4,1,2,44,0
147,4,1, ,36,0
125,4,2,2,59,0
115,4,2,2,17,0
113,4,2,2,24,0
111,4,1,2,41,0
120,4,1,2,50,0
102,3,1,2,18,0
124,4,2,2,51,0
115,4,1,2,54,0
88,2,2,2,12,0
119,4,1,2,37,0
999,9,2,2,4,9
128,4,1,1,34,0
119,4,2,3,13,0
999,9,1,3,1,9
117,4,1,3,17,0
107,4,1,2,11,0
125,4,1,2,59,0
113,4,2,2,59,0
999,9,2,2,3,9
106,3,1,1,24,0
128,4,1,2,52,0
121,4,2,2,52,0
112,4,2,2,11,0
120,4,2,2,49,0
999,9,2,2,0,9
110,4,1,3,11,0
111,4,2,3,47,0
105,4,1,1,10,0
130,4,2,3,42,0
99,2,1,2,35,0
106,4,2,2,12,0
107,3,1,2,52,0
999,9,2,3,5,9
999,9,2,3,5,9
108,3,2,0,43,0
115,4,2,2,26,0
134,4,2,2,36,0
109,3,2,2,38,0
110,4,1,2,37,0
94,2,1,2,11,0
112,4,1,2,23,0
999,9,1,1,3,9
101,3,1,1,10,0
118,4,1,1,33,0
105,4,1,2,8,0
123,4,1,1,56,0
125,4,1,1,18,0
109,3,1, ,56,0
106,4,1,1,7,0
121,4,1,1,53,0
125,4,2,0,21,0
105,4,1,2,23,0
102,3,1,1,11,0
107,3,2,1,27,0
112,4,1,1,52,0
100,3,1,2,20,0
127,4,1,1,57,0
117,4,2,1,41,0
120,4,1,1,36,0
108,4,2,1,21,0
123,4,2,2,55,0
86,2,1,2,9,0
101,3,2,1,26,0
121,4,2,2,49,0
108,3,2,2,59,0
124,4,1,3,16,0
134,4,2,2,20,0
110,4,1, ,39,0
88,2,2,3,6,0
121,4,1,2,55,0
97,2,1, ,49,0
117,4,1,2,17,0
111,4,1,2,14,0
999,9,1,2,18,4
122,4,2,2,56,0
122,4,2, ,53,0
100,3,2,2,8,0
92,2,1,3,24,0
114,4,1,3,24,0
113,4,1,2,31,0
123,4,1,2,34,0
121,4,2,2,27,0
107,3,1,2,38,0
115,4,1,2,49,0
107,4,1,2,18,0
999,9,1,2,5,9
999,9,2,2,5,9
105,3,2,2,41,0
999,9,2,2,6,4
135,4,2,2,27,0
135,4,1,2,47,0
131,4,2,2,45,0
90,2,1,2,55,0
103,3,2,1,8,0
119,4,2,1,57,0
99,3,1,2,7,0
119,4,2,2,45,0
999,9,1,2,5,9
999,9,1,3,25,4
999,9,1,3,5,9
134,4,1,2,30,0
113,4,2,2,35,0
123,4,1,3,31,0
110,4,1,3,12,0
99,3,1,2,23,0
109,4,1,3,19,0
122,4,1,2,58,0
128,4,2,2,24,0
114,4,1, ,14,0
105,4,2,1,20,0
128,4,2,2,40,0
115,4,2,2,20,0
999,9,2,2,2,9
112,4,2,2,40,0
108,4,1,2,21,0
103,3,2,3,10,0
104,3,2,2,6,0
98,3,2,2,14,0
115,4,2,2,55,0
110,4,2,2,38,0
108,3,1,2,53,0
111,4,1,2,16,0
104,3,2,2,53,0
122,4,2,2,25,0
107,3,2,2,36,0
124,4,1,2,56,0
126,4,1,2,51,0
119,4,1, ,12,0
121,4,2,2,40,0
105,3,1,2,24,0
115,4,2,2,16,0
116,4,1,3,56,0
112,4,2,2,53,0
125,4,1,3,31,0
112,4,2,3,14,0
98,3,1,3,8,0
119,4,2,3,36,0
111,4,1,2,34,0
119,4,2,2,49,0
113,4,1,2,59,0
113,4,1,2,16,0
115,4,1,2,40,0
999,9,1,2,2,9
999,9,1,2,36,4
139,4,1,2,52,0
136,4,1,2,24,0
126,4,1,2,22,0
125,4,1,2,44,0
107,4,2,2,9,0
114,4,2,3,54,0
106,4,1,2,16,0
122,4,1,2,46,0
119,4,2,2,21,0
127,4,2,2,57,0
114,4,2,3,33,0
112,4,1,3,6,0
120,4,2,2,7,0
105,3,1,2,44,0
110,4,1,2,18,0
91,2,2,2,30,0
999,9,2,2,4,9
999,9,2,3,8,4
115,4,1,2,22,0
120,4,1,2,6,0
999,9,2,2,54,4
123,4,2,2,55,0
101,3,2,1,35,0
116,4,2,2,46,0
112,4,1,1,25,0
106,4,1,2,23,0
118,4,2,2,26,0
109,3,2,2,41,0
107,3,1,1,26,0
127,4,2,1,59,0
106,3,2,2,29,0
115,4,1,1,54,0
121,4,2,1,38,0
117,4,1,1,42,0
120,4,2,1,53,0
132,4,1,2,33,0
98,3,1,2,11,0
120,4,1,2,27,0
98,3,1,2,6,0
116,4,1,2,52,0
143,4,2,1,20,0
96,3,1,1,11,0
120,4,2,1,58,0
115,4,1,2,37,0
113,4,2,2,41,0
999,9,2,2,4,9
999,9,2,1,39,3
94,2,2,2,18,0
123,4,1,2,44,0
106,3,1,0,33,0
97,2,2,1,41,0
109,3,2,1,33,0
113,4,1,1,56,0
94,2,2,2,11,0
114,4,2,2,49,0
106,3,2,1,56,0
126,4,2,2,50,0
120,4,2,1,33,0
100,3,2,2,18,0
89,2,2,2,19,0
123,4,1,2,39,0
82,2,2,2,10,0
114,4,1,2,47,0
83,2,1,2,10,0
133,4,1,2,36,0
116,4,2,2,13,0
120,4,2,2,51,0
118,4,1,2,43,0
113,4,1,2,46,0
121,4,2,2,17,0
112,4,2,2,43,0
100,3,1,2,9,0
115,4,1,2,52,0
999,9,2,2,1,9
111,4,1,2,33,0
999,9,1,2,5,9
999,9,1,3,59,4
116,4,1,3,41,0
999,9,1,2,5,9
114,4,1,2,34,0
121,4,2,2,20,0
128,4,2,2,55,0
118,4,1,2,16,0
124,4,1,2,53,0
106,3,1,2,44,0
117,4,2,2,17,0
123,4,2,3,21,0
999,9,1,2,1,9
115,4,2,2,48,0
134,4,1,2,52,0
106,4,1,2,12,0
93,2,2,2,9,0
127,4,2,2,48,0
112,4,2,2,21,0
124,4,1,2,37,0
999,9,2,2,4,9
107,4,1,3,14,0
115,4,1,2,42,0
120,4,1,3,21,0
121,4,1,2,25,0
102,3,1,2,56,0
112,4,2,2,13,0
109,4,2,2,11,0
107,3,1,2,51,0
108,3,1,2,34,0
129,4,1,3,50,0
999,9,1,3,6,4
125,4,2,2,35,0
115,4,1,2,11,0
123,4,1,2,46,0
112,4,1,3,7,0
109,3,2,3,29,0
103,3,2,3,6,0
124,4,1,3,54,0
999,9,1,3,19,4
999,9,1,2,34,6
103,3,2,3,7,0
114,4,2,2,56,0
127,4,1,3,56,0
120,4,1,3,16,0
115,4,1,2,41,0
108,4,2,2,20,0
106,3,1,2,40,0
125,4,2,3,36,0
135,4,2,3,36,0
115,4,2,2,7,0
114,4,2,2,46,0
115,4,1,2,29,0
125,4,2,2,43,0
999,9,2,2,3,9
112,4,2,1,6,0
125,4,1,2,57,0
999,9,1,2,5,9
113,4,2,2,56,0
999,9,1,3,1,9
123,4,1,1,39,0
117,4,1,3,16,0
114,4,2,2,10,0
123,4,2,2,45,0
128,4,1,3,30,0
121,4,2,3,41,0
123,4,2,2,13,0
124,4,1,3,57,0
126,4,1,3,27,0
130,4,2,2,9,0
107,4,1,2,19,0
116,4,1,2,16,0
133,4,2,2,27,0
999,9,2,2,4,9
107,3,2,2,34,0
99,3,1,2,18,0
102,3,2,3,20,0
999,9,1,2,4,9
115,4,1,2,45,0
123,4,1,3,19,0
107,3,2,2,29,0
107,4,1,2,11,0
110,4,2,2,23,0
119,4,1,2,57,0
103,3,2,2,31,0
124,4,1,2,51,0
131,4,2,3,46,0
123,4,2,3,43,0
117,4,1,3,15,0
119,4,2,3,26,0
106,4,2,3,23,0
104,3,1,2,15,0
104,3,2,2,20,0
110,4,2,2,45,0
116,4,2,2,34,0
106,3,1,2,59,0
109,3,2,2,26,0
114,4,1,2,34,0
103,3,2,2,13,0
100,3,2,2,33,0
122,4,2,2,45,0
105,4,2,2,22,0
106,3,1,2,31,0
106,3,1,3,49,0
999,9,1,2,4,9
119,4,2, ,44,0
124,4,1, ,30,0
119,4,1,3,58,0
999,9,2,2,4,9
116,4,2,3,16,0
125,4,2,2,14,0
114,4,2,2,39,0
87,2,1,2,48,0
118,4,1, ,40,0
130,4,1,1,9,0
118,4,2,3,32,0
129,4,1,2,19,0
100,3,1,2,13,0
98,3,2,2,10,0
107,3,2,2,41,0
116,4,2,2,35,0
94,2,1,2,13,0
115,4,2,2,22,0
139,4,1,3,36,0
98,2,2,2,26,0
999,9,1,2,3,9
127,4,1,2,26,0
113,4,1,3,12,0
134,4,2,2,29,0
134,4,2,2,54,0
117,4,1, ,25,0
117,4,1,1,45,0
110,4,2,1,21,0
129,4,1,2,44,0
119,4,2,2,59,0
122,4,1,2,35,0
101,3,2,2,22,0
999,9,2,2,1,9
119,4,1,3,40,0
127,4,1,2,36,0
117,4,1,2,16,0
122,4,2,2,42,0
114,4,2, ,33,0
130,4,1,2,57,0
115,4,1,2,37,0
109,4,1,3,9,0
119,4,2,2,46,0
123,4,1,3,39,0
126,4,2,3,32,0
126,4,1,3,16,0
115,4,1,3,20,0
110,4,2,2,18,0
122,4,2,2,48,0
117,4,1,2,52,0
109,3,2,3,57,0
105,4,1,3,20,0
111,4,2,2,18,0
115,4,1,3,31,0
999,9,2,3,4,9
92,2,2,2,6,0
137,4,2,3,24,0
999,9,1,2,4,9
999,9,1,2,20,4
999,9,1,2,7,4
127,4,1,3,41,0
119,4,1,3,27,0
123,4,1,3,35,0
116,4,1,2,51,0
127,4,1,2,58,0
122,4,2,2,13,0
130,4,2,3,20,0
122,4,2,2,28,0
124,4,2,2,38,0
112,4,1,2,8,0
117,4,1,2,40,0
105,4,2,2,8,0
110,4,2,2,17,0
119,4,2, ,51,0
101,3,1,2,9,0
105,4,1,3,17,0
111,4,1,1,28,0
999,9,1,2,4,9
121,4,1,2,41,0
114,4,1,2,59,0
117,4,1,2,41,0
111,4,2,3,35,0
128,4,1,2,47,0
121,4,1,2,18,0
101,3,1,2,30,0
107,4,1,2,6,0
112,4,2,2,45,0
134,4,2,3,21,0
119,4,1,3,19,0
129,4,1, ,38,0
113,4,2,2,11,0
126,4,2,2,23,0
114,4,2,2,19,0
124,4,1,2,43,0
124,4,2,2,51,0
116,4,2,2,55,0
127,4,2,2,31,0
122,4,2,2,31,0
115,4,1,2,9,0
999,9,1,2,2,9
118,4,2,2,42,0
999,9,1,2,5,9
118,4,1,2,25,0
117,4,1,2,35,0
116,4,2,2,45,0
115,4,2,2,56,0
108,3,2,2,45,0
116,4,2,3,42,0
117,4,2,3,24,0
999,9,2,3,41,4
128,4,2,2,52,0
107,4,2,2,18,0
119,4,1,3,35,0
109,4,2,2,10,0
125,4,2,2,40,0
115,4,2,2,50,0
125,4,2,3,35,0
999,9,1,2,3,9
122,4,1,2,41,0
125,4,1,3,35,0
109,3,2,2,29,0
123,4,2,2,54,0
118,4,2,2,46,0
110,4,1,2,24,0
110,4,1,1,10,0
106,4,1,2,19,0
104,3,1,2,14,0
999,9,2,2,5,9
122,4,1,2,27,0
126,4,2,2,33,0
999,9,2,2,23,4
120,4,1,2,28,0
123,4,1,2,42,0
124,4,2,3,48,0
94,2,2,3,14,0
99,3,1,3,11,0
999,9,2,3,3,9
999,9,1,2,3,9
114,4,1,3,9,0
127,4,2,2,14,0
117,4,2,2,43,0
117,4,1,2,15,0
109,3,1,2,36,0
113,4,1,2,28,0
123,4,2,2,26,0
127,4,2,2,37,0
109,4,2,3,20,0
110,4,1,2,48,0
100,3,1,2,24,0
113,4,1,3,24,0
121,4,1,2,38,0
109,3,2,2,41,0
113,4,1,3,15,0
124,4,1,2,32,0
114,4,1,2,51,0
113,4,2,3,46,0
98,3,2,3,10,0
128,4,1,2,44,0
113,4,1,3,28,0
112,4,2,2,13,0
119,4,1,3,16,0
124,4,1,3,14,0
114,4,2,1,26,0
119,4,2,3,51,0
112,4,1,2,48,0
111,4,2,3,14,0
102,3,1,2,25,0
98,3,1,2,20,0
124,4,1,1,54,0
112,4,2,3,39,0
114,4,2,1,12,0
120,4,1,1,53,0
116,4,2,1,24,0
89,2,1,2,10,0
116,4,2,2,39,0
111,4,1,2,30,0
999,9,1,2,3,9
117,4,2,2,22,0
107,4,1,2,6,0
109,3,1,2,31,0
113,4,2, ,46,0
121,4,1,2,39,0
100,3,1,2,15,0
113,4,1,2,57,0
102,3,1,2,36,0
112,4,2,3,25,0
999,9,1,2,1,9
126,4,1,3,29,0
121,4,2,3,30,0
106,4,1,2,7,0
121,4,1,2,8,0
120,4,1,2,55,0
108,3,1,2,27,0
96,3,1,2,8,0
115,4,1,2,13,0
999,9,2,2,3,9
117,4,2,2,51,0
108,3,1,3,43,0
117,4,1,2,46,0
106,4,1,2,13,0
121,4,1,2,46,0
114,4,1,2,13,0
124,4,1,3,41,0
116,4,2,2,59,0
119,4,2,2,40,0
123,4,2,2,57,0
106,4,2,2,10,0
110,4,1,2,30,0
108,3,1,3,41,0
97,2,2,2,25,0
105,3,1,1,30,0
124,4,2,2,58,0
107,3,1,2,29,0
112,4,2,2,19,0
115,4,1,2,12,0
120,4,1,2,33,0
115,4,2,1,18,0
107,4,1,2,7,0
115,4,1,3,42,0
122,4,2,2,33,0
111,4,2,2,51,0
100,3,2,2,8,0
115,4,2,1,53,0
116,4,1,2,6,0
124,4,1,2,56,0
111,4,2,1,46,0
115,4,1,2,52,0
130,4,2,3,36,0
129,4,1,2,19,0
108,3,2,2,42,0
121,4,2,2,16,0
96,3,2,2,10,0
99,2,1,2,46,0
110,4,2,3,8,0
113,4,1,2,43,0
106,3,2,2,34,0
103,3,1,2,26,0
119,4,1,2,33,0
100,3,1,2,13,0
130,4,2, ,47,0
116,4,2,2,7,0
130,4,1,3,25,0
122,4,1,2,33,0
108,4,2,2,8,0
111,4,2,2,43,0
102,3,1,2,13,0
999,9,1,3,45,3
999,9,2,2,6,4
102,3,1,2,40,0
105,3,2,2,33,0
999,9,1,2,0,9
98,2,1,2,46,0
115,4,2,2,20,0
109,3,2,1,36,0
88,2,1,2,8,0
95,3,1,2,8,0
110,4,2,2,6,0
113,4,2,2,50,0
117,4,1,2,25,0
112,4,1,3,47,0
113,4,2,2,14,0
115,4,1,2,37,0
122,4,2,2,37,0
116,4,2,3,25,0
106,3,1,2,30,0
89,2,2,1,22,0
102,3,2,2,36,0
99,3,1,2,12,0
999,9,1,2,4,9
119,4,2,2,37,0
124,4,2, ,54,0
126,4,2,2,51,0
108,4,2,2,19,0
999,9,2,2,3,9
119,4,1,2,22,0
113,4,1,1,37,0
119,4,1,3,54,0
112,4,1,1,23,0
105,3,2,1,53,0
108,4,1,2,11,0
108,4,1,2,21,0
999,9,2,2,4,9
91,2,2,2,27,0
999,9,2,2,0,9
110,4,1,2,14,0
101,3,2,2,13,0
107,4,2,1,18,0
118,4,1,2,57,0
103,3,2,2,31,0
109,3,2,2,59,0
108,3,1,2,47,0
119,4,1,2,53,0
102,3,1,2,17,0
108,3,1,2,24,0
126,4,2,2,13,0
118,4,1,2,47,0
113,4,2,3,41,0
94,2,1,2,22,0
108,4,1,2,16,0
109,3,1,2,57,0
100,3,1,2,46,0
109,4,1,2,20,0
115,4,1,2,15,0
104,3,2,2,38,0
116,4,2,2,49,0
104,3,1,2,21,0
105,4,2,2,22,0
102,3,2,2,19,0
95,2,2,1,38,0
115,4,1,1,38,0
99,2,1,1,37,0
119,4,1,2,36,0
124,4,1, ,32,0
114,4,1,2,38,0
84,2,1,2,29,0
119,4,1,2,12,0
104,3,1,1,31,0
109,3,2,1,44,0
124,4,1,2,23,0
97,2,2,3,25,0
131,4,1,2,32,0
103,3,1,1,50,0
100,3,2,1,22,0
112,4,2,2,23,0
107,4,1,2,11,0
999,9,2,2,5,9
108,4,2,2,8,0
110,4,2,1,43,0
124,4,2,3,53,0
115,4,1,3,19,0
100,3,1,2,41,0
92,2,2,2,13,0
125,4,1,2,45,0
120,4,1,2,55,0
999,9,2,2,4,9
121,4,1,1,50,0
121,4,2,1,54,0
999,9,1,1,4,9
125,4,2,2,36,0
999,9,1,2,1,9
117,4,2,2,30,0
108,3,1,2,59,0
999,9,1,2,2,9
118,4,1,2,25,0
100,3,1,2,52,0
107,3,1,2,30,0
93,2,2,2,6,0
100,3,1,2,35,0
89,2,2,2,7,0
115,4,1,2,46,0
115,4,2,2,53,0
127,4,2,2,22,0
99,3,2,2,10,0
97,2,2, ,35,0
120,4,2,2,50,0
106,3,2,2,29,0
92,2,1,2,7,0
107,3,1,1,59,0
115,4,2,1,20,0
114,4,2,1,38,0
999,9,2,1,1,9
104,3,2,2,50,0
99,2,1,2,24,0
107,3,2,2,26,0
112,4,1,2,16,0
97,2,2,1,35,0
129,4,2,1,49,0
111,4,2,1,24,0
117,4,1,2,41,0
95,3,1,2,10,0
119,4,1,2,24,0
119,4,2,2,43,0
110,4,1,2,41,0
118,4,2, ,18,0
102,3,2,1,44,0
104,3,1,2,51,0
110,4,2,2,30,0
112,4,2,1,49,0
97,3,2,2,11,0
126,4,2,2,48,0
104,3,1,2,19,0
999,9,1,2,3,9
104,3,1,1,56,0
86,2,1,2,7,0
117,4,1, ,50,0
105,3,1,2,31,0
999,9,2,2,2,9
119,4,1,1,36,0
116,4,2,2,49,0
111,4,2,2,10,0
110,4,2,2,26,0
107,3,2,1,45,0
110,4,2,2,32,0
110,4,1,2,7,0
116,4,2,1,27,0
111,4,1,1,38,0
999,9,1,1,5,9
99,2,1,2,59,0
111,4,2,1,32,0
113,4,2,2,33,0
105,3,1,2,28,0
104,3,1,3,53,0
93,2,2,2,8,0
127,4,1,3,40,0
102,3,2,3,28,0
999,9,1,3,2,9
135,4,1,2,46,0
108,3,2,3,47,0
117,4,1,3,17,0
112,4,1,3,19,0
110,4,2,3,41,0
99,3,2,2,13,0
999,9,2,3,3,9
124,4,2,2,26,0
113,4,2,2,20,0
115,4,2,2,18,0
102,3,1,2,14,0
123,4,1,2,30,0
137,4,2,3,39,0
86,2,1,2,22,0
112,4,2,2,37,0
117,4,2,2,53,0
999,9,1,2,2,9
103,3,2,3,7,0
97,3,2,2,10,0
110,4,1, ,55,0
117,4,2,3,40,0
99,2,1,3,36,0
109,4,1,2,18,0
120,4,2,2,45,0
116,4,2,2,17,0
999,9,1,2,4,9
122,4,1,2,22,0
124,4,2,2,51,0
99,2,2,2,37,0
120,4,1,2,46,0
999,9,1,2,5,9
116,4,1,2,46,0
114,4,2, ,24,0
113,4,2,2,49,0
119,4,2,3,53,0
999,9,2,3,2,9
97,3,1,2,6,0
127,4,1,2,30,0
111,4,1,2,36,0
131,4,2,2,50,0
999,9,1,2,21,6
102,3,1,2,50,0
100,3,1,3,17,0
105,4,1,2,11,0
116,4,1,1,18,0
116,4,2,2,18,0
120,4,1,2,26,0
105,3,2,2,54,0
999,9,2,2,3,9
126,4,2,2,39,0
113,4,2,2,52,0
105,3,1,2,33,0
113,4,1,1,21,0
125,4,2,2,25,0
999,9,1,2,2,9
116,4,1,2,27,0
94,2,1,2,8,0
96,2,2,2,26,0
104,3,1,2,8,0
104,3,2,2,30,0
101,3,2,2,8,0
119,4,2,2,49,0
107,3,1,2,34,0
109,3,1,2,40,0
107,3,2,2,37,0
101,3,1,2,30,0
99,3,2,2,14,0
99,2,2,2,29,0
115,4,1,2,39,0
114,4,1,2,42,0
91,2,1,1,53,0
117,4,1,2,51,0
130,4,1,2,35,0
109,3,2,2,24,0
121,4,1,2,52,0
124,4,1,2,21,0
112,4,2,2,16,0
117,4,1,2,54,0
116,4,2,2,30,0
999,9,2,2,3,9
121,4,2,3,17,0
120,4,2,2,8,0
112,4,1,2,43,0
113,4,1,2,7,0
120,4,1,2,15,0
98,3,1,2,15,0
102,3,2,2,38,0
100,3,1,2,32,0
123,4,2,1,46,0
999,9,2,2,3,9
126,4,2, ,38,0
98,2,1,2,40,0
121,4,2,2,58,0
106,3,1,2,34,0
111,4,2,2,16,0
124,4,2,2,57,0
107,4,1,2,6,0
114,4,1,2,18,0
121,4,1,1,51,0
106,3,1,2,42,0
104,3,1,2,15,0
110,4,2,2,50,0
111,4,2,2,24,0
83,2,1,1,6,0
104,3,1,1,58,0
108,4,1, ,20,0
109,3,1,2,29,0
123,4,1,2,51,0
101,3,2,2,11,0
102,3,1,2,11,0
94,2,1,2,14,0
999,9,1,2,0,9
122,4,2,2,50,0
114,4,2,2,50,0
108,4,2,2,8,0
109,4,1,2,6,0
999,9,2,2,5,9
124,4,1,2,39,0
999,9,1,2,2,9
115,4,2,2,15,0
105,3,1,2,32,0
107,3,1,2,30,0
115,4,2,2,21,0
999,9,1,2,3,9
94,2,1,2,24,0
94,2,2,2,18,0
114,4,2,2,18,0
122,4,2,2,26,0
999,9,1,2,0,9
127,4,1,2,56,0
92,2,1, ,22,0
114,4,2,2,42,0
107,3,1,2,59,0
103,3,2,3,33,0
999,9,2,3,4,9
102,3,2,2,11,0
123,4,1,2,36,0
110,4,2,2,26,0
113,4,2,3,57,0
999,9,2,3,1,9
110,4,1,2,7,0
100,3,2,2,26,0
128,4,2,2,23,0
116,4,2,2,27,0
127,4,1,2,41,0
114,4,2,2,12,0
999,9,1,3,30,4
105,4,1,3,7,0
114,4,2,2,51,0
120,4,2,2,45,0
999,9,1,2,41,4
102,3,2,2,35,0
130,4,1,3,41,0
999,9,1,3,2,9
99,3,1,2,15,0
108,3,2,2,24,0
120,4,2,3,41,0
106,4,2,2,20,0
105,3,2,3,43,0
111,4,1, ,27,0
94,2,1,2,32,0
115,4,2,2,38,0
123,4,1,2,25,0
109,3,1,2,33,0
121,4,1,2,57,0
104,3,1,2,38,0
102,3,1,2,38,0
107,3,2,2,29,0
106,3,1, ,55,0
106,4,1,2,13,0
999,9,1,2,4,9
117,4,1,2,39,0
111,4,1,2,19,0
114,4,1,2,25,0
113,4,1,2,59,0
76,2,1,2,8,0
127,4,2,2,23,0
122,4,2,2,34,0
107,4,2, ,21,0
108,3,1,3,28,0
107,3,2,3,27,0
121,4,1,2,39,0
114,4,1,2,45,0
99,2,1,2,29,0
132,4,1,2,51,0
112,4,1,3,56,0
99,3,2,3,7,0
113,4,2,2,57,0
102,3,1,2,18,0
127,4,1,3,17,0
118,4,1,2,46,0
999,9,1,3,2,9
999,9,1,2,5,9
117,4,1,2,15,0
114,4,1, ,58,0
108,4,1,2,10,0
123,4,1,2,50,0
119,4,1,3,20,0
117,4,2,2,36,0
109,3,2,2,51,0
113,4,2,3,52,0
115,4,2,3,16,0
131,4,1,3,26,0
119,4,1,2,31,0
108,3,2,3,38,0
122,4,2,2,38,0
999,9,2,2,4,9
110,4,1,2,32,0
104,3,2,2,12,0
117,4,1,3,55,0
120,4,2,3,22,0
120,4,1,2,46,0
112,4,1,2,33,0
137,4,1,2,53,0
91,2,2,2,10,0
115,4,1,2,30,0
999,9,2,2,5,9
121,4,1,2,49,0
121,4,2,2,57,0
114,4,1,2,39,0
116,4,1,2,37,0
122,4,2,3,45,0
111,4,1,3,18,0
93,2,2,2,18,0
127,4,1,2,54,0
115,4,1,2,20,0
126,4,2,2,29,0
110,4,2,2,7,0
137,4,2,2,41,0
126,4,1,2,42,0
128,4,1,2,48,0
105,4,2,2,11,0
105,4,2,3,16,0
118,4,2,2,36,0
110,4,1,3,9,0
111,4,1,2,25,0
86,2,2,2,13,0
115,4,1,2,55,0
999,9,2,2,28,6
110,4,2,2,31,0
127,4,1,3,36,0
132,4,1,2,44,0
116,4,1,2,33,0
123,4,2,2,36,0
103,3,1,2,25,0
999,9,2,3,20,4
999,9,2,2,1,9
122,4,1,2,52,0
99,2,2,2,40,0
999,9,2,2,1,9
122,4,2,3,17,0
130,4,1,2,55,0
111,4,2,2,40,0
104,3,2,2,13,0
114,4,2,1,50,0
105,4,2,2,12,0
100,3,1,2,20,0
102,3,1,2,20,0
118,4,2,2,54,0
109,3,1,2,34,0
123,4,1,1,27,0
109,4,2,2,13,0
113,4,1,1,43,0
117,4,2,2,40,0
130,4,2,2,52,0
124,4,2,3,58,0
93,2,1, ,37,0
118,4,2,2,11,0
130,4,1,2,28,0
108,3,1,2,43,0
107,4,1,2,12,0
107,3,1,3,56,0
116,4,2,3,53,0
115,4,1,3,30,0
118,4,2,2,45,0
112,4,1,2,52,0
999,9,1,2,27,4
107,3,2,2,43,0
100,3,2,2,11,0
118,4,1,2,49,0
130,4,1,2,57,0
999,9,2,2,5,9
118,4,2,1,38,0
109,4,2,2,7,0
118,4,2,2,44,0
999,9,1,2,5,9
92,2,1,2,9,0
109,3,1,2,32,0
999,9,1,1,18,4
111,4,1,3,34,0
118,4,1,2,15,0
105,3,2,2,26,0
96,3,1,2,8,0
126,4,1,1,53,0
999,9,2,1,0,9
110,4,1,1,40,0
112,4,1,2,42,0
108,3,2,2,45,0
111,4,2,2,15,0
114,4,2,1,48,0
105,3,2,2,30,0
107,3,1,2,24,0
120,4,1,1,39,0
130,4,1,2,29,0
122,4,1,2,52,0
109,3,1,1,42,0
999,9,2,2,0,9
113,4,1,1,43,0
119,4,2,1,29,0
94,2,1,1,9,0
107,3,2,2,31,0
120,4,1,1,29,0
110,4,1,1,45,0
131,4,2,2,53,0
109,3,1,2,36,0
117,4,1,2,30,0
98,3,1,2,11,0
128,4,2,2,43,0
110,4,1,2,33,0
103,3,2,2,19,0
105,3,1,2,36,0
999,9,2,2,3,9
118,4,1,2,27,0
114,4,2, ,53,0
125,4,1, ,44,0
999,9,1,2,1,9
118,4,2, ,37,0
105,3,2,1,41,0
105,3,2,1,51,0
115,4,2,3,23,0
102,3,1,3,8,0
115,4,1,3,21,0
999,9,2,3,5,9
108,3,2,2,37,0
101,3,2,2,37,0
110,4,2,2,11,0
999,9,2,3,54,4
999,9,1,3,41,4
116,4,1,1,16,0
131,4,1,2,29,0
136,4,1,3,37,0
126,4,2,2,38,0
118,4,2,2,55,0
98,3,2,2,6,0
118,4,2,2,49,0
100,3,2, ,23,0
110,4,1,2,45,0
114,4,2,2,6,0
118,4,1,3,52,0
118,4,2,2,13,0
131,4,1,2,38,0
116,4,2,2,22,0
118,4,2,2,39,0
125,4,1,3,41,0
140,4,2,1,54,0
109,4,1,2,20,0
117,4,1,3,27,0
119,4,2,2,50,0
999,9,1,2,5,9
112,4,2,2,47,0
117,4,2,2,23,0
136,4,1,2,58,0
101,3,1,1,10,0
122,4,1,1,35,0
113,4,1,3,6,0
109,4,1,2,7,0
121,4,1,2,13,0
126,4,2,2,52,0
113,4,2,2,12,0
124,4,1,2,13,0
113,4,2,2,28,0
124,4,1,2,45,0
123,4,2,2,30,0
125,4,2,3,46,0
101,3,1,3,16,0
113,4,1,2,34,0
102,3,1,2,19,0
109,3,1, ,53,0
999,9,1,2,0,9
123,4,1,3,32,0
98,3,1,2,18,0
98,3,2,3,11,0
111,4,2,2,26,0
999,9,2,2,2,9
110,4,1,2,45,0
125,4,2,2,50,0
87,2,1,1,30,0
120,4,2,2,38,0
999,9,2,1,5,9
115,4,1,1,26,0
122,4,1,3,43,0
97,3,2,3,17,0
92,2,2,2,18,0
85,2,1,2,11,0
110,4,1,2,27,0
120,4,2,2,33,0
133,4,1,2,54,0
999,9,1,3,0,9
999,9,1,2,4,9
94,2,2,1,9,0
123,4,1,2,46,0
83,2,1,1,10,0
119,4,2,1,38,0
104,3,1,2,39,0
105,4,1,2,7,0
106,4,1,2,8,0
122,4,1,2,31,0
999,9,2,2,2,9
116,4,1,2,51,0
118,4,2,2,56,0
999,9,2,1,3,9
114,4,1,2,28,0
95,3,1,2,10,0
92,2,1,2,12,0
131,4,1,2,39,0
116,4,1,2,53,0
127,4,1,2,36,0
108,4,2,1,13,0
114,4,1,2,15,0
118,4,2,2,59,0
118,4,2,2,50,0
107,3,1,2,24,0
123,4,1,2,41,0
122,4,1,2,21,0
127,4,1,2,38,0
101,3,2,2,47,0
120,4,2,2,9,0
999,9,2,2,3,9
104,3,2,2,58,0
115,4,1,2,41,0
123,4,2,1,53,0
98,2,1,2,59,0
121,4,2,2,52,0
90,2,2,2,59,0
98,3,2,2,9,0
107,3,2,2,36,0
109,4,1,1,18,0
120,4,1,2,42,0
111,4,1,1,42,0
128,4,2,2,50,0
113,4,2,2,29,0
119,4,1,2,53,0
115,4,2,2,8,0
111,4,2,2,20,0
117,4,2,1,37,0
118,4,1,1,58,0
130,4,2,1,55,0
122,4,2,1,18,0
119,4,2,1,51,0
113,4,1,2,31,0
122,4,1,2,12,0
117,4,2,2,52,0
129,4,2,2,53,0
112,4,2,1,47,0
98,3,1,2,15,0
93,2,1,2,16,0
99,2,1,2,38,0
999,9,1,3,34,4
103,3,2,3,24,0
999,9,1,2,5,9
118,4,2,2,51,0
99,2,1,2,43,0
113,4,2,3,51,0
999,9,2,2,5,9
114,4,2,2,25,0
108,3,2,1,57,0
107,3,2,2,44,0
101,3,1,2,16,0
114,4,2,2,39,0
118,4,2,2,45,0
999,9,1,2,0,9
100,3,1,1,26,0
99,2,2,3,25,0
132,4,1,3,6,0
93,2,1,3,20,0
115,4,2,2,57,0
82,2,2,3,18,0
74,2,2,2,21,0
98,3,2,2,9,0
92,2,1,2,26,0
106,4,1,3,16,0
999,9,1,2,1,9
117,4,1,2,43,0
115,4,1,2,27,0
109,4,2,2,22,0
120,4,2,2,58,0
105,3,1,2,26,0
98,3,1,2,15,0
108,3,1, ,47,0
126,4,1,2,38,0
115,4,2,2,9,0
117,4,1,2,28,0
126,4,2,2,23,0
999,9,1,2,5,9
119,4,1,2,57,0
111,4,1,2,37,0
84,2,1,2,14,0
113,4,1,2,39,0
106,4,2,3,20,0
91,2,2,2,42,0
110,4,2,1,17,0
123,4,2,2,41,0
86,2,1,2,13,0
122,4,2,2,55,0
109,3,2,2,26,0
118,4,2,1,24,0
120,4,1,1,49,0
95,3,2,2,12,0
109,3,1,2,50,0
120,4,1,3,46,0
123,4,1,3,37,0
115,4,1,2,37,0
116,4,2,2,57,0
84,2,2,1,30,0
109,4,1,2,22,0
115,4,1,2,21,0
105,3,1,2,31,0
119,4,1, ,40,0
112,4,2,2,29,0
999,9,1,2,4,9
108,3,2,2,26,0
116,4,1,2,35,0
128,4,1,2,40,0
131,4,2,3,36,0
109,3,1,3,56,0
110,4,1,2,32,0
122,4,2,3,44,0
129,4,1,3,36,0
96,3,1,3,16,0
118,4,1,2,13,0
124,4,2,2,45,0
115,4,1,3,58,0
111,4,1,2,22,0
108,3,1,2,35,0
113,4,1,3,19,0
110,4,2,2,35,0
123,4,2,3,34,0
110,4,2,2,17,0
999,9,1,2,24,6
96,3,1,2,9,0
117,4,1,2,46,0
132,4,2,3,14,0
118,4,2,1,50,0
100,3,2,1,11,0
116,4,1,2,36,0
118,4,1,2,16,0
111,4,1,2,37,0
108,4,2,2,6,0
110,4,2,3,33,0
116,4,2,2,35,0
104,3,2,1,23,0
113,4,1,2,28,0
85,2,1,1,58,0
108,3,1,1,52,0
128,4,2,2,52,0
117,4,2,3,40,0
121,4,1,2,51,0
116,4,1,1,36,0
116,4,1,2,45,0
999,9,1,2,0,9
111,4,1,2,40,0
115,4,2,1,45,0
117,4,1,3,44,0
123,4,2,3,27,0
121,4,1,2,28,0
117,4,2,2,18,0
111,4,1,2,20,0
125,4,1,3,50,0
107,3,1,1,54,0
100,3,2,1,7,0
108,3,2,1,45,0
117,4,2,2,52,0
118,4,2,1,41,0
115,4,1,2,56,0
96,3,1,2,19,0
135,4,2,2,42,0
999,9,2,2,2,9
111,4,1, ,58,0
122,4,2,1,58,0
112,4,2,2,29,0
999,9,1,2,0,9
111,4,2,2,24,0
100,3,2,2,58,0
111,4,1,3,26,0
113,4,2,2,30,0
119,4,1, ,42,0
105,3,2,2,24,0
126,4,2,2,17,0
111,4,1,2,19,0
108,4,1,2,11,0
90,2,2,2,17,0
114,4,2,3,27,0
116,4,2,2,58,0
107,3,2,2,34,0
111,4,1,2,49,0
96,3,2,2,15,0
116,4,2,3,39,0
107,3,1,2,47,0
110,4,2, ,34,0
114,4,1,3,24,0
110,4,2,2,34,0
124,4,2,2,50,0
111,4,1,2,13,0
128,4,2,2,50,0
126,4,1,2,52,0
110,4,1,2,33,0
113,4,1,2,25,0
113,4,1,3,14,0
119,4,1,2,50,0
102,3,2,2,6,0
112,4,2,2,28,0
108,4,2,3,18,0
109,3,2,2,32,0
98,3,1,2,13,0
110,4,1,1,34,0
92,2,1,2,34,0
100,3,2,2,15,0
109,3,1,1,42,0
99,3,2,1,9,0
110,4,1,2,41,0
999,9,1,2,1,9
114,4,2,2,35,0
104,3,2,2,22,0
121,4,2,2,45,0
109,4,2,2,7,0
112,4,1,1,23,0
120,4,1,2,57,0
100,3,2,2,22,0
105,3,2,1,59,0
83,2,2,1,8,0
105,3,1,1,58,0
95,3,1,2,12,0
109,3,2,1,26,0
112,4,2,1,29,0
107,3,1,2,52,0
112,4,2,2,28,0
110,4,2,1,49,0
106,4,1,1,9,0
122,4,2,2,45,0
118,4,1,2,51,0
107,4,1,2,23,0
124,4,1,1,21,0
110,4,1,2,37,0
111,4,2,2,53,0
103,3,1,2,7,0
124,4,1,3,17,0
115,4,2,2,16,0
999,9,2,2,4,9
999,9,2,1,23,4
999,9,1,1,1,9
108,4,1,2,19,0
108,3,1,3,34,0
106,4,2,1,16,0
96,2,2,2,28,0
109,3,1,2,25,0
104,3,1,1,9,0
95,3,1,2,20,0
112,4,1,2,25,0
99,2,1,2,42,0
999,9,1,1,33,6
999,9,1,3,7,4
117,4,1,2,27,0
999,9,1,2,3,9
107,4,1,2,20,0
100,3,2,2,42,0
127,4,1,2,36,0
114,4,2,2,59,0
124,4,2,2,49,0
114,4,2,3,53,0
115,4,2,3,9,0
999,9,2,3,4,9
142,4,2,3,42,0
122,4,1,2,23,0
999,9,2,3,25,4
126,4,1,2,39,0
98,3,1,2,8,0
117,4,2,2,31,0
107,3,2,2,48,0
97,3,1,2,9,0
114,4,2,2,40,0
999,9,2,2,4,9
85,2,1,2,9,0
130,4,2,2,40,0
119,4,1,2,21,0
108,3,1,2,34,0
102,3,2,2,6,0
112,4,2,3,56,0
119,4,1,3,53,0
125,4,2,3,49,0
115,4,1,3,49,0
118,4,2,3,58,0
101,3,2,2,12,0
109,3,2,3,59,0
99,2,1,3,39,0
120,4,1,2,18,0
117,4,1,2,36,0
97,3,1,2,17,0
116,4,1,2,9,0
117,4,2,2,32,0
128,4,2,2,41,0
104,3,1,2,13,0
113,4,2,2,15,0
117,4,1,2,30,0
116,4,2,2,18,0
117,4,1, ,44,0
999,9,1,3,16,4
999,9,1,2,17,4
135,4,1,2,23,0
111,4,1,2,43,0
110,4,2,2,34,0
117,4,1,2,52,0
120,4,1,2,51,0
117,4,2,2,11,0
126,4,2,2,33,0
123,4,2,1,52,0
104,3,1,2,48,0
114,4,1,2,42,0
119,4,2,2,47,0
999,9,1,2,13,6
120,4,2,2,46,0
116,4,1,2,58,0
999,9,2,2,4,9
123,4,1,2,21,0
117,4,2,2,40,0
110,4,2,3,13,0
999,9,2,2,5,9
113,4,1,2,23,0
111,4,2,2,35,0
104,3,1,3,51,0
103,3,1,2,32,0
127,4,1,2,26,0
122,4,2,2,48,0
100,3,1,2,11,0
130,4,2,2,49,0
130,4,2,2,58,0
102,3,1,2,14,0
125,4,2,2,23,0
132,4,2,2,38,0
109,3,2,2,52,0
95,3,2,2,17,0
83,2,2,2,20,0
121,4,2,2,21,0
121,4,2,2,55,0
123,4,1,1,52,0
117,4,1,2,28,0
114,4,1,2,43,0
124,4,2,2,44,0
119,4,2,2,6,0
105,4,1, ,19,0
123,4,1,2,45,0
105,3,2,3,44,0
123,4,1,2,25,0
122,4,2,3,14,0
94,2,2,3,55,0
108,3,1,3,57,0
130,4,1,2,27,0
123,4,2,2,15,0
119,4,2,2,36,0
999,9,1,2,4,9
116,4,1,1,19,0
111,4,1,1,8,0
112,4,2,2,28,0
112,4,2,2,45,0
999,9,1,0,5,9
105,4,2,2,15,0
109,3,2,2,32,0
111,4,1,2,28,0
99,3,1,1,16,0
107,3,1,2,26,0
108,4,2,2,9,0
108,3,2,3,31,0
114,4,2,2,22,0
119,4,2,3,54,0
115,4,2,3,32,0
111,4,2,2,52,0
109,3,1,2,26,0
114,4,2,2,51,0
108,3,2,2,26,0
109,3,2,1,35,0
126,4,1,2,25,0
124,4,1,3,46,0
87,2,1,2,18,0
106,3,2,3,29,0
101,3,2,2,28,0
102,3,1,2,11,0
126,4,2,3,21,0
127,4,1,2,25,0
104,3,2,2,36,0
122,4,2,3,48,0
125,4,1,2,49,0
131,4,1,2,54,0
115,4,1,2,8,0
122,4,2,3,17,0
999,9,2,2,2,9
107,3,1,2,28,0
118,4,1,2,47,0
101,3,1,2,6,0
999,9,2,2,4,9
113,4,1,2,36,0
104,3,1,2,23,0
119,4,1,2,26,0
121,4,1,1,22,0
108,4,2,3,14,0
111,4,1,3,36,0
122,4,1,2,30,0
999,9,2,2,5,9
117,4,1,2,34,0
113,4,2,3,35,0
109,3,2,3,42,0
109,3,2,2,34,0
120,4,1,2,26,0
113,4,2,2,28,0
109,4,1,2,11,0
110,4,2,1,36,0
999,9,1,2,3,9
115,4,2,2,46,0
125,4,2,2,29,0
999,9,1,2,0,9
130,4,1,2,24,0
108,4,1,3,9,0
115,4,2,1,10,0
113,4,2,1,39,0
123,4,1,2,11,0
133,4,2,1,7,0
113,4,2,2,43,0
97,3,2,2,15,0
123,4,1,2,38,0
124,4,2,2,48,0
117,4,1,1,16,0
107,4,1,2,17,0
120,4,1,2,38,0
116,4,2,2,21,0
136,4,1,2,25,0
119,4,2,1,39,0
999,9,1,1,4,9
112,4,2,2,45,0
116,4,2,2,45,0
123,4,1,2,37,0
125,4,2,2,40,0
118,4,2,2,51,0
107,3,1,2,25,0
118,4,2,3,41,0
122,4,2,2,56,0
115,4,2,2,33,0
102,3,2,2,43,0
108,4,1,2,20,0
122,4,1,1,8,0
999,9,2,2,48,6
122,4,2,1,46,0
116,4,2,2,33,0
129,4,2,2,27,0
121,4,2, ,20,0
999,9,1,2,2,9
135,4,1,2,34,0
102,3,1,2,26,0
128,4,1,2,33,0
109,3,1, ,51,0
116,4,1,2,44,0
111,4,1,2,29,0
108,4,2,2,6,0
118,4,1,2,14,0
97,3,1,2,16,0
92,2,2,2,8,0
123,4,2,2,38,0
112,4,1,2,23,0
94,2,1,2,41,0
110,4,2,3,39,0
110,4,1,2,48,0
122,4,1, ,48,0
118,4,1,3,28,0
122,4,2,3,50,0
99,3,1,2,16,0
113,4,2, ,48,0
124,4,1,3,45,0
113,4,2,2,41,0
113,4,1,2,21,0
108,4,2,1,17,0
116,4,2,1,49,0
110,4,2,1,34,0
999,9,1,1,24,6
105,4,1,1,18,0
104,3,1,2,50,0
107,3,2,1,37,0
999,9,1,1,4,9
108,3,2,2,34,0
118,4,2,2,30,0
112,4,1,2,39,0
112,4,1,2,46,0
108,3,1,1,44,0
999,9,2,2,2,9
116,4,1,2,41,0
121,4,1, ,32,0
119,4,1,2,56,0
116,4,2,2,22,0
115,4,2,2,13,0
126,4,1,3,46,0
115,4,1,2,50,0
112,4,2,2,23,0
109,3,2,2,35,0
111,4,2,2,31,0
103,3,2,3,49,0
108,3,2,2,45,0
107,3,2,3,38,0
999,9,2,2,3,9
115,4,2,1,53,0
103,3,2,2,10,0
121,4,2,2,51,0
113,4,1,2,47,0
107,4,2,2,15,0
112,4,2,2,30,0
121,4,2,2,50,0
116,4,1,2,37,0
123,4,1,2,27,0
116,4,1,2,12,0
121,4,1,2,52,0
119,4,1,2,51,0
107,3,1,2,47,0
121,4,1,2,55,0
122,4,2,2,58,0
105,3,2,2,34,0
106,4,2,2,22,0
999,9,2,2,3,9
109,4,2,2,19,0
116,4,1,2,38,0
109,4,2,3,9,0
120,4,1,2,42,0
111,4,2,2,15,0
109,3,1,1,55,0
94,2,1,2,14,0
90,2,1,2,23,0
118,4,2,2,59,0
122,4,2,2,35,0
122,4,2,2,59,0
118,4,2,2,39,0
110,4,1,2,58,0
999,9,2,1,5,9
112,4,1,2,26,0
107,4,2,2,17,0
113,4,1,2,48,0
110,4,1,2,33,0
127,4,1,2,43,0
101,3,1,2,38,0
117,4,2,3,38,0
999,9,1,2,0,9
103,3,2,2,7,0
126,4,2,2,38,0
114,4,1,2,47,0
102,3,1,2,40,0
114,4,2,2,14,0
109,4,1,1,20,0
113,4,2,2,29,0
116,4,1,2,27,0
119,4,2,1,45,0
118,4,1,3,49,0
105,4,1,3,14,0
118,4,2,2,47,0
113,4,2,2,35,0
999,9,2,2,0,9
111,4,2, ,34,0
125,4,2,2,50,0
100,3,2,2,27,0
113,4,1,2,58,0
999,9,2,2,4,9
117,4,1,3,46,0
116,4,2,3,46,0
126,4,2, ,31,0
95,3,1,3,19,0
106,3,2,1,52,0
115,4,2,2,57,0
999,9,1,2,0,9
107,3,1, ,59,0
999,9,1,2,7,3
102,3,1,1,58,0
121,4,1,2,43,0
110,4,1,2,30,0
107,3,1,2,46,0
116,4,1,2,58,0
106,4,1,2,10,0
999,9,1,2,2,9
95,2,1,2,52,0
121,4,2,2,45,0
115,4,2,2,10,0
137,4,2,2,54,0
115,4,2,2,47,0
111,4,2,2,20,0
119,4,2,3,33,0
107,4,1,2,23,0
111,4,2,1,42,0
999,9,1,2,5,9
113,4,2,1,55,0
109,3,1,1,30,0
96,3,2,1,19,0
109,3,1,0,52,0
999,9,1,0,1,9
113,4,2,1,45,0
103,3,1,1,6,0
110,4,1,0,46,0
109,4,1,0,12,0
112,4,2,1,53,0
107,4,2,1,18,0
106,3,2,1,35,0
999,9,2,1,4,9
124,4,1,0,47,0
116,4,1,0,26,0
999,9,1,0,1,9
100,3,2,3,33,0
108,3,1,2,29,0
111,4,2,2,20,0
109,3,1,1,40,0
113,4,1,3,31,0
121,4,1,2,21,0
98,2,1,3,37,0
124,4,1,2,20,0
115,4,1,2,49,0
62,1,2,2,21,0
125,4,1,2,41,0
108,3,1,2,40,0
115,4,2,1,32,0
122,4,1,2,38,0
118,4,2, ,52,0
116,4,2,2,27,0
103,3,1,2,21,0
95,3,1,2,18,0
110,4,2,2,36,0
111,4,2,3,46,0
123,4,2,2,10,0
999,9,1,3,5,9
125,4,1,2,49,0
110,4,1,2,39,0
116,4,2,2,19,0
999,9,2,2,3,9
106,3,1,2,40,0
999,9,2,2,4,9
108,3,1,2,52,0
104,3,1,2,29,0
95,3,2,2,6,0
111,4,2,3,27,0
999,9,2,1,4,9
118,4,2,3,58,0
108,4,2,1,18,0
999,9,2,2,46,4
108,4,2,2,12,0
145,4,2,2,28,0
129,4,1,2,45,0
114,4,1,2,34,0
122,4,1,1,56,0
110,4,1,2,24,0
126,4,2,2,48,0
139,4,1,2,51,0
132,4,1,2,51,0
101,3,1,2,25,0
999,9,1,2,10,4
113,4,2,1,40,0
106,3,1,2,38,0
140,4,1,3,50,0
119,4,2,3,52,0
132,4,1,2,45,0
101,3,1,1,51,0
102,3,2,2,44,0
128,4,1,2,27,0
132,4,1,2,40,0
999,9,1,2,3,9
109,4,1,2,19,0
106,4,1,2,9,0
133,4,2,2,25,0
112,4,2,1,54,0
94,2,2,1,8,0
104,3,2,1,8,0
107,3,2,1,55,0
119,4,1,1,58,0
116,4,2,2,34,0
999,9,2,2,0,9
102,3,1,1,49,0
88,2,1,2,43,0
103,3,1,1,20,0
97,2,1,2,34,0
113,4,1,2,32,0
113,4,2,2,49,0
117,4,1, ,39,0
121,4,2,2,9,0
110,4,1,3,30,0
123,4,1,2,32,0
115,4,2,1,50,0
104,3,1,2,12,0
104,3,1,2,14,0
117,4,1,1,31,0
999,9,2,2,1,9
113,4,2,2,15,0
117,4,1,1,41,0
106,3,1,1,33,0
99,3,1,1,15,0
116,4,2,1,31,0
106,4,2,2,13,0
116,4,1,2,17,0
108,4,1,1,21,0
108,3,2,2,32,0
131,4,1,2,43,0
999,9,2,2,4,9
116,4,2,2,26,0
86,2,2,2,11,0
111,4,1,1,56,0
90,2,1,1,7,0
95,3,1,2,7,0
108,3,2,2,40,0
99,3,1,1,13,0
110,4,1,2,24,0
113,4,1,1,22,0
99,2,1,1,32,0
115,4,2,1,42,0
100,3,2,2,39,0
106,3,1,2,36,0
101,3,2,1,34,0
99,2,1,2,28,0
106,3,2,1,45,0
106,3,2,1,49,0
109,3,1,1,55,0
114,4,2,2,39,0
109,4,1,1,19,0
126,4,1,1,58,0
88,2,2,2,14,0
99,3,2,1,23,0
999,9,2,2,3,9
115,4,2,1,38,0
99,2,1,1,49,0
97,3,1,1,15,0
117,4,1,1,50,0
121,4,2,2,59,0
131,4,1,1,55,0
999,9,1,1,3,9
105,3,1,2,27,0
91,2,2,1,8,0
110,4,1,1,11,0
124,4,2,2,44,0
101,3,1,2,15,0
113,4,1,1,50,0
111,4,2,3,45,0
108,4,2,1,8,0
121,4,2,2,40,0
119,4,1,2,53,0
117,4,2,1,40,0
115,4,2,3,33,0
999,9,2,2,5,9
115,4,1,2,28,0
100,3,2,2,22,0
999,9,1,2,3,9
119,4,1,3,47,0
118,4,1,3,14,0
126,4,2,3,57,0
128,4,2,3,45,0
125,4,2,3,47,0
130,4,1,2,36,0
127,4,2,3,19,0
121,4,2,2,39,0
117,4,1,2,28,0
125,4,1,2,37,0
99,3,2,2,6,0
104,3,1,2,9,0
123,4,2,2,20,0
112,4,1,2,41,0
109,4,2,2,10,0
107,3,2,2,33,0
113,4,1,2,6,0
111,4,2,3,26,0
118,4,1,2,45,0
122,4,2,3,39,0
113,4,1,2,7,0
999,9,1,2,48,6
121,4,2,2,40,0
125,4,1,2,41,0
116,4,1,2,43,0
129,4,2,2,38,0
115,4,1,2,22,0
128,4,2,2,42,0
99,3,2,2,15,0
112,4,2,2,55,0
109,4,1,2,18,0
109,4,2,2,12,0
119,4,1,2,21,0
119,4,2,2,44,0
105,4,1,2,15,0
999,9,1,2,1,9
106,4,2,2,15,0
113,4,2,2,42,0
106,3,1,2,43,0
108,3,2,2,27,0
111,4,1,1,25,0
114,4,1,1,25,0
113,4,1,1,57,0
102,3,2,2,7,0
126,4,2,2,52,0
114,4,2,2,23,0
118,4,1,1,31,0
999,9,2,2,1,9
103,3,1,2,54,0
119,4,2,2,16,0
96,2,1,2,24,0
98,3,2,1,12,0
106,3,1,2,47,0
112,4,1,2,37,0
115,4,2,2,53,0
122,4,2,2,58,0
95,3,1,2,11,0
114,4,1,3,51,0
107,3,2,1,38,0
112,4,2,1,37,0
999,9,1,2,5,9
116,4,2,2,17,0
113,4,2,2,55,0
115,4,2,2,21,0
116,4,2,1,57,0
999,9,1,2,5,9
101,3,1,2,38,0
100,3,1,2,37,0
102,3,2,2,45,0
101,3,2,2,37,0
112,4,1,1,38,0
131,4,1,2,58,0
108,3,1,2,37,0
106,3,2,3,34,0
143,4,1,3,47,0
108,3,2,2,46,0
129,4,2,2,21,0
102,3,1,2,21,0
125,4,2,2,39,0
117,4,1,2,42,0
116,4,2,3,45,0
109,4,2,3,23,0
999,9,2,2,2,9
121,4,2,2,33,0
108,3,1,3,38,0
105,3,1,2,34,0
999,9,2,2,24,4
113,4,2,3,54,0
110,4,1,2,52,0
108,3,1,2,40,0
112,4,1,1,57,0
106,3,2,2,35,0
107,3,1,2,44,0
110,4,2,3,34,0
101,3,1,2,8,0
122,4,2,3,29,0
107,3,2,2,35,0
103,3,2,3,44,0
105,3,1,2,54,0
113,4,1,3,40,0
121,4,1,3,54,0
106,3,1,3,32,0
117,4,2,2,56,0
114,4,1,2,58,0
104,3,1,2,22,0
999,9,1,3,35,4
92,2,1,2,8,0
116,4,1,2,22,0
101,3,1,2,22,0
111,4,1,2,41,0
127,4,1,2,24,0
100,3,1,2,19,0
115,4,2,2,14,0
115,4,2,2,20,0
120,4,1,2,51,0
109,3,1,2,53,0
102,3,2,2,8,0
101,3,2,2,27,0
107,3,1,2,55,0
999,9,2,2,2,9
114,4,2,2,16,0
118,4,2,2,44,0
86,2,1,3,9,0
103,3,1,2,22,0
101,3,2,2,11,0
103,3,1,2,25,0
109,3,1,0,34,0
116,4,1,2,33,0
107,3,1,2,44,0
111,4,2,2,38,0
114,4,1,1,25,0
96,2,1, ,32,0
102,3,1,2,27,0
104,3,1,2,13,0
100,3,1,2,49,0
999,9,2,2,3,9
117,4,1,2,49,0
122,4,2,1,54,0
107,3,1,1,31,0
999,9,2,1,5,9
99,3,1,2,17,0
105,3,1,2,38,0
105,3,2,1,49,0
115,4,1,1,34,0
127,4,2,2,41,0
121,4,1,2,15,0
121,4,2,2,26,0
116,4,1,1,48,0
112,4,1,2,39,0
127,4,1,2,33,0
113,4,2,2,48,0
125,4,2,2,33,0
81,2,1,2,10,0
120,4,1,2,45,0
91,2,2,3,18,0
123,4,1,3,41,0
118,4,2,2,33,0
116,4,1,1,24,0
96,2,2,2,47,0
99,3,2,2,6,0
111,4,2,2,41,0
83,2,1,2,7,0
110,4,2,2,30,0
107,3,2,1,54,0
108,3,1,2,34,0
122,4,1,1,7,0
111,4,1,2,30,0
113,4,1,2,42,0
109,3,2,2,37,0
108,3,2,2,36,0
114,4,1,2,14,0
120,4,2,2,21,0
100,3,2,2,58,0
114,4,2,2,36,0
108,3,1,2,30,0
114,4,1,3,41,0
102,3,1,0,7,0
115,4,2,2,46,0
119,4,1,2,33,0
110,4,2,2,13,0
117,4,2,3,26,0
101,3,2,2,14,0
111,4,1,2,24,0
111,4,1,2,26,0
90,2,2,2,21,0
103,3,1,2,41,0
999,9,2,2,40,4
116,4,1,2,9,0
117,4,2,2,37,0
101,3,1,2,40,0
88,2,1,2,13,0
999,9,2,2,2,9
999,9,1,2,57,4
999,9,1,2,29,4
112,4,2,1,6,0
123,4,2,2,41,0
95,3,2,2,21,0
107,3,2,3,38,0
117,4,1,2,48,0
96,3,1,2,15,0
107,3,1,3,51,0
81,2,1,3,6,0
121,4,1,3,27,0
97,3,2,2,6,0
98,2,2,2,46,0
110,4,1,3,7,0
118,4,1,2,57,0
111,4,1,2,50,0
116,4,2,2,22,0
113,4,1,2,33,0
121,4,1,3,46,0
106,3,1,3,27,0
100,3,1,3,29,0
112,4,1,2,35,0
118,4,2,3,42,0
97,2,1,2,24,0
103,3,1,2,15,0
999,9,2,3,5,9
111,4,2,3,37,0
102,3,1,3,13,0
114,4,1,2,46,0
104,3,1,2,14,0
105,4,2,1,12,0
110,4,2,2,15,0
81,2,1,2,22,0
999,9,1,2,28,4
115,4,2, ,38,0
119,4,2,2,28,0
106,3,1,2,39,0
98,3,1,2,8,0
120,4,2,2,47,0
98,2,2,2,31,0
87,2,1,2,25,0
114,4,2,2,30,0
115,4,2,2,46,0
102,3,2,2,17,0
127,4,1,2,36,0
107,3,1,2,26,0
90,2,2,2,11,0
116,4,2,2,58,0
122,4,1,2,37,0
87,2,1,2,7,0
999,9,1,2,5,9
114,4,1,2,59,0
122,4,2,2,39,0
112,4,1,2,35,0
119,4,2,2,39,0
110,4,2,1,16,0
120,4,1,2,47,0
121,4,2,3,44,0
999,9,1,2,9,4
119,4,1,3,28,0
119,4,1,2,33,0
135,4,2,3,51,0
113,4,1,2,8,0
118,4,2, ,39,0
122,4,2,2,9,0
84,2,2,2,34,0
102,3,1,2,7,0
109,4,1,2,14,0
125,4,2,1,42,0
107,4,1,1,16,0
112,4,2,1,39,0
111,4,2,1,49,0
105,4,1,1,17,0
999,9,2,2,3,9
114,4,2, ,40,0
92,2,2,2,39,0
105,4,2,2,23,0
121,4,1,2,23,0
110,4,1,2,45,0
95,3,2,1,11,0
108,3,1,2,51,0
100,3,1,2,39,0
112,4,2,2,56,0
118,4,2,2,13,0
113,4,2,2,45,0
96,3,1,2,6,0
999,9,1,1,5,9
103,3,1,1,27,0
102,3,2,1,26,0
120,4,2,1,58,0
109,4,1,2,6,0
110,4,2,3,7,0
108,3,1,3,36,0
113,4,1,3,33,0
109,3,2,3,55,0
95,3,2,2,9,0
999,9,2,2,5,9
106,3,2,2,28,0
118,4,2,2,45,0
118,4,1,2,55,0
108,4,2,3,23,0
128,4,2,2,38,0
111,4,2,2,39,0
102,3,2,1,29,0
118,4,1,2,24,0
133,4,1,2,52,0
136,4,2,2,54,0
119,4,1,2,17,0
110,4,2,2,42,0
111,4,1,2,15,0
999,9,1,2,0,9
112,4,2,2,49,0
80,2,2,2,33,0
105,3,2,2,30,0
120,4,1,2,37,0
119,4,1,3,40,0
115,4,1,3,58,0
103,3,1,2,21,0
112,4,1,2,31,0
105,4,1,2,23,0
121,4,2,2,44,0
114,4,2,2,45,0
101,3,2,2,9,0
110,4,2,3,50,0
116,4,1,2,41,0
84,2,1,2,14,0
92,2,2,2,6,0
106,4,2,3,17,0
109,3,2,2,26,0
114,4,2, ,38,0
109,4,1,2,15,0
109,3,2,2,42,0
119,4,1,2,9,0
111,4,2,1,39,0
999,9,1,2,36,6
104,3,2,1,30,0
122,4,1,2,58,0
127,4,1,2,51,0
107,3,1,2,52,0
87,2,2,0,20,0
115,4,1,2,41,0
88,2,2,3,7,0
98,3,1,2,17,0
118,4,1,2,54,0
120,4,2,2,55,0
97,2,1,2,29,0
109,3,2,2,30,0
128,4,1,2,37,0
132,4,2,2,45,0
107,3,1,2,39,0
104,3,1,3,52,0
98,3,2,3,7,0
112,4,1,2,14,0
121,4,1,2,36,0
108,3,2,2,56,0
111,4,1,3,12,0
104,3,1,2,42,0
101,3,1,2,17,0
111,4,1,2,30,0
114,4,1,2,41,0
999,9,1,2,2,9
119,4,2,2,56,0
111,4,2,2,24,0
123,4,2,1,24,0
115,4,1,2,28,0
133,4,2,2,27,0
115,4,1,2,31,0
118,4,1,2,30,0
121,4,1,2,45,0
999,9,1,2,4,9
119,4,1,2,42,0
113,4,1,2,43,0
95,3,1,2,11,0
92,2,2,2,9,0
107,3,1,1,35,0
90,2,2,2,10,0
114,4,1,2,43,0
132,4,1,2,27,0
112,4,2,2,42,0
97,2,1,2,28,0
103,3,1,2,24,0
89,2,2,2,8,0
105,3,1, ,40,0
101,3,1,2,47,0
114,4,2,3,33,0
117,4,1,2,37,0
128,4,2,1,16,0
121,4,2,2,54,0
109,3,2,1,52,0
87,2,2,1,8,0
111,4,1,2,28,0
108,3,2,2,35,0
106,4,1, ,18,0
114,4,2,1,52,0
112,4,2,2,14,0
112,4,1,2,59,0
95,3,2,1,8,0
114,4,2,2,51,0
109,4,2,2,7,0
102,3,1,2,48,0
999,9,1,2,4,9
999,9,1,2,4,9
99,3,2,2,9,0
112,4,2,2,44,0
129,4,1,2,8,0
103,3,2,2,16,0
98,2,2,2,31,0
110,4,2,2,16,0
103,3,2,3,25,0
117,4,1,2,14,0
119,4,2,2,39,0
118,4,1,1,53,0
123,4,1,2,45,0
100,3,1,1,59,0
114,4,1, ,35,0
106,4,2,3,10,0
109,3,2,2,33,0
115,4,1,2,42,0
107,3,2,2,26,0
114,4,2,2,15,0
124,4,2,3,56,0
115,4,2,3,19,0
117,4,1,2,28,0
107,4,2,2,18,0
104,3,1,2,30,0
103,3,1,2,49,0
113,4,1,2,49,0
104,3,1,2,26,0
107,3,2,2,24,0
108,3,1, ,48,0
77,2,1,2,33,0
105,4,2,2,19,0
116,4,1,2,7,0
137,4,2,2,22,0
107,4,2,1,19,0
107,4,1,2,14,0
117,4,2,2,54,0
113,4,1,2,6,0
999,9,1,3,5,9
999,9,2,3,5,9
116,4,1,2,49,0
112,4,2,2,51,0
99,3,2,3,8,0
130,4,1,3,54,0
118,4,2,3,14,0
106,4,1, ,10,0
112,4,2,3,24,0
116,4,2,2,27,0
106,3,2,2,29,0
113,4,1,2,41,0
126,4,2,2,55,0
124,4,1,3,42,0
105,3,1,2,32,0
112,4,2,3,59,0
123,4,2,2,26,0
122,4,2,3,28,0
119,4,2,2,41,0
130,4,2,3,43,0
999,9,2,2,3,9
134,4,1,2,55,0
117,4,1,2,37,0
125,4,2,2,35,0
102,3,2,1,15,0
105,4,1,2,17,0
112,4,1,2,42,0
122,4,1,2,42,0
110,4,1,1,49,0
107,4,1,1,13,0
120,4,2,2,45,0
137,4,2,2,29,0
99,2,1,2,39,0
109,4,2,1,13,0
132,4,1,2,49,0
128,4,1,3,39,0
104,3,2,3,13,0
122,4,1,2,9,0
110,4,1,1,15,0
117,4,1,2,57,0
105,4,2,2,17,0
92,2,1,1,44,0
999,9,2,1,3,9
113,4,2,2,18,0
112,4,1,2,19,0
112,4,1,2,44,0
112,4,1,1,59,0
123,4,2,2,59,0
119,4,2,2,54,0
120,4,1,3,59,0
114,4,2,1,30,0
99,3,2,2,9,0
105,3,1,2,43,0
999,9,1,2,0,9
116,4,1,2,58,0
110,4,1,2,13,0
101,3,2,1,41,0
102,3,1,1,12,0
112,4,1,2,42,0
105,4,1,2,21,0
110,4,2,2,7,0
101,3,1,2,39,0
118,4,2,1,50,0
121,4,1,2,47,0
117,4,2,1,31,0
119,4,2,3,27,0
103,3,1,2,40,0
105,4,1,2,8,0
108,3,2,1,35,0
106,3,2,2,52,0
116,4,2,2,52,0
90,2,1,3,10,0
116,4,2,2,53,0
110,4,2,2,38,0
117,4,2, ,50,0
113,4,2,2,41,0
105,3,1,2,41,0
111,4,2,2,10,0
100,3,2,2,24,0
107,4,1,1,12,0
999,9,2,1,3,9
113,4,1,2,17,0
108,3,2,2,26,0
104,3,2,2,54,0
105,3,2,1,54,0
116,4,1,2,46,0
118,4,1,2,33,0
113,4,1,1,40,0
113,4,2,2,44,0
103,3,2,2,9,0
131,4,1,1,58,0
93,2,1,1,32,0
123,4,1,2,52,0
105,3,1,1,42,0
115,4,2,0,31,0
119,4,1,1,49,0
92,2,1,2,31,0
113,4,2,1,56,0
118,4,2,2,19,0
105,3,2, ,53,0
108,3,1,1,46,0
102,3,2,1,21,0
98,2,1,1,29,0
109,3,2,2,43,0
118,4,1,1,34,0
95,3,1,3,13,0
115,4,2,2,45,0
111,4,1,2,9,0
107,4,2,2,21,0
120,4,1,2,21,0
115,4,1,2,13,0
118,4,1,2,45,0
116,4,1,2,31,0
94,2,1,2,12,0
112,4,2,2,19,0
86,2,1,2,11,0
97,3,1,2,7,0
119,4,1,2,29,0
116,4,1,3,49,0
123,4,2,2,53,0
80,2,2,2,10,0
120,4,2,2,57,0
117,4,1,2,32,0
126,4,1,2,47,0
112,4,1,2,44,0
111,4,1,2,52,0
999,9,1,2,2,9
120,4,1,2,26,0
125,4,2,3,26,0
119,4,1,2,22,0
125,4,1,3,46,0
999,9,2,3,0,9
120,4,1,3,11,0
102,3,2,2,26,0
110,4,2,2,26,0
119,4,1,2,46,0
115,4,2,2,14,0
110,4,2,2,27,0
117,4,1,2,40,0
118,4,2,2,42,0
97,3,2,2,12,0
126,4,2,3,38,0
100,3,2,2,18,0
108,4,1,2,10,0
103,3,2,2,12,0
104,3,1,2,34,0
111,4,1,3,34,0
128,4,2,2,40,0
110,4,1,2,32,0
114,4,2,3,25,0
130,4,1,3,55,0
136,4,2,3,34,0
114,4,1,2,34,0
128,4,1,2,59,0
108,4,1,2,12,0
117,4,2,2,34,0
116,4,2,2,59,0
135,4,2,2,26,0
114,4,2,2,52,0
107,4,2,2,11,0
151,4,1,2,17,0
112,4,1,2,35,0
116,4,2,2,23,0
999,9,1,2,4,9
118,4,2,2,6,0
124,4,1,2,50,0
112,4,2,2,33,0
104,3,1,2,35,0
112,4,2,2,43,0
122,4,2,2,13,0
96,3,2,1,10,0
119,4,1,2,41,0
119,4,1,1,27,0
98,3,2,2,11,0
122,4,2,1,40,0
116,4,2,2,17,0
106,4,2,2,6,0
131,4,1,2,59,0
129,4,2,2,31,0
119,4,1,2,46,0
124,4,2,2,42,0
110,4,1,2,38,0
114,4,2,2,51,0
110,4,1,2,36,0
117,4,1,2,45,0
99,3,1,3,7,0
118,4,1,2,37,0
112,4,1,2,25,0
104,3,1,2,25,0
112,4,1,2,28,0
86,2,1,2,8,0
132,4,2,2,36,0
96,3,1,2,15,0
121,4,1,2,57,0
119,4,2,2,48,0
999,9,1,2,5,9
118,4,1,2,54,0
107,3,1,2,32,0
108,4,1,1,13,0
103,3,1,2,48,0
115,4,2,2,21,0
125,4,1,2,41,0
110,4,2,2,29,0
107,4,1,2,15,0
111,4,1,2,11,0
106,3,2,2,46,0
999,9,2,2,1,9
101,3,1,2,15,0
119,4,2,2,58,0
113,4,2,2,50,0
999,9,2,2,1,9
106,4,1,2,18,0
122,4,2,2,41,0
118,4,1,3,38,0
125,4,1,2,16,0
111,4,1,2,16,0
110,4,2,3,26,0
106,3,2,2,50,0
127,4,2,2,35,0
123,4,1,2,58,0
125,4,1,1,9,0
123,4,2,2,44,0
120,4,2,2,51,0
106,3,2,2,30,0
114,4,1,2,11,0
108,3,2,3,47,0
104,3,2,2,11,0
109,3,1,2,52,0
106,4,1,2,22,0
101,3,1,2,46,0
105,3,2,2,27,0
104,3,2,2,24,0
119,4,1,3,49,0
113,4,2,2,25,0
113,4,1,3,43,0
110,4,1,2,27,0
106,3,2,3,37,0
999,9,1,3,4,9
104,3,2,2,22,0
148,4,2,2,15,0
98,2,2,3,53,0
119,4,1,2,39,0
103,3,2,3,20,0
102,3,2,1,41,0
116,4,1,2,53,0
97,3,1,2,13,0
99,3,2,3,12,0
102,3,1,2,41,0
109,4,1,3,18,0
999,9,1,3,24,4
115,4,1,2,50,0
112,4,2,2,49,0
97,3,1,2,10,0
115,4,2, ,57,0
103,3,1,2,12,0
115,4,1,1,55,0
100,3,2,1,14,0
125,4,1,2,53,0
95,3,2,2,9,0
112,4,2,2,33,0
108,4,1,2,6,0
119,4,1, ,36,0
109,4,1,2,16,0
128,4,2,2,39,0
116,4,2,2,48,0
117,4,2,2,58,0
999,9,1,2,2,9
109,3,1,2,53,0
115,4,1,2,30,0
100,3,1,2,11,0
110,4,1, ,57,0
116,4,2,2,27,0
103,3,1,2,59,0
106,4,1,2,12,0
117,4,1,2,37,0
117,4,2,2,21,0
109,3,1,2,33,0
106,4,2,2,20,0
114,4,1,2,30,0
100,3,1,2,21,0
104,3,1,2,55,0
108,3,2, ,43,0
98,3,1,2,18,0
115,4,1,2,48,0
104,3,1,1,44,0
98,3,2,2,10,0
102,3,1,2,13,0
129,4,1,2,32,0
101,3,2,2,57,0
117,4,2,2,44,0
106,3,2,2,40,0
118,4,1,2,59,0
106,3,1,2,32,0
113,4,2,3,41,0
112,4,1,1,43,0
111,4,1,1,47,0
114,4,1,1,24,0
118,4,2,2,13,0
120,4,1,2,56,0
118,4,2,2,9,0
116,4,2,2,29,0
115,4,2,2,15,0
111,4,1,0,40,0
109,3,2,1,56,0
105,3,2, ,50,0
92,2,2,2,31,0
112,4,2,2,41,0
107,4,2,2,15,0
110,4,2,1,40,0
107,4,1,1,15,0
109,4,2,2,19,0
999,9,1,2,3,9
999,9,1,2,11,4
119,4,2,1,52,0
107,3,2,2,55,0
99,3,1,2,9,0
118,4,2,1,45,0
105,3,1,0,50,0
97,2,2,0,41,0
137,4,2,2,48,0
122,4,1,2,6,0
91,2,2,2,29,0
101,3,2,2,6,0
104,3,1,2,40,0
98,3,1,2,12,0
98,2,2,2,25,0
79,2,1,2,6,0
111,4,2,2,40,0
102,3,1,2,39,0
126,4,1,2,7,0
111,4,1,2,41,0
97,2,1,1,38,0
116,4,2,2,45,0
114,4,2,2,44,0
127,4,2,2,47,0
999,9,2,2,2,9
121,4,2,3,57,0
124,4,1,3,21,0
999,9,1,3,4,9
116,4,2,3,44,0
115,4,1,2,33,0
113,4,1,2,33,0
108,3,2,2,55,0
95,2,2,2,29,0
88,2,1,2,13,0
112,4,2,2,49,0
118,4,1,2,54,0
113,4,2,2,31,0
103,3,1,0,51,0
99,3,1,2,6,0
117,4,2,2,40,0
89,2,2,2,13,0
100,3,1,2,34,0
102,3,2,2,29,0
113,4,1,2,53,0
88,2,2,2,10,0
115,4,1,2,42,0
99,3,2,2,16,0
118,4,1,2,10,0
106,3,2,3,36,0
106,3,2,3,36,0
109,3,1,2,40,0
92,2,1,1,33,0
96,3,1,2,17,0
136,4,2,2,44,0
123,4,2,2,9,0
113,4,1,2,55,0
110,4,2,2,38,0
108,4,1,2,16,0
108,3,1,2,42,0
102,3,2,2,11,0
124,4,2,2,46,0
105,3,1,2,26,0
107,3,1,2,58,0
112,4,1,2,25,0
999,9,1,2,4,9
118,4,2,1,55,0
113,4,2,2,23,0
89,2,1,2,17,0
136,4,2,1,51,0
999,9,2,2,2,9
127,4,1,1,36,0
112,4,1,2,37,0
88,2,2,2,15,0
113,4,1,1,49,0
126,4,2,1,29,0
106,4,2,2,17,0
98,2,1,2,41,0
97,3,2,2,9,0
88,2,2,2,9,0
125,4,2,2,35,0
117,4,2,2,40,0
104,3,1,2,27,0
129,4,2,2,52,0
117,4,1,0,29,0
120,4,2,1,51,0
117,4,2,2,36,0
100,3,2,1,10,0
104,3,1,1,28,0
999,9,2,2,4,9
112,4,1,2,42,0
123,4,1,1,53,0
121,4,1,2,51,0
111,4,2,2,26,0
100,3,1,1,39,0
90,2,1,0,6,0
141,4,2,2,48,0
95,3,1,2,14,0
110,4,2,2,36,0
115,4,2,2,17,0
129,4,1,2,40,0
120,4,2,1,59,0
999,9,2,1,5,9
102,3,1,2,28,0
114,4,2,1,25,0
112,4,2,2,41,0
121,4,1,2,43,0
102,3,1,3,19,0
130,4,2,2,54,0
114,4,2,2,40,0
110,4,2,2,24,0
112,4,2,2,23,0
106,4,2,2,14,0
119,4,2,2,46,0
93,2,1,2,48,0
110,4,2,2,29,0
109,3,2,2,32,0
93,2,1,2,13,0
103,3,1,1,54,0
103,3,1,1,7,0
103,3,1,2,35,0
999,9,1,2,4,9
126,4,1,2,54,0
105,3,2,2,49,0
120,4,2,2,24,0
113,4,2,1,26,0
102,3,2,2,34,0
95,3,1,2,14,0
105,3,2,2,34,0
102,3,2,2,37,0
72,2,2,2,7,0
94,2,1,2,6,0
105,3,2,2,54,0
116,4,2,2,21,0
115,4,1,2,24,0
105,3,1,2,53,0
110,4,1, ,32,0
90,2,2, ,14,0
118,4,2,3,40,0
127,4,2,2,30,0
117,4,1,3,33,0
118,4,2,3,28,0
113,4,2,1,57,0
999,9,1,2,0,9
110,4,2,3,26,0
107,3,1,3,37,0
111,4,2,2,42,0
97,3,1,3,8,0
96,3,1,2,21,0
103,3,2,2,35,0
999,9,1,3,5,9
107,3,1,2,41,0
110,4,2,3,7,0
107,3,1,2,34,0
105,4,2,2,22,0
105,4,1,2,18,0
115,4,2, ,58,0
109,4,2,2,19,0
103,3,2,1,16,0
102,3,1,1,7,0
999,9,1,3,11,4
121,4,1,2,9,0
110,4,1,1,34,0
114,4,2,2,42,0
104,3,1,1,10,0
110,4,2,2,7,0
110,4,1,2,41,0
999,9,2,2,2,9
112,4,1,2,50,0
106,3,1,2,48,0
98,2,2,1,43,0
107,3,2,1,48,0
115,4,1,1,10,0
94,2,1,3,21,0
104,3,1,2,37,0
118,4,2,2,53,0
100,3,1,1,20,0
88,2,2,1,21,0
138,4,2,2,43,0
109,3,1,1,26,0
118,4,1,1,34,0
105,3,2,2,37,0
108,4,2,2,16,0
118,4,2,2,46,0
105,3,2,2,54,0
124,4,2,2,55,0
126,4,2,3,27,0
114,4,1,3,30,0
104,3,1,0,8,0
118,4,2,1,46,0
114,4,2,2,44,0
108,4,1,2,22,0
134,4,1,2,6,0
127,4,2,1,36,0
103,3,1,1,37,0
122,4,2,2,39,0
109,4,2,2,14,0
98,3,2,2,14,0
117,4,1,2,30,0
131,4,2,2,49,0
999,9,2,2,30,4
110,4,2,1,28,0
96,3,1,2,10,0
81,2,1,1,13,0
135,4,1,2,33,0
91,2,1,2,39,0
96,3,1,1,20,0
110,4,1,2,42,0
999,9,1,1,17,4
117,4,2,2,22,0
999,9,1,1,51,4
125,4,2,3,19,0
115,4,2,1,13,0
104,3,1,3,53,0
120,4,2,3,50,0
999,9,1,3,4,9
115,4,1,2,38,0
115,4,1,2,7,0
111,4,1,2,10,0
117,4,2,2,50,0
999,9,1,2,50,4
117,4,2,1,42,0
115,4,1,1,44,0
111,4,1,1,58,0
104,3,2,2,15,0
110,4,1,1,25,0
116,4,2,1,57,0
111,4,1,1,34,0
116,4,1,2,34,0
999,9,2,1,5,9
104,3,2,2,43,0
103,3,1,2,52,0
109,4,1,1,19,0
102,3,2,2,18,0
104,3,1,1,30,0
90,2,1,1,10,0
106,4,1,2,7,0
119,4,1,1,54,0
122,4,1,2,41,0
103,3,2,2,43,0
115,4,1,2,27,0
999,9,1,2,5,9
91,2,1,2,7,0
117,4,2,2,19,0
119,4,1,2,41,0
112,4,2,2,7,0
124,4,2,2,53,0
107,3,1,2,35,0
129,4,2,2,41,0
129,4,1, ,27,0
113,4,1,3,22,0
124,4,2,2,51,0
109,4,2,2,13,0
120,4,1,2,34,0
124,4,2,2,42,0
110,4,1,2,21,0
114,4,1,3,28,0
115,4,1,2,12,0
121,4,1,3,54,0
999,9,1,3,3,9
120,4,2,2,40,0
130,4,1,3,53,0
122,4,2,2,38,0
114,4,1,2,46,0
107,4,1,2,9,0
121,4,2,2,26,0
999,9,2,3,4,9
135,4,1,2,24,0
130,4,2,2,17,0
115,4,1,2,34,0
126,4,1,2,52,0
108,3,1,2,40,0
116,4,1,2,56,0
110,4,1,2,30,0
115,4,1,3,7,0
999,9,2,2,2,9
105,3,1, ,38,0
117,4,1,1,52,0
110,4,2,2,35,0
120,4,2,2,46,0
111,4,1,2,32,0
99,3,2,2,6,0
107,4,1,3,7,0
127,4,2,3,49,0
92,2,1,3,15,0
106,3,2,2,25,0
126,4,1,2,46,0
130,4,1,3,26,0
111,4,2,2,15,0
999,9,2,2,2,9
105,4,1,2,13,0
114,4,2,2,41,0
100,3,2,1,41,0
118,4,2,2,21,0
100,3,1,2,43,0
98,3,2,2,9,0
90,2,1,2,26,0
131,4,1,2,37,0
92,2,2,2,9,0
104,3,2,2,8,0
117,4,1, ,35,0
135,4,2,2,52,0
999,9,1,2,35,3
131,4,1,2,33,0
105,4,2,2,6,0
110,4,1,2,7,0
123,4,1,2,47,0
128,4,1,1,56,0
117,4,1,2,44,0
92,2,1,2,23,0
105,3,2,2,29,0
999,9,2,2,2,9
999,9,2,2,34,3
120,4,2,2,27,0
999,9,2,2,0,9
125,4,2,2,30,0
98,2,1,2,27,0
101,3,2,2,53,0
107,3,1,2,30,0
121,4,1,2,56,0
124,4,2,2,25,0
999,9,2,3,2,9
112,4,2,2,32,0
109,3,1,3,57,0
126,4,2,3,38,0
95,3,1,2,16,0
120,4,2,2,20,0
117,4,2,2,53,0
107,4,1,2,14,0
105,3,2,3,26,0
125,4,1,2,39,0
109,3,2,2,25,0
140,4,1, ,24,0
119,4,1,2,20,0
102,3,2,2,8,0
118,4,2,2,46,0
999,9,2,2,1,9
92,2,1,2,12,0
102,3,1,2,12,0
128,4,2,2,40,0
123,4,2,2,55,0
110,4,2,2,46,0
111,4,1,2,7,0
121,4,2,2,26,0
104,3,1,2,8,0
115,4,1,3,22,0
120,4,1,3,32,0
114,4,1,3,29,0
111,4,2,2,19,0
999,9,1,2,2,9
119,4,2,2,27,0
106,4,1,2,18,0
97,3,1,2,6,0
104,3,1,3,45,0
103,3,1,3,18,0
118,4,2, ,55,0
122,4,2,2,40,0
121,4,1,1,34,0
112,4,2,2,44,0
999,9,2,2,5,9
122,4,2,2,41,0
115,4,1,2,24,0
115,4,1,3,9,0
999,9,1,2,5,9
98,3,1,2,11,0
109,4,1,2,23,0
109,3,2,2,42,0
120,4,2,2,30,0
108,4,1,2,12,0
116,4,2,2,29,0
115,4,2, ,31,0
133,4,2,1,38,0
117,4,1,2,38,0
127,4,1,2,38,0
115,4,2,2,11,0
125,4,2,2,28,0
123,4,1,2,55,0
126,4,1,2,49,0
130,4,1,2,46,0
120,4,1,2,8,0
115,4,2,2,50,0
125,4,1,2,52,0
111,4,2,3,37,0
114,4,1,2,37,0
112,4,1,2,50,0
96,3,1,2,10,0
129,4,1,3,38,0
102,3,1,2,27,0
126,4,2,3,10,0
999,9,2,1,1,9
107,3,2,2,45,0
106,3,2,2,33,0
104,3,2,2,57,0
999,9,2,1,31,4
100,3,2,2,13,0
106,4,2,3,6,0
106,4,2,3,22,0
108,4,1,3,12,0
135,4,1,1,54,0
112,4,2,3,10,0
137,4,1,2,59,0
109,4,1,2,6,0
107,3,1,1,36,0
111,4,2,2,39,0
118,4,2,0,31,0
104,3,1,2,21,0
114,4,1,3,53,0
107,3,2,1,39,0
115,4,2,2,34,0
108,3,1,2,39,0
999,9,1,2,3,9
128,4,2,2,21,0
94,2,2,2,23,0
999,9,2,2,41,4
110,4,1,2,37,0
111,4,1,2,38,0
117,4,2,2,59,0
116,4,1,2,54,0
108,3,2,1,57,0
107,3,1,2,49,0
112,4,1,2,12,0
112,4,2,2,57,0
127,4,2,2,32,0
999,9,1,2,4,9
116,4,2,2,31,0
100,3,1,2,46,0
103,3,2,1,58,0
108,4,1,2,20,0
102,3,1,2,19,0
84,2,1,2,14,0
118,4,1,2,25,0
106,3,1,1,46,0
110,4,2,2,10,0
99,2,1,3,33,0
108,3,2,3,50,0
113,4,2,2,12,0
125,4,2,2,58,0
110,4,1,2,53,0
102,3,2,2,13,0
110,4,2,2,17,0
122,4,2,2,56,0
115,4,1,2,50,0
115,4,1,2,30,0
100,3,2,2,30,0
106,4,2,2,6,0
98,3,1,2,16,0
121,4,1,3,51,0
118,4,2,2,59,0
105,3,2,2,40,0
105,4,2,2,23,0
102,3,1,2,25,0
114,4,2,2,36,0
113,4,2,2,36,0
89,2,1,2,41,0
89,2,2,2,17,0
110,4,1,2,30,0
114,4,2,2,41,0
115,4,2,2,18,0
90,2,2,2,7,0
95,2,1,2,35,0
104,3,1,2,44,0
108,3,1,2,58,0
103,3,2,3,38,0
110,4,1,2,55,0
102,3,1,2,59,0
102,3,2,1,42,0
106,3,2,1,36,0
107,3,2,1,45,0
109,4,2,1,17,0
107,3,1,1,53,0
999,9,2,1,0,9
103,3,1,3,47,0
124,4,1,2,48,0
105,3,2,2,43,0
121,4,1, ,33,0
120,4,2,2,45,0
86,2,2,2,6,0
95,2,2,2,35,0
119,4,2,2,24,0
118,4,2,2,44,0
999,9,2,2,5,9
99,2,2,2,47,0
121,4,1,3,25,0
112,4,2,2,44,0
122,4,1,2,48,0
106,3,2,3,28,0
120,4,2,2,18,0
122,4,2,2,47,0
124,4,2,2,53,0
128,4,2,2,29,0
122,4,2,3,59,0
119,4,1,3,40,0
122,4,1,2,40,0
91,2,1,1,11,0
123,4,1,2,58,0
102,3,1,2,32,0
999,9,2,3,2,9
122,4,1,2,23,0
999,9,2,3,26,4
999,9,2,3,3,9
119,4,1,3,23,0
121,4,2,2,55,0
130,4,1,3,16,0
151,4,1, ,51,0
123,4,2,2,50,0
109,4,1,3,8,0
119,4,2,2,50,0
123,4,2,2,40,0
113,4,2,3,13,0
131,4,2,2,47,0
125,4,1,2,17,0
112,4,2,2,47,0
999,9,1,2,2,9
115,4,1,2,33,0
119,4,2,2,30,0
999,9,2,1,2,9
113,4,2,2,6,0
114,4,1,2,6,0
107,3,1,1,37,0
117,4,2,1,50,0
105,4,2,2,16,0
121,4,1,3,21,0
127,4,1,2,57,0
117,4,2,2,39,0
123,4,1,2,36,0
109,3,1,2,26,0
117,4,2,2,37,0
115,4,1,2,29,0
112,4,2,2,30,0
121,4,2,2,41,0
104,3,2,1,39,0
122,4,2,1,45,0
114,4,2,2,43,0
123,4,2,3,46,0
103,3,2,2,47,0
113,4,1,2,28,0
115,4,1,2,28,0
127,4,2,2,55,0
107,4,1,2,21,0
110,4,2,2,36,0
999,9,2,2,5,9
128,4,2,2,29,0
125,4,1,3,41,0
106,3,1,2,45,0
124,4,1,2,55,0
118,4,2,1,19,0
114,4,1,2,39,0
105,4,1,2,6,0
115,4,1,2,39,0
94,2,1,2,15,0
116,4,2,1,38,0
128,4,2,2,30,0
114,4,2,2,30,0
123,4,1, ,23,0
111,4,2,2,37,0
104,3,2,1,36,0
112,4,1,2,46,0
122,4,1, ,49,0
109,3,2,1,35,0
132,4,2,2,11,0
112,4,2,2,50,0
103,3,1,2,16,0
104,3,1,1,12,0
117,4,1,2,20,0
126,4,1,2,51,0
121,4,1,2,31,0
999,9,2,2,3,9
104,3,2,2,17,0
999,9,1,2,1,9
121,4,1,2,53,0
105,3,1,2,36,0
112,4,1,1,40,0
102,3,1,1,44,0
110,4,2,2,12,0
105,4,2,2,15,0
114,4,2,0,56,0
104,3,1,0,36,0
120,4,1,1,52,0
999,9,1,1,4,9
122,4,2,2,43,0
119,4,2,2,19,0
110,4,2,1,40,0
118,4,2,1,18,0
117,4,2,2,41,0
115,4,2,1,47,0
107,3,2,1,46,0
117,4,2,1,25,0
107,3,1,1,48,0
121,4,2,2,28,0
101,3,1,2,16,0
95,2,1,1,25,0
101,3,1,2,16,0
102,3,1,1,38,0
110,4,1,2,12,0
999,9,1,2,1,9
106,3,1, ,35,0
113,4,1,1,47,0
119,4,1, ,40,0
999,9,2,1,4,9
111,4,1,2,14,0
113,4,1,2,44,0
124,4,1,2,47,0
103,3,2,2,40,0
999,9,2,1,4,9
97,2,2,2,31,0
116,4,2,2,6,0
127,4,1,2,56,0
119,4,2,2,58,0
124,4,1,3,18,0
103,3,2,3,31,0
122,4,2,2,11,0
116,4,2,3,21,0
120,4,1,2,56,0
103,3,2,3,49,0
120,4,1,2,7,0
120,4,1,2,29,0
100,3,1,2,50,0
101,3,1,2,26,0
114,4,2,2,12,0
110,4,2,3,37,0
116,4,1,2,25,0
109,3,1,2,47,0
123,4,1,2,35,0
113,4,2,2,24,0
112,4,2,2,33,0
999,9,2,2,20,4
117,4,1,2,54,0
136,4,2,2,23,0
118,4,2,3,59,0
114,4,2,3,25,0
109,4,1,3,16,0
118,4,1,2,59,0
106,3,1,2,58,0
999,9,1,2,1,9
128,4,1,2,37,0
115,4,2,2,12,0
131,4,1,3,9,0
126,4,2,3,55,0
104,3,2,3,11,0
126,4,1,2,36,0
128,4,1,3,32,0
104,3,1,2,48,0
111,4,2,2,24,0
999,9,1,2,0,9
108,3,2,2,36,0
117,4,1,2,52,0
999,9,1,3,41,4
108,4,1,2,18,0
116,4,2,2,43,0
115,4,2,2,18,0
118,4,1,2,27,0
127,4,1,3,53,0
116,4,1,2,49,0
130,4,2,2,19,0
127,4,1,2,58,0
127,4,1,2,42,0
121,4,2,2,23,0
999,9,1,2,3,9
126,4,2,3,51,0
89,2,1,2,20,0
104,3,1,3,28,0
120,4,1,2,47,0
137,4,1,2,30,0
124,4,1,2,16,0
106,3,1,2,48,0
123,4,1,2,37,0
116,4,1,2,8,0
132,4,2,2,54,0
105,4,2,2,17,0
132,4,2,2,52,0
100,3,2,2,24,0
126,4,1,1,25,0
999,9,2,2,3,9
120,4,2,2,33,0
119,4,2,1,36,0
999,9,2,2,4,9
111,4,2,1,32,0
106,4,2,2,9,0
115,4,1,2,42,0
119,4,1, ,44,0
123,4,1,2,55,0
105,4,1,2,23,0
130,4,1,2,51,0
110,4,2, ,30,0
120,4,1,1,28,0
117,4,2,2,33,0
109,4,1,2,6,0
125,4,1,2,48,0
126,4,1,2,49,0
119,4,1,2,36,0
117,4,2,2,57,0
999,9,1,2,0,9
109,3,1,3,30,0
115,4,1,2,46,0
122,4,1,3,50,0
121,4,2,2,37,0
102,3,2,2,9,0
123,4,1,2,42,0
999,9,1,2,2,9
111,4,1,2,27,0
103,3,2,2,45,0
108,3,2,2,35,0
122,4,1,2,51,0
113,4,1,2,8,0
120,4,1,1,48,0
114,4,1,2,43,0
115,4,2,2,48,0
104,3,1,2,20,0
116,4,2,1,36,0
108,3,2,2,31,0
118,4,2,2,57,0
108,4,2,1,14,0
122,4,1,3,36,0
121,4,1,2,54,0
106,3,1,1,37,0
113,4,2,1,46,0
109,4,2,2,17,0
121,4,1, ,44,0
101,3,1,2,12,0
123,4,1,2,40,0
121,4,1,2,40,0
89,2,1,2,8,0
112,4,1,1,58,0
111,4,1,1,18,0
121,4,2,1,40,0
115,4,2,2,45,0
111,4,2,2,19,0
106,3,2,2,35,0
112,4,1,2,24,0
123,4,1,2,38,0
114,4,2,2,14,0
114,4,1,2,29,0
118,4,1,3,22,0
101,3,1,2,44,0
114,4,2,2,59,0
112,4,1,3,28,0
108,3,1,2,36,0
116,4,1,2,38,0
112,4,2,2,58,0
117,4,1,2,35,0
999,9,2,2,3,9
117,4,1,2,49,0
117,4,2,2,50,0
110,4,2,2,11,0
117,4,2,3,35,0
119,4,2,2,57,0
117,4,1,3,52,0
117,4,1,3,12,0
108,3,1,3,40,0
999,9,1,2,2,9
114,4,2,2,58,0
101,3,2,2,14,0
106,3,1,2,29,0
122,4,1,2,40,0
101,3,2,2,47,0
120,4,1,3,35,0
118,4,1,2,42,0
125,4,2,2,37,0
121,4,1,3,28,0
121,4,1,2,38,0
108,4,1,3,6,0
118,4,2,2,54,0
109,3,1,2,49,0
117,4,1,2,36,0
125,4,1,2,17,0
117,4,2,2,22,0
119,4,1,2,6,0
93,2,2,2,9,0
110,4,2,2,12,0
110,4,1,2,41,0
115,4,1,2,31,0
126,4,2,2,27,0
118,4,2,2,41,0
108,3,1,2,53,0
121,4,1,2,19,0
107,3,2,2,45,0
96,2,2,2,25,0
118,4,2,3,33,0
112,4,2,2,44,0
108,4,1,2,23,0
105,3,2,2,29,0
112,4,1,2,58,0
114,4,1,2,9,0
118,4,1,3,22,0
96,3,1,2,7,0
114,4,2,2,17,0
999,9,1,2,3,9
113,4,1,2,23,0
105,4,1,2,8,0
117,4,1,2,49,0
120,4,2,2,54,0
104,3,2,2,31,0
115,4,1,2,56,0
94,2,2,2,6,0
117,4,1,2,25,0
123,4,2,3,59,0
108,3,1,2,49,0
105,3,1,2,34,0
999,9,2,2,3,9
111,4,2,0,18,0
117,4,1, ,47,0
132,4,2,3,26,0
103,3,1,2,23,0
999,9,2,2,4,9
119,4,2,2,39,0
115,4,2,2,22,0
104,3,1,1,23,0
116,4,2,3,30,0
110,4,1,2,23,0
106,3,2,2,25,0
108,4,2,2,14,0
119,4,2,3,59,0
111,4,2,2,42,0
132,4,1,2,55,0
114,4,1,2,23,0
115,4,2,3,46,0
121,4,2,2,56,0
120,4,1,2,30,0
111,4,1,3,35,0
98,3,1,2,6,0
106,3,2,2,42,0
117,4,1,2,28,0
99,3,2,3,12,0
999,9,2,3,54,4
122,4,1,2,51,0
124,4,1,2,25,0
128,4,1,3,48,0
128,4,1,2,41,0
113,4,1,2,30,0
125,4,1,2,37,0
125,4,2,2,52,0
124,4,1,2,46,0
115,4,2,2,43,0
999,9,1,2,2,9
999,9,1,2,3,9
114,4,2,2,22,0
123,4,1,2,52,0
124,4,1,2,54,0
110,4,1,1,59,0
109,3,1,1,29,0
107,3,1,2,35,0
129,4,1,3,47,0
114,4,1,3,33,0
100,3,1,2,30,0
124,4,2,2,40,0
103,3,2,2,13,0
105,4,2,2,13,0
103,3,2,2,9,0
125,4,2,2,31,0
135,4,2,2,29,0
109,4,1,2,6,0
91,2,1,2,13,0
109,3,2,2,55,0
112,4,1,2,40,0
102,3,2,2,48,0
111,4,1,2,16,0
125,4,1,2,56,0
121,4,1,2,52,0
114,4,2,2,21,0
101,3,1,2,7,0
115,4,2,2,51,0
127,4,1,2,53,0
111,4,2,2,29,0
119,4,1,3,18,0
999,9,1,2,51,3
123,4,2,3,22,0
115,4,1,2,12,0
123,4,1,3,37,0
109,4,2,2,11,0
120,4,1,1,19,0
107,4,2,3,6,0
133,4,1,3,16,0
127,4,2,3,21,0
100,3,2,2,9,0
133,4,2,2,32,0
105,4,1,2,8,0
122,4,2,3,42,0
116,4,1,2,35,0
117,4,2,3,32,0
94,2,2,2,54,0
118,4,1,2,33,0
117,4,1,2,42,0
103,3,2,2,6,0
107,3,1,2,28,0
132,4,1,2,38,0
107,4,1,2,11,0
118,4,2,3,45,0
999,9,2,2,2,9
118,4,2,2,43,0
128,4,1,2,58,0
112,4,2,3,9,0
114,4,2,2,48,0
999,9,1,1,4,9
136,4,1,2,39,0
119,4,1,2,9,0
118,4,1,3,32,0
120,4,1,3,59,0
113,4,1,3,16,0
98,3,1,2,7,0
116,4,2,3,34,0
128,4,1,3,45,0
95,3,2,3,11,0
110,4,1,3,15,0
105,3,2,3,49,0
999,9,2,2,14,4
125,4,2,2,17,0
999,9,1,2,17,4
123,4,1,2,32,0
126,4,1,2,28,0
130,4,1,2,56,0
103,3,1,1,37,0
117,4,1,2,43,0
103,3,2,2,17,0
112,4,2,2,29,0
119,4,1,2,13,0
125,4,2,2,51,0
130,4,2,3,17,0
116,4,2,2,27,0
107,4,2,2,16,0
134,4,1, ,35,0
92,2,1,3,8,0
113,4,2,2,37,0
999,9,2,2,0,9
106,3,1,2,39,0
108,3,1,2,38,0
122,4,2,2,43,0
101,3,1,2,11,0
111,4,1,2,36,0
119,4,2,1,21,0
121,4,2,2,57,0
108,3,2,3,30,0
116,4,1,3,11,0
111,4,1,3,35,0
121,4,1,2,17,0
999,9,2,2,40,4
98,3,2,3,22,0
105,4,1,3,19,0
108,3,2,2,35,0
109,4,2,2,8,0
113,4,2,2,11,0
120,4,1,2,35,0
121,4,1,2,39,0
999,9,2,2,3,9
114,4,1,3,37,0
999,9,2,3,1,9
117,4,2,2,46,0
110,4,1,2,35,0
105,3,2,2,44,0
112,4,2,2,44,0
133,4,1,2,41,0
102,3,2,2,22,0
108,3,1,2,38,0
115,4,2,2,12,0
96,3,1,2,14,0
92,2,2,3,10,0
111,4,1,2,45,0
999,9,1,2,3,9
95,3,1,2,9,0
101,3,2,2,10,0
115,4,1,2,21,0
123,4,2,2,38,0
107,3,1,1,38,0
120,4,1,2,48,0
110,4,2,2,55,0
107,3,1,2,29,0
999,9,1,2,2,9
999,9,1,2,46,6
85,2,2,2,14,0
999,9,1,2,0,9
105,3,1,2,48,0
115,4,2,2,53,0
111,4,1,2,25,0
103,3,1, ,40,0
106,4,2, ,20,0
107,3,1,3,50,0
128,4,1,3,52,0
116,4,2,2,59,0
100,3,1,3,36,0
92,2,2,3,10,0
103,3,1,2,28,0
115,4,2,2,55,0
103,3,1,3,22,0
132,4,2,2,37,0
113,4,1,2,46,0
105,4,2,2,8,0
130,4,2,3,34,0
999,9,2,3,41,4
999,9,2,2,3,9
112,4,2,2,15,0
999,9,1,2,2,9
138,4,2,2,33,0
116,4,2,3,24,0
105,4,1,2,7,0
115,4,2,3,28,0
123,4,2,3,51,0
120,4,2,3,32,0
119,4,1,3,33,0
99,2,1,2,31,0
92,2,2,2,18,0
120,4,2,2,31,0
108,3,2,2,59,0
114,4,1,3,30,0
91,2,1,3,9,0
104,3,2,2,15,0
114,4,1,2,47,0
114,4,2,2,49,0
119,4,2,2,39,0
116,4,2,3,12,0
106,3,1,2,27,0
125,4,1,2,32,0
127,4,1, ,37,0
99,3,1,2,10,0
125,4,2,3,13,0
126,4,2,3,39,0
125,4,1,2,30,0
116,4,2,2,34,0
123,4,2,2,54,0
127,4,2,2,37,0
116,4,1,2,47,0
101,3,1,2,15,0
134,4,2,2,42,0
110,4,1,1,34,0
115,4,2,3,41,0
123,4,1,2,46,0
107,3,1,2,44,0
97,3,1,2,9,0
999,9,2,3,43,4
114,4,1,3,53,0
109,4,1,2,8,0
110,4,1,2,42,0
105,4,1,2,17,0
999,9,1,2,4,9
126,4,2,2,53,0
122,4,1,2,53,0
118,4,1,2,45,0
122,4,2, ,55,0
114,4,2,2,53,0
120,4,1,2,30,0
96,2,1,2,47,0
999,9,2,3,5,9
131,4,1,2,39,0
107,4,2,3,18,0
120,4,1,2,57,0
115,4,1,2,58,0
108,4,2,2,23,0
94,2,1,3,18,0
111,4,2,2,50,0
122,4,2,2,56,0
102,3,1,2,15,0
999,9,2,2,3,9
121,4,2,2,43,0
123,4,1,3,51,0
118,4,1,2,54,0
108,3,2,2,59,0
123,4,1,2,46,0
119,4,2,2,56,0
115,4,1,2,55,0
110,4,2,2,31,0
117,4,1,2,50,0
87,2,2,2,10,0
99,2,1,3,44,0
119,4,1,3,57,0
117,4,2,3,42,0
999,9,2,3,4,9
119,4,1,2,54,0
114,4,1,2,41,0
118,4,1,2,24,0
89,2,1,2,11,0
102,3,2,2,13,0
999,9,1,2,1,9
123,4,1,2,41,0
133,4,1,2,46,0
115,4,1,3,48,0
121,4,1,2,36,0
110,4,1,2,18,0
112,4,1,2,8,0
104,3,2,2,11,0
110,4,2,2,54,0
102,3,1,2,30,0
142,4,2,2,23,0
130,4,2,2,21,0
117,4,2,1,46,0
120,4,2,2,30,0
120,4,2,2,26,0
111,4,2,2,36,0
104,3,2,2,19,0
109,4,1,2,15,0
117,4,1,1,44,0
106,4,1,2,20,0
91,2,2,2,8,0
119,4,1,1,53,0
108,3,1,2,54,0
108,3,1,2,30,0
111,4,1, ,58,0
90,2,2,2,9,0
116,4,2,3,29,0
117,4,2,2,34,0
104,3,1,2,34,0
107,4,1,2,10,0
102,3,2,2,18,0
126,4,1,3,33,0
116,4,2,3,37,0
119,4,1,3,46,0
119,4,2,2,47,0
128,4,2,2,41,0
999,9,2,2,4,9
107,3,2,2,29,0
77,2,1,2,7,0
99,2,1,2,51,0
126,4,2,2,35,0
107,4,1,2,17,0
121,4,2,3,45,0
113,4,2,2,30,0
111,4,2,2,27,0
123,4,1,2,28,0
120,4,2,3,42,0
120,4,1,2,37,0
107,4,2,3,7,0
126,4,2,3,26,0
100,3,2,1,21,0
125,4,1,3,20,0
999,9,2,2,1,9
110,4,1,2,36,0
105,3,2,2,41,0
118,4,1,2,29,0
128,4,2,2,48,0
122,4,2,2,15,0
105,3,1,1,42,0
102,3,1,1,14,0
101,3,2,2,17,0
111,4,2,2,42,0
127,4,1,2,55,0
104,3,2,2,11,0
109,3,2, ,53,0
110,4,1,2,47,0
121,4,1,2,22,0
111,4,2,2,27,0
88,2,2,2,7,0
93,2,1, ,43,0
103,3,2,1,20,0
102,3,2,1,47,0
102,3,1,1,58,0
113,4,1,2,43,0
999,9,2,3,5,9
118,4,2,2,22,0
126,4,1,2,36,0
110,4,2,3,40,0
120,4,1,2,58,0
118,4,2,2,21,0
122,4,1,2,45,0
999,9,2,2,3,9
999,9,2,3,4,9
999,9,1,2,4,9
122,4,1,3,59,0
83,2,1,2,9,0
107,3,1,1,50,0
90,2,2,2,9,0
104,3,2,2,28,0
109,3,1,2,54,0
102,3,2,1,42,0
116,4,1,2,45,0
107,3,1,2,33,0
111,4,1,2,15,0
107,4,1,2,23,0
107,3,1,1,54,0
112,4,1,1,27,0
999,9,1,1,0,9
120,4,1,2,50,0
94,2,1,1,19,0
119,4,2,2,32,0
105,4,1,2,11,0
101,3,1, ,55,0
111,4,2,3,52,0
999,9,2,3,2,9
105,4,1, ,23,0
108,4,2,1,19,0
103,3,2,1,30,0
94,2,1,1,8,0
102,3,2,2,54,0
119,4,2,1,54,0
112,4,2,1,35,0
105,3,2,1,38,0
98,3,2,1,22,0
87,2,1,1,6,0
110,4,2,1,33,0
999,9,1,1,0,9
117,4,2,1,53,0
106,3,1,1,29,0
89,2,1,1,9,0
999,9,1,1,0,9
98,2,1, ,32,0
101,3,1,1,39,0
112,4,2,2,29,0
106,3,2,1,49,0
98,2,1,1,30,0
98,3,2, ,19,0
106,3,2,2,39,0
120,4,2,2,43,0
122,4,2,1,25,0
99,2,1,2,42,0
100,3,1,1,32,0
110,4,2,2,44,0
98,3,2,2,14,0
103,3,1,2,46,0
112,4,1,1,21,0
108,3,2,1,34,0
100,3,1,2,56,0
105,3,2,2,28,0
999,9,2,2,0,9
92,2,1,2,9,0
100,3,1,1,44,0
95,3,2,2,11,0
105,4,1,2,13,0
111,4,1,2,31,0
107,3,2,2,52,0
112,4,2,2,42,0
999,9,1,2,1,9
107,3,2,2,52,0
109,4,1,2,16,0
118,4,1,3,38,0
128,4,2,2,37,0
117,4,2,2,43,0
107,3,1,2,24,0
87,2,2,2,34,0
67,1,2,2,6,0
999,9,2,2,2,9
104,3,1,2,25,0
126,4,1,2,49,0
136,4,1,2,25,0
103,3,1, ,9,0
123,4,1,2,54,0
110,4,2,3,28,0
110,4,1,2,8,0
102,3,2,2,23,0
107,4,2,2,12,0
105,3,2,2,27,0
120,4,2,2,21,0
122,4,2,3,36,0
126,4,1,2,37,0
109,4,1,2,19,0
116,4,2,2,28,0
108,3,2,2,50,0
116,4,1,2,33,0
115,4,2,2,47,0
110,4,2,1,55,0
115,4,1,2,29,0
111,4,1,2,16,0
122,4,2,2,55,0
134,4,1,2,19,0
119,4,1,2,41,0
120,4,2,2,23,0
111,4,2,3,50,0
115,4,1,3,30,0
98,3,1,3,8,0
115,4,1,2,43,0
95,3,1,2,6,0
116,4,1,3,56,0
106,4,1, ,16,0
84,2,2,2,6,0
80,2,2,2,6,0
100,3,1,2,16,0
107,4,2,2,8,0
112,4,2,3,46,0
88,2,1,2,27,0
109,3,1,2,55,0
999,9,2,2,12,4
98,3,2,2,10,0
112,4,2,3,36,0
91,2,1,2,6,0
115,4,2,2,51,0
128,4,2,2,22,0
106,3,1,2,38,0
116,4,2,2,57,0
89,2,1,2,18,0
124,4,1,3,43,0
112,4,2,2,45,0
98,3,1,2,8,0
110,4,1,2,13,0
136,4,2,2,49,0
117,4,2,2,19,0
999,9,2,3,2,9
109,4,2,1,20,0
117,4,1,2,32,0
999,9,1,2,20,4
110,4,2,2,39,0
117,4,1,2,43,0
110,4,1,2,11,0
110,4,1,2,25,0
123,4,1, ,57,0
114,4,2,1,24,0
144,4,2,2,48,0
120,4,1,3,49,0
116,4,1,2,29,0
105,4,2,2,15,0
113,4,1,2,32,0
99,3,2,2,12,0
117,4,1,2,41,0
93,2,1,2,9,0
113,4,2,3,21,0
114,4,2,2,36,0
130,4,1,2,37,0
115,4,2, ,19,0
113,4,1,2,37,0
117,4,2,2,16,0
117,4,2,2,46,0
109,3,2,2,46,0
129,4,2,2,49,0
93,2,2,2,56,0
102,3,2,2,32,0
85,2,1,2,9,0
98,2,1,0,30,0
109,4,1,0,13,0
109,3,2, ,29,0
98,2,2,2,43,0
122,4,1,1,33,0
102,3,1,1,55,0
112,4,2,1,24,0
102,3,2,2,7,0
101,3,2,2,10,0
111,4,1, ,46,0
108,4,1,1,15,0
107,4,1,2,13,0
115,4,2,2,27,0
105,4,1,2,13,0
113,4,1,2,45,0
109,4,2,1,19,0
118,4,2,2,37,0
123,4,1,2,48,0
109,3,2,2,55,0
118,4,1,2,21,0
121,4,2,2,29,0
999,9,1,3,29,4
109,3,1, ,45,0
127,4,2,2,56,0
128,4,2,3,36,0
999,9,2,3,5,9
93,2,2,2,19,0
107,4,2,2,12,0
124,4,2,2,58,0
111,4,1,2,31,0
110,4,1,2,6,0
124,4,1,3,48,0
128,4,1,3,44,0
102,3,2,2,23,0
110,4,1,2,36,0
999,9,2,2,5,9
115,4,2,2,21,0
110,4,1,2,45,0
105,3,2,2,29,0
118,4,1,2,43,0
109,4,1,2,22,0
119,4,1,3,50,0
110,4,2,2,24,0
108,3,1,3,55,0
119,4,1,2,53,0
126,4,1,3,36,0
116,4,1,3,57,0
999,9,1,3,16,4
115,4,2,3,20,0
114,4,1,2,39,0
101,3,2,3,52,0
105,3,2,3,35,0
999,9,1,2,4,9
120,4,1,2,41,0
115,4,2,2,18,0
105,4,1,2,6,0
112,4,2,2,53,0
114,4,2,2,29,0
120,4,2,2,25,0
101,3,1,2,14,0
111,4,2,2,10,0
95,3,1,2,11,0
115,4,2,2,10,0
116,4,2,2,24,0
108,3,1,2,42,0
127,4,2,3,24,0
999,9,2,2,2,9
110,4,1,2,45,0
999,9,2,2,45,6
114,4,2,3,56,0
125,4,2,2,57,0
116,4,2,2,28,0
117,4,2,2,38,0
999,9,2,3,1,9
122,4,1,2,58,0
999,9,2,2,2,9
127,4,2,2,58,0
122,4,2,3,42,0
125,4,2,3,21,0
999,9,1,1,3,9
119,4,1,2,59,0
121,4,1,2,32,0
112,4,1,2,6,0
999,9,1,2,3,9
999,9,1,1,5,9
122,4,2,3,43,0
117,4,1,3,18,0
124,4,2,3,21,0
108,4,2,3,20,0
101,3,1,2,7,0
124,4,1,2,55,0
121,4,2,2,21,0
124,4,1,2,30,0
999,9,2,2,5,9
111,4,2,2,41,0
117,4,2,2,52,0
115,4,2,2,38,0
115,4,1,2,43,0
999,9,1,2,1,9
110,4,1,2,10,0
108,3,2,2,47,0
108,3,2,1,46,0
125,4,1,2,59,0
114,4,1,2,47,0
94,2,1,2,9,0
117,4,1,2,19,0
97,2,1,3,25,0
98,2,1,3,50,0
109,3,2,2,36,0
999,9,2,2,21,4
999,9,1,3,53,3
86,2,1,3,14,0
129,4,1,2,59,0
999,9,1,3,3,9
999,9,1,2,10,4
109,3,1,2,35,0
110,4,1,2,38,0
999,9,1,2,3,9
102,3,2,2,31,0
123,4,2,2,37,0
117,4,2,2,52,0
118,4,1,2,38,0
97,3,1,2,12,0
98,2,1,3,28,0
117,4,1,2,19,0
95,2,2,2,25,0
133,4,2,2,55,0
100,3,2,1,29,0
125,4,1,2,29,0
122,4,1,2,40,0
111,4,1,2,35,0
74,2,1,2,17,0
999,9,2,2,5,9
111,4,2,2,44,0
118,4,2,3,6,0
112,4,1,2,51,0
120,4,2,2,40,0
114,4,1,2,19,0
116,4,2,2,27,0
125,4,1,2,35,0
120,4,1,2,56,0
107,3,2,2,53,0
106,4,2,2,17,0
128,4,2,2,24,0
115,4,1,2,18,0
112,4,2,2,22,0
107,3,2,2,38,0
117,4,2,2,23,0
115,4,2,2,34,0
123,4,1,2,40,0
112,4,1,2,37,0
116,4,2,2,45,0
123,4,2,1,46,0
79,2,1,2,14,0
99,2,2,1,37,0
119,4,2,1,34,0
104,3,2,3,53,0
102,3,1,2,10,0
123,4,1,1,58,0
110,4,1,1,32,0
115,4,1,3,37,0
118,4,2,2,57,0
120,4,1,2,9,0
116,4,2, ,35,0
115,4,1, ,43,0
96,3,1,2,9,0
112,4,2,2,22,0
113,4,2,1,54,0
107,4,1,2,13,0
102,3,1,2,35,0
999,9,1,1,3,9
98,3,2,2,11,0
118,4,1,2,13,0
105,4,2,0,19,0
115,4,2,2,58,0
126,4,2,3,50,0
999,9,1,2,5,9
119,4,2,2,41,0
118,4,2,2,52,0
107,3,1,2,49,0
104,3,2,3,30,0
101,3,2,3,31,0
119,4,2,2,46,0
122,4,2,2,46,0
115,4,1,2,44,0
134,4,2,3,56,0
107,4,2,2,16,0
105,4,2,2,14,0
119,4,2,2,32,0
121,4,1,2,49,0
113,4,2,1,43,0
111,4,2,2,19,0
88,2,2,1,20,0
125,4,1,2,49,0
109,4,1,2,23,0
117,4,1,3,13,0
96,3,1,3,7,0
100,3,2,2,58,0
98,3,2,2,7,0
134,4,1,2,49,0
103,3,1,2,25,0
96,2,1,1,29,0
109,4,1,1,9,0
104,3,2,1,38,0
999,9,1,2,41,3
104,3,2,2,41,0
106,3,2,2,49,0
104,3,2,1,21,0
120,4,1,3,45,0
122,4,2,3,52,0
122,4,2,3,30,0
110,4,1,3,40,0
92,2,2,2,27,0
100,3,1,2,7,0
104,3,2,2,37,0
105,4,2,2,13,0
123,4,2,2,48,0
103,3,2,3,23,0
133,4,1,3,22,0
999,9,1,2,0,9
124,4,2,2,57,0
108,4,1,2,10,0
126,4,1,2,21,0
121,4,1,2,45,0
113,4,1,2,8,0
112,4,1,2,17,0
121,4,1,2,43,0
106,3,2,2,26,0
117,4,2,2,16,0
120,4,1,2,57,0
108,3,1,2,37,0
108,3,2,2,49,0
118,4,2,2,9,0
97,3,1,2,6,0
98,2,1,2,32,0
113,4,2,2,13,0
121,4,2,2,50,0
114,4,1,3,58,0
103,3,2,2,32,0
96,3,1,1,11,0
102,3,2,2,40,0
113,4,1,2,57,0
117,4,1,2,37,0
108,3,1,2,45,0
124,4,2,2,49,0
999,9,1,2,3,9
120,4,1,1,37,0
104,3,1,2,30,0
115,4,2,2,51,0
106,3,2,2,43,0
111,4,1,2,7,0
111,4,1,2,44,0
120,4,2,2,49,0
116,4,1,2,30,0
125,4,2,2,54,0
135,4,1,2,26,0
116,4,1,2,39,0
95,3,1,2,12,0
127,4,2,1,27,0
117,4,1,2,42,0
101,3,2,2,15,0
115,4,2,2,36,0
109,4,2,2,8,0
999,9,1,2,5,9
128,4,2,3,52,0
123,4,2,3,29,0
96,2,2,2,28,0
130,4,1,2,13,0
106,3,2,2,46,0
107,3,1,3,29,0
121,4,2,2,50,0
115,4,2,2,11,0
125,4,1,2,23,0
999,9,2,3,22,4
95,3,2,2,11,0
107,3,2, ,56,0
115,4,1,3,9,0
126,4,2,2,33,0
103,3,1,2,26,0
127,4,2,2,47,0
112,4,2,2,28,0
999,9,2,2,5,9
117,4,2,2,25,0
118,4,2,2,58,0
91,2,1,2,15,0
98,2,1,2,44,0
103,3,2,1,19,0
116,4,1,3,34,0
111,4,1,2,21,0
107,3,2,2,36,0
93,2,2,2,7,0
131,4,1,1,51,0
116,4,2,2,52,0
112,4,1,2,51,0
108,3,1,2,41,0
111,4,2,2,44,0
125,4,2,3,37,0
121,4,1,2,43,0
135,4,2,2,19,0
111,4,2,2,11,0
112,4,1,2,41,0
84,2,1,2,15,0
120,4,2,2,52,0
134,4,2,2,47,0
999,9,2,2,5,9
91,2,1,2,24,0
111,4,2,2,18,0
115,4,1,2,41,0
128,4,1,2,48,0
114,4,1,1,26,0
100,3,2,2,50,0
118,4,2,2,38,0
120,4,2,2,31,0
125,4,1,1,36,0
112,4,2,2,51,0
107,4,2,2,21,0
71,2,1,2,22,0
117,4,1,2,17,0
114,4,2,3,13,0
108,3,1,2,57,0
111,4,1,1,59,0
107,3,1,2,43,0
999,9,2,2,2,9
99,2,1,1,36,0
107,4,2,1,19,0
109,3,2,1,47,0
114,4,2,1,29,0
95,2,2,2,24,0
129,4,2,2,31,0
999,9,2,2,5,9
111,4,1,1,40,0
53,1,1,1,7,0
124,4,1,2,40,0
100,3,1,2,12,0
108,4,1,1,6,0
89,2,1,1,15,0
113,4,1,1,58,0
124,4,2,2,32,0
96,3,1,2,7,0
105,3,1,2,40,0
104,3,2,2,32,0
131,4,2,2,57,0
104,3,1,2,38,0
113,4,1,3,32,0
129,4,2,2,54,0
111,4,2,3,13,0
109,3,2,2,53,0
89,2,2,2,9,0
109,3,2,1,32,0
999,9,2,2,3,9
120,4,1,3,55,0
113,4,2,2,53,0
999,9,2,2,3,9
87,2,1,2,48,0
131,4,2,3,45,0
107,4,1,2,8,0
114,4,1,2,51,0
106,3,2,3,54,0
106,4,2,3,16,0
115,4,1,3,36,0
119,4,2,2,48,0
117,4,2,2,31,0
109,3,2,2,38,0
105,4,1,2,8,0
122,4,2,3,23,0
117,4,1,3,9,0
102,3,2,2,20,0
91,2,1,2,14,0
999,9,1,3,3,9
111,4,1,2,59,0
999,9,2,2,40,3
113,4,1,2,28,0
100,3,2,2,39,0
83,2,2,3,14,0
119,4,2,2,26,0
89,2,2,2,21,0
999,9,2,2,2,9
120,4,2,3,53,0
108,3,1,3,31,0
103,3,2,2,35,0
109,3,2,1,32,0
99,3,1,3,7,0
109,3,2,2,42,0
107,4,2,2,23,0
123,4,2,2,53,0
101,3,1,3,8,0
120,4,1,2,22,0
107,3,1,2,28,0
112,4,2,2,32,0
76,2,2,3,12,0
107,3,1,3,28,0
111,4,1,3,52,0
131,4,1,2,59,0
113,4,2,2,6,0
113,4,1,2,49,0
120,4,1,1,51,0
105,3,1,1,27,0
116,4,1,2,48,0
108,4,1,2,12,0
117,4,1,2,50,0
103,3,2,2,11,0
122,4,1,2,6,0
118,4,2,3,59,0
106,3,2,2,50,0
109,3,2,2,34,0
108,3,2,2,28,0
121,4,1,2,58,0
114,4,1,2,49,0
999,9,2,2,5,9
999,9,1,2,35,4
91,2,2,3,25,0
98,2,1,2,46,0
123,4,2,2,52,0
118,4,1,2,6,0
109,4,1,2,9,0
120,4,1,2,55,0
83,2,1,2,17,0
122,4,1,2,42,0
126,4,1,2,22,0
118,4,1,2,56,0
102,3,1,2,6,0
127,4,2,2,50,0
111,4,2,2,6,0
120,4,1,3,54,0
113,4,1,2,11,0
127,4,1,2,37,0
118,4,2,3,17,0
138,4,1,2,15,0
114,4,2,3,52,0
999,9,1,3,4,9
999,9,1,2,3,9
119,4,1,3,12,0
118,4,1,3,41,0
116,4,1,3,56,0
123,4,1,2,10,0
96,3,1,2,16,0
131,4,1,2,46,0
106,3,1,1,39,0
115,4,1,1,9,0
104,3,1,2,59,0
125,4,2,2,41,0
116,4,2,2,47,0
107,4,1,2,17,0
106,3,2,3,58,0
112,4,2,1,42,0
999,9,2,1,4,9
111,4,1,2,36,0
999,9,2,2,3,9
116,4,2,3,22,0
84,2,2,2,11,0
120,4,1,2,37,0
118,4,2,2,49,0
103,3,1,2,35,0
107,4,1,3,11,0
104,3,1,2,54,0
106,4,2,2,7,0
107,3,1,1,33,0
121,4,2,2,27,0
120,4,1,3,39,0
108,3,1,2,31,0
116,4,1,3,28,0
111,4,2,2,23,0
113,4,2,3,40,0
129,4,1,2,59,0
102,3,2,3,14,0
115,4,1,2,56,0
123,4,2,3,15,0
102,3,1,3,35,0
999,9,1,2,5,9
94,2,1,2,8,0
124,4,1,1,17,0
119,4,2,2,21,0
101,3,2,2,23,0
114,4,2,2,53,0
99,2,1,1,58,0
129,4,2,2,53,0
122,4,1,2,42,0
97,2,2,2,56,0
118,4,2,2,27,0
96,3,2,2,7,0
80,2,1, ,23,0
113,4,1,2,52,0
107,3,1,2,58,0
111,4,1,2,34,0
109,4,1,2,16,0
114,4,2,2,39,0
123,4,2,1,52,0
112,4,2,2,27,0
999,9,1,1,2,9
110,4,1,1,40,0
999,9,1,1,38,3
114,4,1,1,38,0
105,3,2,1,51,0
79,2,1,2,25,0
119,4,1,1,23,0
999,9,1,2,1,9
115,4,1, ,34,0
130,4,1, ,42,0
118,4,2,2,50,0
121,4,1,3,22,0
127,4,2,3,6,0
95,3,1,2,12,0
999,9,2,2,3,9
107,3,1,1,53,0
93,2,2,2,11,0
100,3,1,3,21,0
117,4,2,2,36,0
111,4,2,2,22,0
112,4,2,2,59,0
106,4,2,3,23,0
95,3,1,2,9,0
97,2,1,2,27,0
105,3,2,2,28,0
96,3,1,2,7,0
111,4,2,3,21,0
119,4,2, ,57,0
107,3,1,2,47,0
123,4,2,2,25,0
118,4,2,2,42,0
119,4,2,2,12,0
99,3,1,1,6,0
122,4,1,1,50,0
116,4,2,2,14,0
116,4,2,2,14,0
125,4,1,1,25,0
100,3,2,2,39,0
96,3,1,1,11,0
121,4,1,2,16,0
114,4,2,2,45,0
108,4,2,2,22,0
118,4,2,2,49,0
117,4,2,1,41,0
106,3,1,1,28,0
120,4,1,2,48,0
114,4,2,2,35,0
98,3,1,1,14,0
109,4,2,2,14,0
113,4,2,2,47,0
121,4,1,2,35,0
109,4,2,2,17,0
117,4,2,2,20,0
116,4,1,2,56,0
86,2,2,2,12,0
103,3,2,2,14,0
112,4,2,2,30,0
999,9,1,2,4,9
107,3,2,2,36,0
111,4,1,2,35,0
122,4,2,2,47,0
113,4,1,2,10,0
117,4,1,2,37,0
119,4,2, ,51,0
121,4,2,1,46,0
110,4,1,2,13,0
999,9,2,2,4,9
117,4,1,2,34,0
999,9,1,1,46,6
133,4,1,2,51,0
98,3,1,2,8,0
119,4,1,2,51,0
99,2,2,2,28,0
124,4,2,3,36,0
107,3,2,2,30,0
105,4,1,2,6,0
127,4,1,2,52,0
112,4,1, ,58,0
120,4,2,2,29,0
999,9,2,2,0,9
110,4,2,1,34,0
90,2,1,2,8,0
99,2,2,2,44,0
116,4,2,1,57,0
94,2,2,2,8,0
117,4,2,2,54,0
116,4,1,2,48,0
100,3,1,2,10,0
116,4,1,2,45,0
102,3,2,2,9,0
94,2,1,2,23,0
122,4,1,1,22,0
112,4,1,2,42,0
108,4,1,2,15,0
118,4,2,2,53,0
111,4,1,2,22,0
105,4,1,2,12,0
97,3,1,2,15,0
123,4,2,2,33,0
111,4,1,2,12,0
112,4,2,2,39,0
110,4,1,3,11,0
999,9,2,2,5,9
999,9,1,2,5,9
134,4,1,2,39,0
105,3,2,2,42,0
123,4,2,2,8,0
96,2,2,2,55,0
97,3,1,2,7,0
999,9,2,2,3,9
999,9,1,2,20,4
999,9,1,2,3,9
101,3,1,2,42,0
122,4,2,2,6,0
999,9,1,2,4,9
114,4,1,3,19,0
103,3,2,2,21,0
115,4,1,3,21,0
111,4,1,2,26,0
114,4,1,2,7,0
118,4,1,3,23,0
111,4,2,2,55,0
115,4,1,2,36,0
123,4,1,2,49,0
105,3,2,2,35,0
999,9,1,3,12,4
112,4,2, ,54,0
112,4,1,2,47,0
107,4,1,2,8,0
116,4,1,2,35,0
115,4,1,2,8,0
101,3,1,2,11,0
108,4,2,2,6,0
109,3,1,2,57,0
128,4,1,2,30,0
102,3,1,2,48,0
122,4,1,2,26,0
119,4,2,3,6,0
127,4,2,2,33,0
119,4,2,2,10,0
118,4,2,2,36,0
106,4,2,2,6,0
114,4,2,3,45,0
116,4,2,2,52,0
126,4,1,2,53,0
115,4,2,3,57,0
999,9,2,3,28,4
117,4,2,2,31,0
120,4,2,3,35,0
999,9,1,3,1,9
113,4,1,1,30,0
999,9,2,3,5,9
127,4,1,2,23,0
120,4,2,2,58,0
106,4,1,2,9,0
119,4,1,2,32,0
130,4,2,2,50,0
999,9,1,2,53,4
118,4,2,2,24,0
137,4,2,2,42,0
999,9,1,2,45,4
999,9,2,2,21,4
999,9,1,2,1,9
999,9,2,2,4,9
129,4,2,2,35,0
118,4,1,1,36,0
117,4,1,2,56,0
102,3,2,2,7,0
117,4,2,1,49,0
999,9,2,2,43,4
108,3,2,2,50,0
127,4,1,2,31,0
137,4,1,2,57,0
114,4,2,2,34,0
999,9,1,2,44,4
99,3,1,2,8,0
116,4,1,2,37,0
109,3,2,2,39,0
999,9,2,2,4,9
125,4,1, ,59,0
103,3,2,2,36,0
125,4,1, ,47,0
115,4,1,1,18,0
124,4,2, ,59,0
113,4,2,1,32,0
96,3,1,2,7,0
999,9,2,2,57,6
108,3,2,2,55,0
97,3,2,2,15,0
120,4,1, ,59,0
117,4,1,2,57,0
112,4,2,2,36,0
999,9,2,3,4,9
127,4,2,2,35,0
999,9,2,3,4,9
129,4,1,2,41,0
118,4,1,2,46,0
115,4,1,2,35,0
110,4,2,2,19,0
116,4,1,3,31,0
999,9,2,2,5,9
116,4,1,2,32,0
115,4,1,2,35,0
120,4,2,2,32,0
999,9,2,2,22,4
130,4,2,2,46,0
102,3,1,2,15,0
123,4,1,2,59,0
999,9,2,2,2,9
110,4,2,2,27,0
108,4,1,2,12,0
125,4,1,2,51,0
109,3,1,2,29,0
107,4,2,3,13,0
118,4,1,2,28,0
107,4,2,2,10,0
113,4,1,3,33,0
114,4,2,2,28,0
118,4,2,2,21,0
112,4,2,3,42,0
109,3,1,2,30,0
112,4,2,1,27,0
115,4,2,2,15,0
125,4,1,3,21,0
116,4,2,2,11,0
133,4,2,2,41,0
111,4,2,2,8,0
113,4,2,2,50,0
112,4,2,2,37,0
999,9,1,2,2,9
113,4,1,2,53,0
110,4,1,3,33,0
114,4,2,2,15,0
102,3,1,2,14,0
106,4,2,2,17,0
110,4,2,2,21,0
112,4,2,2,53,0
999,9,2,2,0,9
117,4,2,2,42,0
111,4,1,2,52,0
102,3,1,2,31,0
999,9,1,3,5,9
999,9,2,3,3,9
118,4,2,3,54,0
129,4,1,2,44,0
119,4,2,2,49,0
123,4,2,1,56,0
111,4,2,2,45,0
120,4,1,2,52,0
110,4,1,2,33,0
110,4,2,2,38,0
107,3,1,2,37,0
113,4,2,2,16,0
120,4,2,2,45,0
125,4,1,2,6,0
126,4,1,2,34,0
127,4,1,2,50,0
112,4,2,2,44,0
116,4,1,2,59,0
108,3,1,3,26,0
114,4,1,2,26,0
128,4,2,2,38,0
95,2,1,2,25,0
123,4,1,2,45,0
103,3,1,2,22,0
108,4,1,2,17,0
120,4,2,2,34,0
124,4,2,2,34,0
118,4,2,2,31,0
999,9,1,2,4,9
107,3,1,2,38,0
110,4,2,2,7,0
999,9,1,0,5,9
999,9,2,2,2,9
119,4,1,2,57,0
99,2,1,2,24,0
112,4,1,2,6,0
113,4,2,3,24,0
94,2,1,2,11,0
95,2,1,2,30,0
120,4,2,2,10,0
104,3,2,2,26,0
124,4,1,2,52,0
114,4,2,3,41,0
119,4,1,3,52,0
98,2,2,2,41,0
108,3,2,2,37,0
123,4,2,3,56,0
106,4,2,3,9,0
121,4,2,2,21,0
115,4,2,2,28,0
112,4,1,3,13,0
124,4,1,2,49,0
116,4,1,2,56,0
132,4,2,2,42,0
118,4,2,2,14,0
999,9,2,2,4,9
116,4,1,2,47,0
107,3,2,2,39,0
111,4,2,2,45,0
999,9,2,2,3,9
122,4,2,2,39,0
141,4,2,2,48,0
999,9,2,2,3,9
122,4,1,2,37,0
104,3,1,2,51,0
90,2,2,2,18,0
123,4,2,2,57,0
103,3,1,3,10,0
123,4,1,2,44,0
115,4,2,2,30,0
999,9,2,2,4,9
107,3,2,1,35,0
104,3,1,1,37,0
104,3,2,2,13,0
106,3,1,1,47,0
91,2,2,2,14,0
118,4,1,1,49,0
122,4,2,2,42,0
123,4,1,3,23,0
125,4,2,2,19,0
108,3,2,0,30,0
107,4,1,2,18,0
113,4,2,2,15,0
100,3,1,2,23,0
121,4,1,2,39,0
113,4,2,2,30,0
999,9,1,2,3,9
102,3,2,2,34,0
114,4,2,2,30,0
119,4,1,2,24,0
114,4,1,2,31,0
109,4,2,2,16,0
100,3,2,2,37,0
127,4,1,2,52,0
123,4,2,2,16,0
120,4,2,2,53,0
121,4,1,2,24,0
115,4,2,2,22,0
110,4,2,2,15,0
117,4,1,2,26,0
999,9,2,2,5,9
126,4,1,2,50,0
117,4,1,2,50,0
104,3,1,1,27,0
93,2,2,2,8,0
113,4,2,2,34,0
107,3,1,1,56,0
108,3,2,1,39,0
87,2,1,1,8,0
107,3,1,2,49,0
999,9,2,2,2,9
94,2,2,2,11,0
103,3,2,2,54,0
98,3,2,2,19,0
102,3,1,2,37,0
100,3,1,2,7,0
119,4,2,2,14,0
103,3,1,3,43,0
109,4,1,2,11,0
111,4,2,3,25,0
124,4,1,2,32,0
97,2,1,2,43,0
108,3,2,2,49,0
99,3,1,2,17,0
119,4,2,3,41,0
83,2,2,3,25,0
114,4,1,3,17,0
111,4,1,2,33,0
95,3,2,2,17,0
107,4,1,2,13,0
119,4,2,2,37,0
117,4,1, ,55,0
105,4,1,2,10,0
113,4,1,3,48,0
119,4,1,2,40,0
94,2,2,2,7,0
105,4,2,2,19,0
116,4,2,2,46,0
102,3,2,2,25,0
102,3,1,2,54,0
129,4,1,2,52,0
112,4,1,2,38,0
112,4,2,2,48,0
115,4,1,2,6,0
120,4,2,3,19,0
113,4,1,2,54,0
104,3,1,2,8,0
116,4,1,2,40,0
105,4,1,2,12,0
114,4,1,2,31,0
95,3,1,2,8,0
97,2,1,2,30,0
125,4,1,2,46,0
113,4,1,1,59,0
116,4,1,1,45,0
105,4,1,2,17,0
105,4,2,2,17,0
104,3,2, ,37,0
106,3,2,2,44,0
113,4,1,2,48,0
106,3,1,2,38,0
89,2,2,2,11,0
113,4,2,1,32,0
96,2,2,2,26,0
111,4,1,2,53,0
127,4,1,2,19,0
999,9,2,2,1,9
94,2,2,2,18,0
111,4,1,2,58,0
113,4,2,2,39,0
118,4,1,2,29,0
122,4,2,2,49,0
97,2,1,1,48,0
115,4,2,2,13,0
119,4,1,2,53,0
113,4,2,2,28,0
124,4,1,1,50,0
107,4,2,1,7,0
94,2,1,1,10,0
101,3,2,1,45,0
114,4,1,2,59,0
98,2,2, ,37,0
105,4,2,2,12,0
114,4,1,1,36,0
120,4,1,1,36,0
90,2,1,1,46,0
84,2,2,2,9,0
110,4,1,2,25,0
113,4,2,3,49,0
91,2,2, ,36,0
110,4,1,2,45,0
114,4,2,2,39,0
93,2,1,2,12,0
105,4,1,1,9,0
121,4,2,2,22,0
114,4,1,2,52,0
112,4,2,3,26,0
999,9,1,2,2,9
115,4,1,2,40,0
110,4,1,1,36,0
999,9,1,1,5,9
105,4,2,2,12,0
101,3,2,2,43,0
101,3,1,1,22,0
105,4,2,2,17,0
115,4,1,1,41,0
107,4,2,1,15,0
99,2,1,1,34,0
104,3,2,1,33,0
119,4,2,2,49,0
123,4,1,3,47,0
113,4,1,1,56,0
90,2,1,0,49,0
82,2,1,0,20,0
115,4,1,0,36,0
120,4,1,2,38,0
105,3,2, ,37,0
129,4,2, ,23,0
105,4,2, ,16,0
109,3,2,2,56,0
115,4,2,2,25,0
100,3,1,2,19,0
112,4,1,2,43,0
107,4,2,3,16,0
107,3,1,1,55,0
121,4,1,2,50,0
105,4,2,2,9,0
111,4,1,2,27,0
99,2,1,1,47,0
106,3,2,1,25,0
87,2,1,1,6,0
117,4,2,0,14,0
118,4,2,2,44,0
118,4,2,2,44,0
122,4,2,2,26,0
114,4,2,2,54,0
999,9,1,2,24,4
105,3,2,2,49,0
113,4,2,2,15,0
115,4,2,3,51,0
107,4,2,3,13,0
106,3,2,2,24,0
118,4,1,2,25,0
92,2,2,2,7,0
102,3,1,3,19,0
115,4,1,2,51,0
119,4,1,2,56,0
117,4,1, ,58,0
106,3,2,2,32,0
999,9,1,2,3,9
114,4,2,2,23,0
999,9,1,3,2,9
122,4,1,2,29,0
117,4,1,2,52,0
103,3,2,2,28,0
126,4,1,2,59,0
117,4,2,2,11,0
109,4,1,3,23,0
129,4,2,2,51,0
104,3,2,2,13,0
110,4,1,2,11,0
118,4,2,2,38,0
121,4,1,3,53,0
109,4,2,2,10,0
117,4,2,1,44,0
127,4,1,2,46,0
107,4,2,1,9,0
99,2,1,2,30,0
119,4,2,2,52,0
131,4,1,2,39,0
108,4,1,2,14,0
999,9,2,2,23,4
142,4,1,2,40,0
121,4,1,1,41,0
104,3,1,1,26,0
89,2,1,2,18,0
134,4,2,2,59,0
111,4,2,2,39,0
115,4,1,2,19,0
103,3,2,2,29,0
113,4,2,2,47,0
120,4,2,2,39,0
91,2,2,1,7,0
97,3,2,2,20,0
113,4,2,2,46,0
127,4,1, ,47,0
96,3,2,2,13,0
102,3,2,2,29,0
117,4,2,2,38,0
114,4,1,2,50,0
106,4,2,2,12,0
119,4,1,2,32,0
139,4,1,2,59,0
999,9,1,2,26,4
127,4,1,3,45,0
126,4,2,2,15,0
110,4,1,3,15,0
120,4,1,2,59,0
113,4,1,2,45,0
130,4,1,3,50,0
105,3,1,2,38,0
114,4,2, ,43,0
108,3,2,2,49,0
110,4,2,1,27,0
108,3,2,2,35,0
999,9,2,2,2,9
105,3,2,1,44,0
999,9,1,2,0,9
112,4,2,2,49,0
119,4,2,1,52,0
113,4,1,2,45,0
110,4,1,2,14,0
101,3,1,2,39,0
111,4,1,2,46,0
116,4,1,2,20,0
99,2,2,2,45,0
116,4,1,1,29,0
999,9,2,1,36,3
116,4,2,2,49,0
109,4,1,2,16,0
102,3,1,2,19,0
91,2,2,2,36,0
107,3,2,2,37,0
90,2,1,1,12,0
106,3,2,2,37,0
115,4,2,2,25,0
114,4,1,2,34,0
96,3,2,2,10,0
106,4,1,2,20,0
123,4,2,2,28,0
103,3,1,2,14,0
111,4,2,2,38,0
108,3,1,2,26,0
97,3,1,2,17,0
105,4,1,2,7,0
95,3,2,1,9,0
116,4,2,1,43,0
126,4,1,2,49,0
81,2,2,2,13,0
114,4,2, ,55,0
105,3,2, ,36,0
115,4,2,2,10,0
114,4,1,2,57,0
116,4,2,2,47,0
110,4,2,2,33,0
112,4,1,2,41,0
106,3,2,2,43,0
124,4,2,1,19,0
117,4,2,2,13,0
98,3,1,2,22,0
98,3,2,1,11,0
118,4,2,3,12,0
132,4,1,1,28,0
97,3,1,2,9,0
114,4,2,1,35,0
111,4,2,2,19,0
105,3,1,1,46,0
119,4,2,2,37,0
125,4,2,2,27,0
131,4,1,2,36,0
119,4,1,2,29,0
999,9,2,3,4,9
111,4,2,1,25,0
131,4,1,2,10,0
115,4,1,2,41,0
117,4,1, ,55,0
123,4,2,2,21,0
126,4,2,3,33,0
106,3,2,1,58,0
86,2,2,1,22,0
114,4,1,3,6,0
102,3,1,2,37,0
112,4,2,3,40,0
999,9,1, ,42,3
116,4,2,2,36,0
103,3,1,3,18,0
111,4,1,2,51,0
117,4,2,3,56,0
121,4,2,3,21,0
122,4,2,2,23,0
128,4,1,2,42,0
126,4,2,2,20,0
105,4,1,3,23,0
999,9,1,3,12,4
117,4,2,3,49,0
105,3,2,3,56,0
113,4,2,3,51,0
114,4,2,2,36,0
115,4,1,2,22,0
125,4,1,2,22,0
999,9,2,3,13,4
999,9,2,3,13,4
999,9,1,3,13,4
125,4,2,2,32,0
130,4,2,3,39,0
104,3,1,2,23,0
109,3,1,1,31,0
127,4,2,2,18,0
107,4,1,2,23,0
109,3,1,3,46,0
89,2,1,3,11,0
117,4,1,2,44,0
105,4,1,2,15,0
125,4,2,3,55,0
98,3,1,3,7,0
113,4,1,3,29,0
999,9,2,3,0,9
110,4,2,2,28,0
119,4,2,3,13,0
103,3,1,2,18,0
999,9,1,2,58,4
106,3,1,0,35,0
999,9,1,3,19,4
121,4,1,2,10,0
103,3,2,2,50,0
95,3,1,2,15,0
107,3,2,2,42,0
999,9,1,2,5,9
999,9,1,2,1,9
77,2,2,2,17,0
115,4,2,2,47,0
104,3,2,2,10,0
115,4,1,2,37,0
111,4,1,2,20,0
119,4,1,2,53,0
119,4,1,2,15,0
999,9,2,2,2,9
101,3,1,2,13,0
117,4,1,0,46,0
116,4,2,2,34,0
116,4,1,1,30,0
115,4,2,2,30,0
115,4,1,1,25,0
83,2,1,1,7,0
120,4,1,2,33,0
113,4,1,2,53,0
109,4,1,2,18,0
132,4,2,2,57,0
999,9,2,2,5,9
104,3,1,2,10,0
102,3,1,2,8,0
106,4,1,2,9,0
94,2,1,2,32,0
97,2,1,2,43,0
119,4,2,2,54,0
115,4,2,2,14,0
101,3,2,2,26,0
108,3,1,2,43,0
100,3,2,3,43,0
114,4,2,2,51,0
99,2,2,2,24,0
999,9,1,2,19,6
106,3,2,1,45,0
103,3,1,1,19,0
126,4,1,2,6,0
109,3,2,3,29,0
92,2,1,3,52,0
112,4,2,3,26,0
117,4,1,2,46,0
103,3,2,2,47,0
96,3,2,2,15,0
104,3,2,2,23,0
999,9,1,2,2,9
118,4,1,2,20,0
107,3,2,3,41,0
999,9,1,1,11,4
999,9,2,2,5,9
122,4,1,2,10,0
119,4,1,2,57,0
999,9,1,2,1,9
121,4,1, ,58,0
125,4,1,2,11,0
103,3,1,2,17,0
120,4,1,2,39,0
124,4,2,3,29,0
106,4,1,2,18,0
123,4,2,3,34,0
118,4,1,3,20,0
113,4,2,2,47,0
115,4,2,2,30,0
101,3,1,2,31,0
999,9,2,2,14,4
94,2,2,2,22,0
105,3,2,2,29,0
108,3,2,1,45,0
105,4,2,2,19,0
118,4,2,2,40,0
110,4,2,3,39,0
107,3,2,2,27,0
104,3,2,2,44,0
106,4,2,2,8,0
119,4,2,2,33,0
121,4,1,3,40,0
999,9,1,2,4,9
99,3,2,3,20,0
121,4,1,1,8,0
103,3,2,2,14,0
109,4,1,2,14,0
111,4,1,2,23,0
111,4,1,3,53,0
999,9,1,2,4,9
119,4,1,2,56,0
105,4,1,2,21,0
114,4,1,2,16,0
116,4,2,2,8,0
111,4,1,2,46,0
100,3,1,2,21,0
116,4,1,2,56,0
93,2,1,2,12,0
105,3,2,1,42,0
140,4,2,2,56,0
110,4,1,3,55,0
999,9,2,1,4,9
121,4,1,2,27,0
121,4,2,2,58,0
120,4,1,2,10,0
122,4,2,2,46,0
110,4,1,2,37,0
124,4,2,2,45,0
117,4,2,2,39,0
131,4,2,2,24,0
126,4,1,2,27,0
112,4,1,1,39,0
110,4,2,2,37,0
101,3,1,2,7,0
117,4,1,2,57,0
116,4,1,2,24,0
114,4,1,2,39,0
108,3,1,2,34,0
113,4,2,2,15,0
111,4,2,2,20,0
108,4,1,2,8,0
114,4,2,2,36,0
111,4,2,2,33,0
126,4,2,2,51,0
115,4,1,2,20,0
133,4,1,2,33,0
121,4,2,2,25,0
999,9,1,2,5,9
127,4,1,2,42,0
115,4,1,2,56,0
101,3,1,2,15,0
98,3,2,2,21,0
104,3,1,1,26,0
109,4,1,2,13,0
111,4,1,1,53,0
104,3,1,1,36,0
106,3,1,2,45,0
98,3,2,0,14,0
116,4,2,0,57,0
112,4,2,1,49,0
109,3,1,2,52,0
119,4,1,2,24,0
104,3,2,2,25,0
113,4,1,2,39,0
112,4,1,2,27,0
113,4,2,2,41,0
108,3,1,2,42,0
133,4,1,2,47,0
107,3,1,3,24,0
999,9,2,3,3,9
999,9,2,3,4,9
129,4,1,3,53,0
118,4,1,2,38,0
113,4,1,2,16,0
99,2,2,3,58,0
107,3,1,3,46,0
104,3,1,2,24,0
104,3,1,2,19,0
123,4,2,2,58,0
999,9,2,2,2,9
112,4,2,2,31,0
121,4,1,2,50,0
119,4,1,3,47,0
111,4,2,2,34,0
106,4,1,3,9,0
114,4,2,2,9,0
102,3,2,2,9,0
112,4,2,2,43,0
112,4,1,2,36,0
111,4,1,2,28,0
120,4,1,2,43,0
96,3,1,2,12,0
93,2,2,2,7,0
101,3,1,2,13,0
116,4,2,3,44,0
127,4,2,3,54,0
105,3,1,2,40,0
86,2,2,2,15,0
122,4,2,2,38,0
108,3,1,2,28,0
92,2,2,2,11,0
106,4,1,2,16,0
98,2,2,3,48,0
95,3,2,3,18,0
114,4,1,2,49,0
115,4,1,3,19,0
111,4,2,2,20,0
999,9,1,2,27,4
119,4,2,2,33,0
106,3,1,3,48,0
105,3,1,3,58,0
129,4,1,3,36,0
135,4,2,3,44,0
109,3,1,2,54,0
999,9,1,2,3,9
108,3,2,2,59,0
85,2,1,2,22,0
101,3,1,3,19,0
117,4,1,2,31,0
999,9,1,2,4,9
121,4,1,2,59,0
119,4,2,2,56,0
117,4,2,2,10,0
95,3,2,3,22,0
999,9,1,2,4,9
101,3,1,1,11,0
102,3,1,2,30,0
122,4,2,2,20,0
114,4,1,2,43,0
102,3,1,2,31,0
125,4,1,2,38,0
91,2,1,2,10,0
999,9,2,3,31,4
121,4,2,1,30,0
100,3,2,2,40,0
123,4,2,2,57,0
113,4,1,2,8,0
118,4,2,2,57,0
104,3,1,2,13,0
111,4,1,2,59,0
110,4,2,3,29,0
112,4,1,3,52,0
119,4,2,2,34,0
104,3,1,3,25,0
135,4,2,2,9,0
107,4,2,2,18,0
119,4,2,1,34,0
123,4,1,2,48,0
123,4,1,2,40,0
128,4,1,2,20,0
116,4,1,2,19,0
120,4,2,2,57,0
117,4,2,2,30,0
999,9,1,2,0,9
999,9,2,1,5,9
127,4,1,2,59,0
119,4,1,1,18,0
106,3,2,1,55,0
123,4,2,2,55,0
111,4,1,2,31,0
96,3,1,2,6,0
96,2,2,2,42,0
119,4,2,2,58,0
116,4,2,1,39,0
92,2,1,2,9,0
107,3,2,3,52,0
113,4,1,3,45,0
110,4,1,3,23,0
135,4,1,2,58,0
99,3,1,2,7,0
102,3,2,2,7,0
118,4,1,2,19,0
107,3,1,2,43,0
104,3,2,3,34,0
101,3,2,2,10,0
114,4,1,2,29,0
90,2,1,2,17,0
129,4,1,2,56,0
107,4,2,3,12,0
111,4,2,2,25,0
107,4,1,2,15,0
115,4,2,2,41,0
87,2,2,2,23,0
110,4,2,3,46,0
109,4,1,3,21,0
104,3,1,1,42,0
104,3,1,1,57,0
112,4,2,2,42,0
94,2,2,1,8,0
90,2,2,2,9,0
119,4,1,3,24,0
117,4,2,2,57,0
91,2,2,2,10,0
106,3,2,2,54,0
125,4,1,2,38,0
122,4,1,2,50,0
126,4,2,2,39,0
103,3,1,3,23,0
110,4,1,3,7,0
107,4,1,2,10,0
117,4,1,2,35,0
114,4,1,3,25,0
115,4,2,3,31,0
111,4,1,2,30,0
111,4,1,2,16,0
999,9,1,3,4,9
103,3,1,2,57,0
118,4,2,2,6,0
113,4,1,2,53,0
94,2,1,1,11,0
118,4,1,1,59,0
119,4,2,1,42,0
109,3,2,2,45,0
105,3,1,1,58,0
120,4,1,2,7,0
97,3,1,2,10,0
116,4,1,3,40,0
109,4,1,2,6,0
135,4,2,2,50,0
111,4,1,2,22,0
118,4,1,2,9,0
110,4,2,2,29,0
94,2,2,2,13,0
97,3,1,3,15,0
999,9,1,2,5,9
103,3,1,2,12,0
100,3,2,3,36,0
121,4,2,3,58,0
115,4,1,2,40,0
109,4,2,3,11,0
127,4,1,2,51,0
113,4,2,3,34,0
128,4,1,2,58,0
82,2,1,2,19,0
98,2,1,2,29,0
95,3,2,2,20,0
122,4,2,1,48,0
124,4,2,1,18,0
114,4,1,2,46,0
999,9,2,1,0,9
121,4,1,2,36,0
106,3,1,2,40,0
124,4,2,2,43,0
117,4,2,2,58,0
97,3,2,2,9,0
107,3,2,1,41,0
110,4,1,1,8,0
109,4,2,2,17,0
999,9,2,1,4,9
104,3,1,2,9,0
105,3,2,2,27,0
110,4,1,2,34,0
117,4,2,2,45,0
113,4,1,3,36,0
114,4,2,1,57,0
97,2,2,2,30,0
100,3,2,1,6,0
114,4,2,1,44,0
113,4,1,1,36,0
119,4,2,1,46,0
999,9,2,2,4,9
126,4,2,2,38,0
105,3,1,2,32,0
103,3,1,2,39,0
124,4,1,2,38,0
999,9,2,2,2,9
113,4,2,0,31,0
107,4,2,1,9,0
108,4,1,2,13,0
117,4,2,2,25,0
123,4,2,2,52,0
119,4,2,2,28,0
999,9,1,2,1,9
120,4,2,2,58,0
104,3,1,2,23,0
116,4,2,2,48,0
118,4,1,2,6,0
116,4,2,3,10,0
124,4,2,2,36,0
128,4,2,2,55,0
108,3,1,3,30,0
104,3,1,2,22,0
115,4,1,2,52,0
112,4,2,2,19,0
124,4,2,1,57,0
90,2,2,2,8,0
113,4,1,2,53,0
130,4,2,2,41,0
110,4,1,3,20,0
110,4,2,2,33,0
109,3,2,3,46,0
80,2,1,3,9,0
126,4,2,2,53,0
112,4,1,1,49,0
107,4,1,2,22,0
111,4,1,1,26,0
111,4,2,2,56,0
103,3,1,2,25,0
138,4,2,2,39,0
121,4,2,2,23,0
108,3,2,1,56,0
109,3,2,1,34,0
108,3,2,1,45,0
105,3,2,2,28,0
103,3,2,2,7,0
101,3,2,2,44,0
116,4,1,2,59,0
999,9,1,2,4,9
125,4,1,2,50,0
104,3,1,2,33,0
999,9,2,2,3,9
96,3,2,2,10,0
114,4,2,2,49,0
102,3,1,2,25,0
111,4,1,1,44,0
999,9,1,2,4,9
103,3,2,1,6,0
109,3,2,1,33,0
117,4,2,2,43,0
113,4,1,2,20,0
121,4,1,1,23,0
110,4,1,2,31,0
121,4,2,1,45,0
107,3,2,2,58,0
106,3,2,2,27,0
110,4,2,2,25,0
123,4,1,1,25,0
108,3,1,2,44,0
124,4,1,1,12,0
123,4,2,2,25,0
117,4,1,2,44,0
999,9,2,2,12,4
112,4,2,2,33,0
99,2,2,2,49,0
111,4,1,1,44,0
94,2,2,2,12,0
92,2,1,2,37,0
98,2,2,2,42,0
117,4,1,1,52,0
94,2,1,1,14,0
109,3,1,1,40,0
114,4,2,2,11,0
105,4,2,1,7,0
111,4,1,1,14,0
102,3,2,1,29,0
126,4,1,3,45,0
117,4,1,2,47,0
137,4,1,2,54,0
999,9,2,3,40,4
123,4,2,3,26,0
999,9,1,3,5,9
95,3,1,2,9,0
117,4,2,2,32,0
114,4,1,2,20,0
117,4,2,2,9,0
96,2,1,0,32,0
96,2,1,1,35,0
105,3,2,2,56,0
115,4,2,2,37,0
97,3,2,2,9,0
103,3,2,1,55,0
999,9,1,2,3,9
105,4,2,1,16,0
135,4,1,1,56,0
109,3,2,1,42,0
107,3,2,1,55,0
119,4,2,2,8,0
999,9,1,3,2,9
128,4,1,2,53,0
130,4,1,2,56,0
126,4,1,2,32,0
102,3,2,3,23,0
115,4,1,3,24,0
999,9,1,2,2,9
118,4,1,2,58,0
98,2,1,2,28,0
999,9,1,2,4,9
118,4,1,2,6,0
130,4,2,3,20,0
123,4,1,2,15,0
125,4,1,2,48,0
96,2,1,2,30,0
118,4,2,2,16,0
149,4,1,2,30,0
116,4,1,2,56,0
128,4,1,2,35,0
999,9,1,2,50,4
105,3,2,2,28,0
126,4,1,3,6,0
113,4,1,3,42,0
101,3,1,3,10,0
106,3,1,2,34,0
106,3,2,3,42,0
999,9,2,2,3,9
113,4,1,2,49,0
121,4,1,2,41,0
136,4,2,2,26,0
112,4,1,2,55,0
999,9,1,2,2,9
110,4,1,2,45,0
131,4,2,2,32,0
113,4,2,2,7,0
116,4,1,2,40,0
119,4,2,3,16,0
118,4,1,2,42,0
116,4,2,2,32,0
90,2,1,2,6,0
118,4,2,2,15,0
116,4,2,2,59,0
106,4,2,2,13,0
112,4,1,1,48,0
999,9,2,1,3,9
108,4,2,2,22,0
110,4,1,2,19,0
123,4,2,2,55,0
112,4,1,2,17,0
96,2,2,2,25,0
114,4,2,0,10,0
123,4,2,2,46,0
999,9,1,2,5,9
115,4,2,2,56,0
101,3,1,2,28,0
112,4,2,2,44,0
119,4,1,2,26,0
119,4,2,2,40,0
115,4,1,2,18,0
123,4,2,2,31,0
99,3,1,2,8,0
110,4,1,1,39,0
127,4,2,2,56,0
102,3,1,2,6,0
106,3,1, ,32,0
127,4,2,2,18,0
119,4,1,1,46,0
128,4,1,2,24,0
102,3,1,3,37,0
116,4,1,3,27,0
107,4,1,3,21,0
127,4,2,3,23,0
113,4,2,2,8,0
122,4,2,2,51,0
103,3,2,2,7,0
116,4,2,3,54,0
110,4,1,3,53,0
118,4,1,2,34,0
123,4,2,3,14,0
131,4,1,3,16,0
141,4,2,3,24,0
87,2,1,2,10,0
121,4,1,2,37,0
120,4,1,2,32,0
116,4,1,2,38,0
106,4,2,2,6,0
110,4,1,3,53,0
115,4,1,3,38,0
128,4,2,2,41,0
123,4,1,2,34,0
115,4,2,2,13,0
999,9,1,3,38,6
114,4,2,3,30,0
118,4,1,2,56,0
117,4,2,2,45,0
123,4,1,1,37,0
117,4,2,1,10,0
114,4,1,2,38,0
119,4,2,2,28,0
123,4,1,2,37,0
120,4,2,2,14,0
128,4,1,2,57,0
112,4,1,1,58,0
110,4,1,2,6,0
118,4,2,2,35,0
999,9,2,2,1,9
111,4,1,3,53,0
112,4,1,1,40,0
112,4,1,3,52,0
109,3,2,2,51,0
97,2,1,2,31,0
111,4,1,3,31,0
121,4,1,3,56,0
118,4,2,3,56,0
99,2,2,3,44,0
126,4,1,3,36,0
124,4,1,3,27,0
102,3,2,2,24,0
126,4,1,1,17,0
98,3,2,1,23,0
117,4,2,2,57,0
110,4,2,2,24,0
129,4,2,3,55,0
999,9,1,2,5,9
108,3,1,2,41,0
110,4,2,2,18,0
112,4,2,3,7,0
116,4,2,2,54,0
115,4,1,2,53,0
99,3,2,2,18,0
999,9,2,2,10,4
116,4,2,3,57,0
120,4,2,2,58,0
117,4,1,1,34,0
96,3,2,2,21,0
118,4,2,3,35,0
98,2,2,3,44,0
114,4,2,3,9,0
113,4,1,2,58,0
114,4,2,2,48,0
117,4,2,3,35,0
113,4,1,2,28,0
125,4,1,3,46,0
114,4,2,3,52,0
124,4,2,3,15,0
107,4,1,2,17,0
100,3,2,1,33,0
120,4,1,1,27,0
118,4,1,2,33,0
108,3,1,2,44,0
129,4,1,2,30,0
113,4,1,2,59,0
124,4,2,2,47,0
113,4,1,2,59,0
104,3,1,2,19,0
115,4,2,1,29,0
112,4,1,2,35,0
112,4,1,3,45,0
93,2,1,2,24,0
117,4,2,1,53,0
118,4,1,2,46,0
121,4,2,2,52,0
110,4,1, ,43,0
113,4,1,2,43,0
111,4,2,1,51,0
108,3,1,2,45,0
999,9,2,2,3,9
106,3,2,2,42,0
104,3,1,2,46,0
127,4,1,2,27,0
119,4,2,2,32,0
999,9,1,2,5,9
115,4,2,2,54,0
103,3,1,2,13,0
109,3,1,1,32,0
123,4,2,2,34,0
107,3,1,2,32,0
55,1,1,2,32,0
114,4,2,2,38,0
118,4,1,1,35,0
119,4,1,1,40,0
112,4,1,3,52,0
109,4,2,2,15,0
116,4,2,3,45,0
123,4,2,2,38,0
999,9,2,2,15,4
110,4,1,2,11,0
126,4,2, ,47,0
113,4,2,2,58,0
117,4,1,2,22,0
104,3,2,3,12,0
129,4,2,2,32,0
126,4,2,2,16,0
117,4,2,2,56,0
114,4,1,2,54,0
110,4,2,2,54,0
111,4,1,2,47,0
119,4,1,2,7,0
116,4,2,2,32,0
999,9,1,2,1,9
114,4,2,2,35,0
114,4,1,2,58,0
109,4,1,2,12,0
137,4,2, ,54,0
99,3,2,2,10,0
116,4,2,2,58,0
87,2,1,2,10,0
121,4,2,2,49,0
99,3,1,2,15,0
126,4,2,2,55,0
123,4,2,1,54,0
104,3,1,2,8,0
123,4,1,2,50,0
103,3,1,2,56,0
999,9,2,2,5,9
103,3,2,2,47,0
108,4,2,3,10,0
108,3,1,2,35,0
999,9,2,2,2,9
116,4,1,2,59,0
109,3,2,2,44,0
127,4,1,1,54,0
98,3,2,1,14,0
117,4,1,2,41,0
999,9,1,2,3,9
115,4,2,1,39,0
124,4,2,1,42,0
104,3,2,1,42,0
108,3,2,2,28,0
108,3,1,2,45,0
118,4,2,2,14,0
108,3,2,2,40,0
999,9,1,2,42,4
99,2,1,2,44,0
113,4,1,2,31,0
999,9,1,2,1,9
104,3,2,2,50,0
119,4,1,2,42,0
100,3,2,1,15,0
119,4,2,2,45,0
116,4,1,2,17,0
111,4,1,3,49,0
114,4,1,2,16,0
108,3,1,2,54,0
999,9,1,2,4,9
118,4,2,3,35,0
131,4,1,2,41,0
101,3,1,1,6,0
124,4,1,2,40,0
121,4,2,2,56,0
136,4,1,1,58,0
999,9,2,1,5,9
125,4,1,2,31,0
117,4,2,2,51,0
105,3,2,2,54,0
121,4,2,2,45,0
121,4,1,1,50,0
124,4,2,3,46,0
118,4,1,2,17,0
109,3,1,2,35,0
84,2,1,2,12,0
101,3,1,2,9,0
100,3,2,2,12,0
119,4,1,1,49,0
110,4,2,1,28,0
118,4,2,2,47,0
97,3,1,2,12,0
117,4,2,1,58,0
133,4,2,1,51,0
120,4,1,1,33,0
117,4,2,1,59,0
999,9,2,2,0,9
110,4,2,2,56,0
124,4,2,2,32,0
121,4,1,2,42,0
110,4,2,2,32,0
999,9,1,2,5,9
122,4,2,2,49,0
106,3,2,2,48,0
121,4,1,2,59,0
999,9,1,2,57,3
95,3,2,2,21,0
111,4,1,3,20,0
116,4,2,2,36,0
121,4,2,2,17,0
107,3,1,3,35,0
112,4,2,3,16,0
98,3,2,3,13,0
93,2,2,3,7,0
117,4,1,3,56,0
104,3,1,1,13,0
107,4,2,3,23,0
114,4,2,3,48,0
111,4,1,2,41,0
105,3,1,3,46,0
124,4,2,3,33,0
111,4,2,2,43,0
118,4,1,3,14,0
103,3,2,2,21,0
125,4,1,2,25,0
110,4,1,2,53,0
122,4,2,3,57,0
114,4,2,3,23,0
999,9,2,3,5,9
126,4,1,2,50,0
107,3,1,1,28,0
108,3,1,2,33,0
999,9,2,2,5,9
999,9,1,2,4,9
118,4,2,3,39,0
118,4,1,2,20,0
115,4,2,2,40,0
100,3,2,2,23,0
107,3,2,2,34,0
117,4,2,2,45,0
113,4,1,2,16,0
114,4,1,3,31,0
127,4,2,2,59,0
132,4,1,3,24,0
100,3,1,1,50,0
115,4,2,2,47,0
109,3,2,2,38,0
116,4,1,2,18,0
110,4,2,2,54,0
999,9,1,2,4,9
106,4,1,2,7,0
108,3,1,1,47,0
113,4,2,2,23,0
126,4,2,2,30,0
123,4,1,2,58,0
107,3,1,2,37,0
120,4,1,2,30,0
999,9,2,2,19,3
83,2,2,2,11,0
999,9,2,1,4,9
119,4,1,2,34,0
100,3,2,2,53,0
101,3,1,1,40,0
99,2,2,1,45,0
100,3,1,2,21,0
96,3,1,2,18,0
114,4,2,2,44,0
118,4,2,2,27,0
122,4,1,2,50,0
119,4,2,2,20,0
123,4,1,1,45,0
115,4,1,1,55,0
107,4,1,1,14,0
83,2,2,2,7,0
112,4,1,2,48,0
111,4,2,2,52,0
95,3,1,2,7,0
114,4,2,2,42,0
91,2,2,0,24,0
119,4,2,2,47,0
72,2,1,2,8,0
119,4,1,2,40,0
118,4,2, ,26,0
100,3,2,3,13,0
109,4,1,2,18,0
108,4,2,1,16,0
104,3,2,1,41,0
104,3,2,1,52,0
125,4,2, ,48,0
97,2,1,2,25,0
100,3,2,1,39,0
119,4,2,2,31,0
108,4,2,1,11,0
999,9,1,2,3,9
116,4,1,1,55,0
118,4,1,2,29,0
100,3,1,2,7,0
94,2,1,2,26,0
101,3,2,2,35,0
130,4,1,2,52,0
102,3,1,2,11,0
113,4,2,2,33,0
125,4,2,1,21,0
120,4,1,2,38,0
109,3,2,0,48,0
112,4,2,3,39,0
119,4,2,1,48,0
113,4,2,1,39,0
112,4,2,1,31,0
106,3,2,2,31,0
98,2,1, ,26,0
121,4,1,2,18,0
118,4,2,2,23,0
99,2,2,1,32,0
114,4,1,1,50,0
115,4,1,1,48,0
67,1,1,2,12,0
120,4,2,2,32,0
92,2,1,1,18,0
109,3,1,2,56,0
108,4,1,2,7,0
112,4,1,2,54,0
118,4,1,2,43,0
95,3,1,2,12,0
102,3,2,2,6,0
116,4,1,2,36,0
124,4,2,2,12,0
114,4,2,2,19,0
118,4,1,2,54,0
128,4,1,2,57,0
115,4,1,3,57,0
120,4,2,3,57,0
106,3,1,2,40,0
999,9,2,2,5,9
113,4,1,2,10,0
999,9,2,2,4,9
129,4,2,3,54,0
111,4,1,3,17,0
140,4,1,3,39,0
116,4,1,2,46,0
999,9,1,3,4,9
999,9,2,3,4,9
121,4,2,3,49,0
125,4,1,3,11,0
134,4,2,2,21,0
140,4,2,2,38,0
103,3,1,2,15,0
114,4,1,2,43,0
114,4,2,3,33,0
118,4,2,2,57,0
110,4,1,2,13,0
111,4,2,2,53,0
110,4,1,3,22,0
117,4,2,2,51,0
88,2,2,2,26,0
114,4,1,2,12,0
107,3,1,2,54,0
127,4,2,2,39,0
113,4,2,2,52,0
124,4,1,2,16,0
117,4,2,2,44,0
125,4,1,2,39,0
119,4,1,2,20,0
109,4,1,2,23,0
123,4,2,2,48,0
94,2,2,2,25,0
119,4,1,2,14,0
112,4,1,2,52,0
105,3,1,3,27,0
112,4,1,2,7,0
140,4,2,2,32,0
120,4,2, ,56,0
110,4,2,2,47,0
117,4,2,2,23,0
105,4,1,2,14,0
116,4,1,3,11,0
111,4,2,3,26,0
110,4,1,2,18,0
115,4,1,2,34,0
122,4,2,2,41,0
121,4,2,2,44,0
90,2,1,2,8,0
118,4,1,3,38,0
124,4,2,3,10,0
119,4,2,2,58,0
118,4,2,2,53,0
112,4,1,2,14,0
124,4,1, ,18,0
111,4,2,3,39,0
114,4,1, ,39,0
122,4,1,2,57,0
95,3,1,2,14,0
115,4,1,2,15,0
113,4,1,2,52,0
104,3,2,2,9,0
107,3,1,2,45,0
121,4,2,2,9,0
999,9,2,2,27,6
122,4,2,2,46,0
122,4,2,2,40,0
124,4,1,2,43,0
999,9,1,3,22,4
119,4,2, ,49,0
117,4,1,2,34,0
999,9,2,2,2,9
96,3,2,2,8,0
137,4,1,2,57,0
127,4,2,2,14,0
118,4,1,2,57,0
133,4,1,2,50,0
999,9,2,2,5,9
999,9,1,2,4,9
122,4,2,2,51,0
115,4,1,2,29,0
115,4,2,2,40,0
116,4,2,2,35,0
126,4,2,2,50,0
122,4,2,1,35,0
110,4,1,2,42,0
106,4,1,2,11,0
93,2,2,2,26,0
111,4,2,3,18,0
109,3,1,2,39,0
109,3,2,2,45,0
111,4,2,2,28,0
111,4,2,2,56,0
131,4,1,3,50,0
106,4,1,2,6,0
109,3,1,2,54,0
112,4,1,3,11,0
118,4,2,2,22,0
999,9,1,2,5,9
103,3,1,3,16,0
123,4,2,2,35,0
108,3,1,2,58,0
111,4,1,2,19,0
108,4,1,2,20,0
119,4,1,2,42,0
105,4,1,2,10,0
125,4,1,2,52,0
114,4,1,2,29,0
104,3,1,3,31,0
102,3,2,1,26,0
999,9,1,2,3,9
122,4,1,2,38,0
106,4,2,2,17,0
105,4,1,2,11,0
111,4,1,3,18,0
128,4,1,3,35,0
113,4,2,3,56,0
999,9,2,3,2,9
999,9,2,3,6,4
112,4,2,3,30,0
120,4,2,3,35,0
999,9,1,2,44,4
108,3,1,3,33,0
124,4,1,3,57,0
999,9,2,2,3,9
115,4,2,2,41,0
128,4,2,2,36,0
115,4,1,2,52,0
94,2,2,2,9,0
107,4,2,2,22,0
113,4,1,2,56,0
112,4,2,3,14,0
121,4,2,3,38,0
111,4,2,3,12,0
114,4,2,3,25,0
101,3,2,2,21,0
113,4,2,3,24,0
106,3,1,2,40,0
119,4,1,2,50,0
123,4,2,3,56,0
117,4,1,2,28,0
117,4,2,2,42,0
102,3,1,2,55,0
101,3,1,3,11,0
95,3,2,3,15,0
117,4,2,3,16,0
109,3,2,2,51,0
119,4,1,2,12,0
125,4,2, ,51,0
114,4,1,2,45,0
128,4,1,2,8,0
120,4,1,2,21,0
999,9,2,2,4,9
111,4,2,2,58,0
109,3,2,2,28,0
121,4,1,2,43,0
122,4,2,2,37,0
999,9,1,3,5,9
134,4,2,2,7,0
104,3,1,2,13,0
128,4,2,3,41,0
109,3,1,1,47,0
111,4,2,2,18,0
107,4,1,2,19,0
106,3,1,2,35,0
123,4,2,2,7,0
115,4,2,2,58,0
120,4,1,2,39,0
114,4,1,3,18,0
112,4,1,2,46,0
131,4,1,2,58,0
125,4,1,1,22,0
117,4,2,1,21,0
135,4,2,2,37,0
123,4,2,2,49,0
114,4,2,2,10,0
123,4,2,2,17,0
115,4,2,3,35,0
99,3,1,3,12,0
110,4,2,2,32,0
114,4,2,2,44,0
133,4,1,2,39,0
115,4,1,2,45,0
114,4,2,3,29,0
112,4,2,2,29,0
999,9,1,2,1,9
999,9,2,2,5,9
123,4,2,2,39,0
107,4,2,2,20,0
103,3,1,2,20,0
118,4,1,2,45,0
112,4,2,3,36,0
95,2,1,2,36,0
103,3,1,2,22,0
108,3,2,3,54,0
999,9,1,2,3,9
120,4,2,1,32,0
98,3,2,2,8,0
105,4,1,2,6,0
115,4,2,2,31,0
120,4,1,2,52,0
115,4,1,2,30,0
999,9,1,2,4,9
97,2,2,2,42,0
117,4,1,2,41,0
116,4,2, ,34,0
103,3,2,2,24,0
112,4,2,2,54,0
119,4,1,2,40,0
106,4,2,2,19,0
115,4,1,2,38,0
113,4,2,2,59,0
106,3,2,2,44,0
106,4,2,2,11,0
99,3,2,2,15,0
120,4,1,2,29,0
107,4,1,1,17,0
95,2,1,2,52,0
115,4,1,2,48,0
112,4,2,2,52,0
103,3,1,2,37,0
110,4,1,2,39,0
116,4,2,2,26,0
108,3,1,2,31,0
108,3,1,1,32,0
98,3,1,2,6,0
95,2,2,2,42,0
109,3,2,2,48,0
118,4,2,2,24,0
999,9,2,2,1,9
123,4,2,2,53,0
115,4,1,2,39,0
117,4,1,2,42,0
123,4,2,1,41,0
126,4,1,0,42,0
107,4,2,0,15,0
124,4,1,2,28,0
106,3,1,2,24,0
115,4,1,2,35,0
112,4,1,3,51,0
119,4,2,2,29,0
123,4,1,2,42,0
123,4,1,2,51,0
118,4,1,2,44,0
114,4,1,3,29,0
119,4,1,2,26,0
999,9,1,2,4,9
136,4,2,1,55,0
999,9,1,1,5,9
117,4,2,2,32,0
115,4,1,1,18,0
115,4,2,2,19,0
114,4,2,3,29,0
115,4,1,2,8,0
113,4,1,3,20,0
999,9,1,3,17,4
122,4,1, ,54,0
127,4,1,3,42,0
133,4,1,2,30,0
113,4,2,2,45,0
118,4,1,3,50,0
999,9,2,2,3,9
111,4,2,1,8,0
113,4,1,1,20,0
999,9,1,2,5,9
103,3,2,2,7,0
122,4,2,3,45,0
105,3,2,2,33,0
115,4,1,2,20,0
130,4,1,2,44,0
111,4,2,1,38,0
87,2,1,1,9,0
114,4,1,2,58,0
118,4,1,2,45,0
105,3,2,1,34,0
111,4,2,2,27,0
105,4,2,2,14,0
96,3,1,2,19,0
126,4,1,3,28,0
119,4,2,2,45,0
114,4,2,2,37,0
111,4,1,1,27,0
132,4,2,2,57,0
123,4,1,2,50,0
999,9,1,3,37,4
999,9,2,3,17,4
117,4,2,1,57,0
111,4,1,2,34,0
111,4,2,2,51,0
999,9,1,2,0,9
999,9,1,2,4,9
131,4,1,2,24,0
999,9,1,2,40,4
114,4,2,3,31,0
999,9,2,3,4,9
123,4,2,1,34,0
78,2,1,2,20,0
109,3,2,2,41,0
121,4,2,2,49,0
102,3,1,1,23,0
123,4,2,2,22,0
122,4,2,2,33,0
106,4,1,2,13,0
106,4,2,1,8,0
999,9,1,2,24,4
128,4,2,2,35,0
999,9,1,1,22,4
103,3,1,2,52,0
122,4,2,1,53,0
120,4,2,1,53,0
114,4,2,1,23,0
134,4,2,1,54,0
113,4,1,1,26,0
96,3,1,2,8,0
115,4,2,3,13,0
110,4,1,1,17,0
131,4,2,2,42,0
126,4,2,2,52,0
105,4,1,2,6,0
999,9,1,2,4,9
116,4,2,2,50,0
125,4,1,2,54,0
116,4,2,1,31,0
112,4,2,2,7,0
115,4,1,1,50,0
114,4,2,1,25,0
111,4,1,2,57,0
108,3,2,2,31,0
117,4,2,2,22,0
116,4,1,1,36,0
97,3,2,1,14,0
999,9,2,1,9,4
118,4,1,1,33,0
111,4,1,1,57,0
105,4,1,1,18,0
96,2,1,1,26,0
108,3,1,1,40,0
120,4,1,1,58,0
104,3,2,2,15,0
108,4,1,3,11,0
119,4,1,2,19,0
108,3,1,2,31,0
999,9,1,2,4,9
125,4,2, ,54,0
126,4,1,2,44,0
116,4,1,1,53,0
113,4,2,1,10,0
114,4,2,2,51,0
115,4,1, ,47,0
104,3,2,3,54,0
105,3,1,2,38,0
131,4,1,2,21,0
113,4,1,3,29,0
123,4,1,3,30,0
123,4,2,2,37,0
83,2,2,2,13,0
114,4,1,2,17,0
119,4,1,2,25,0
999,9,1,2,2,9
135,4,1,2,6,0
114,4,2,2,28,0
125,4,2, ,49,0
134,4,1,3,57,0
128,4,2,2,49,0
123,4,2,3,12,0
117,4,2,3,23,0
111,4,1,2,18,0
108,4,1,1,18,0
118,4,1,2,32,0
121,4,1,3,42,0
113,4,1,2,53,0
115,4,2,2,17,0
109,4,1,3,15,0
116,4,2,2,18,0
116,4,2,2,43,0
114,4,1,2,39,0
127,4,1,2,19,0
106,4,2,2,10,0
119,4,1,2,38,0
104,3,2,2,9,0
116,4,1,2,19,0
108,4,1,2,8,0
121,4,1, ,43,0
106,4,1,1,13,0
999,9,2,2,5,9
105,3,1,2,51,0
132,4,1,2,7,0
119,4,2,2,15,0
999,9,1,3,22,4
121,4,2,2,54,0
116,4,1,2,29,0
120,4,2,2,9,0
99,3,2,2,8,0
102,3,1,0,21,0
124,4,1,2,37,0
119,4,2,3,40,0
117,4,1,3,24,0
118,4,2,2,45,0
999,9,2,2,53,4
112,4,2,2,54,0
128,4,1,2,54,0
121,4,2,3,36,0
999,9,1,2,5,9
121,4,2,3,25,0
999,9,2,2,27,3
114,4,1,1,36,0
120,4,1,2,44,0
127,4,1,2,32,0
121,4,1,2,59,0
83,2,2,2,38,0
125,4,1,2,55,0
124,4,2,1,59,0
119,4,1,1,32,0
999,9,2,2,6,4
999,9,1,2,6,4
126,4,1, ,33,0
117,4,1,3,42,0
130,4,1, ,41,0
119,4,2,3,18,0
118,4,2,2,10,0
111,4,1,1,11,0
122,4,2, ,48,0
118,4,2,2,27,0
121,4,1,2,46,0
122,4,2,2,19,0
124,4,2,3,22,0
128,4,1,3,44,0
113,4,2,3,18,0
108,3,1,2,25,0
112,4,1,2,23,0
111,4,2,2,42,0
119,4,1,2,27,0
105,3,2,2,45,0
116,4,2,2,49,0
109,4,1,1,8,0
123,4,1,2,37,0
123,4,2,2,32,0
122,4,2,2,41,0
999,9,2,2,5,9
126,4,1,2,43,0
97,3,1,2,6,0
124,4,2,2,46,0
999,9,1,2,0,9
123,4,1,2,44,0
104,3,1,2,14,0
110,4,1,2,24,0
129,4,1,2,56,0
129,4,2,2,41,0
125,4,1,2,14,0
112,4,2,2,34,0
123,4,2,2,53,0
999,9,2,2,4,9
108,3,2,2,31,0
121,4,2,2,40,0
105,4,1,2,6,0
107,3,1,1,51,0
116,4,2,3,44,0
121,4,2,2,17,0
117,4,1,2,38,0
125,4,2,1,45,0
107,4,2,1,10,0
999,9,1,2,0,9
116,4,1,2,39,0
101,3,1,2,18,0
117,4,1,0,7,0
95,2,2,1,26,0
111,4,2,1,46,0
126,4,2,1,56,0
118,4,2,2,31,0
106,3,1,2,46,0
107,3,1,3,29,0
117,4,2,2,24,0
103,3,1,2,18,0
125,4,2,2,54,0
107,4,1,2,23,0
102,3,2,1,11,0
115,4,1,2,14,0
124,4,1,3,38,0
121,4,1,2,18,0
115,4,1,2,23,0
113,4,1,2,58,0
108,4,1,2,16,0
999,9,2,2,1,9
125,4,2,2,33,0
123,4,2,2,25,0
999,9,2,2,1,9
999,9,1,3,3,9
117,4,1,1,40,0
109,4,1,1,17,0
112,4,1,2,27,0
127,4,2,3,35,0
120,4,1,2,22,0
999,9,1,2,47,4
125,4,2,2,53,0
121,4,1,1,40,0
126,4,1,2,46,0
114,4,1,2,17,0
111,4,1,2,31,0
111,4,1,2,17,0
110,4,1,2,55,0
112,4,2,2,24,0
113,4,2, ,54,0
113,4,1,2,32,0
134,4,1,2,49,0
122,4,1,2,35,0
999,9,1,3,4,9
101,3,1,3,14,0
103,3,1,3,30,0
106,4,1,2,12,0
129,4,2,2,55,0
119,4,2,2,32,0
111,4,2,3,19,0
125,4,2,3,34,0
111,4,1,2,27,0
121,4,2,2,54,0
999,9,1,2,5,9
102,3,1,2,18,0
91,2,2,2,11,0
999,9,2,3,2,9
94,2,1,2,37,0
113,4,2,2,55,0
121,4,1,2,25,0
130,4,1,2,18,0
123,4,1,3,41,0
117,4,1,2,54,0
118,4,2,2,16,0
104,3,1,3,23,0
115,4,1,2,36,0
999,9,2,3,6,4
127,4,2,2,43,0
999,9,2,3,3,9
116,4,2,2,45,0
105,3,1,2,40,0
111,4,2,2,26,0
116,4,1,2,32,0
110,4,1,2,13,0
131,4,2,2,58,0
91,2,1,3,11,0
122,4,1,3,25,0
999,9,1,2,4,9
102,3,2,2,6,0
116,4,1,2,42,0
112,4,1,2,22,0
999,9,1,3,5,9
101,3,1,2,12,0
107,4,2,2,7,0
103,3,2,2,16,0
105,4,1,1,11,0
109,3,1,2,38,0
112,4,2,2,48,0
104,3,2,2,9,0
122,4,1,3,55,0
103,3,2,3,9,0
123,4,2,2,39,0
113,4,1,2,51,0
110,4,2,2,54,0
110,4,1,3,45,0
127,4,2,2,25,0
999,9,1,2,3,9
125,4,2,2,41,0
122,4,1,2,27,0
123,4,2,2,47,0
125,4,1,2,51,0
117,4,1,2,49,0
109,3,1,3,37,0
114,4,1,3,36,0
98,2,2,2,24,0
110,4,2,1,25,0
113,4,1,2,30,0
114,4,1,2,40,0
999,9,1,2,4,9
116,4,2,3,36,0
114,4,2,2,11,0
118,4,1,2,32,0
109,3,1,2,30,0
116,4,1,3,12,0
999,9,1,2,3,9
999,9,2,3,4,9
120,4,1,3,28,0
100,3,1,2,7,0
105,4,2,1,14,0
120,4,2,2,22,0
123,4,1,2,39,0
123,4,1,1,28,0
97,3,2,1,7,0
99,3,2,1,13,0
999,9,2,1,20,4
130,4,1,2,13,0
113,4,2,1,15,0
999,9,1,1,18,4
111,4,2,1,33,0
109,3,1,1,43,0
113,4,1,2,33,0
96,3,1,2,23,0
107,4,1,1,18,0
106,3,2,2,30,0
131,4,2,2,57,0
116,4,2, ,35,0
121,4,1,2,32,0
114,4,1,2,48,0
112,4,2,2,36,0
126,4,2,2,30,0
114,4,2,2,24,0
999,9,1,3,5,9
120,4,1,2,43,0
120,4,1,2,47,0
112,4,2, ,34,0
124,4,1,3,32,0
128,4,1,2,33,0
124,4,2,2,43,0
115,4,2,2,9,0
126,4,1,3,32,0
127,4,2,3,43,0
128,4,1,3,50,0
121,4,1,2,44,0
115,4,2,2,48,0
125,4,1,2,45,0
115,4,2,2,27,0
118,4,2,2,51,0
999,9,1,2,3,9
129,4,1,2,56,0
116,4,1,3,45,0
89,2,2,3,40,0
999,9,2,3,29,4
120,4,1,2,19,0
122,4,1,3,45,0
111,4,1,3,26,0
120,4,1,3,41,0
122,4,2,3,49,0
999,9,1,3,4,9
138,4,2,3,37,0
999,9,1,3,3,9
126,4,1,3,54,0
121,4,1,3,54,0
118,4,2,3,36,0
116,4,1,3,49,0
999,9,2,2,12,4
116,4,2,2,6,0
115,4,1,3,58,0
117,4,2,2,13,0
119,4,2,2,25,0
120,4,1,2,32,0
120,4,2,2,52,0
126,4,2,2,48,0
122,4,2,2,11,0
134,4,1,3,31,0
120,4,1, ,44,0
120,4,2,3,19,0
127,4,2,3,58,0
124,4,1,2,30,0
114,4,1,2,21,0
128,4,2,3,55,0
115,4,1, ,47,0
120,4,2, ,32,0
106,3,1,2,31,0
119,4,2,2,29,0
108,4,2,1,18,0
112,4,2,2,38,0
123,4,2,2,49,0
108,3,2,2,29,0
109,3,1,2,44,0
120,4,1,2,15,0
108,3,1,2,51,0
120,4,1,3,6,0
104,3,1,2,12,0
104,3,2,2,51,0
130,4,1,3,23,0
112,4,2,3,18,0
109,3,2,2,47,0
117,4,1,3,43,0
122,4,2,3,59,0
129,4,1,3,22,0
124,4,1,2,42,0
122,4,1,2,43,0
128,4,2,2,21,0
116,4,2,2,37,0
102,3,1,2,17,0
126,4,2,2,56,0
117,4,1,2,19,0
111,4,1,2,37,0
105,4,2,1,12,0
122,4,1,2,31,0
113,4,1,2,35,0
125,4,2,2,59,0
109,3,1,2,31,0
105,4,1,2,17,0
119,4,1,2,58,0
123,4,1,2,38,0
122,4,1,2,38,0
103,3,2,2,43,0
999,9,1,3,48,4
123,4,1,2,45,0
118,4,1,3,40,0
999,9,1,2,57,4
119,4,2,2,40,0
112,4,1,3,18,0
116,4,2,2,12,0
122,4,1,3,44,0
114,4,1,3,44,0
999,9,2,3,47,4
999,9,1,3,19,4
124,4,2,3,59,0
93,2,2,3,11,0
120,4,2,3,9,0
999,9,1,2,5,9
121,4,2,2,57,0
105,3,2,3,28,0
121,4,2,1,53,0
123,4,1,2,34,0
122,4,2,2,20,0
110,4,1,2,13,0
112,4,1,3,55,0
108,3,1,2,59,0
109,3,1,2,59,0
104,3,2,2,6,0
116,4,1,2,32,0
101,3,1,1,15,0
118,4,2,2,18,0
999,9,2,1,4,9
103,3,1,2,6,0
114,4,2,2,9,0
113,4,2,2,31,0
142,4,1,2,39,0
119,4,1,2,38,0
123,4,1,2,39,0
133,4,1,2,54,0
142,4,1,3,55,0
129,4,2,3,22,0
117,4,2,3,22,0
136,4,2,2,10,0
118,4,2,2,28,0
111,4,2,2,28,0
137,4,2,3,22,0
115,4,1,2,49,0
114,4,1,2,37,0
102,3,1,2,8,0
999,9,2,2,3,9
121,4,1,2,57,0
96,3,1,2,12,0
120,4,2,1,16,0
124,4,1,2,17,0
108,3,2,2,31,0
123,4,2,2,36,0
122,4,2,3,53,0
100,3,2,3,8,0
115,4,1,2,54,0
999,9,2,2,5,9
122,4,2, ,35,0
112,4,1,3,52,0
126,4,1,2,9,0
113,4,2,1,34,0
131,4,2,3,32,0
116,4,2,3,44,0
111,4,2,3,16,0
111,4,2,3,10,0
131,4,2,3,12,0
123,4,1,3,29,0
128,4,2,2,49,0
114,4,1,3,29,0
999,9,1,3,5,9
116,4,1,3,47,0
102,3,1,2,12,0
113,4,1,2,32,0
137,4,2,2,18,0
115,4,1,3,10,0
120,4,1,1,33,0
100,3,2,2,17,0
108,3,1,2,27,0
124,4,2,2,34,0
101,3,2,1,54,0
117,4,2,1,33,0
116,4,2,2,44,0
109,3,1,1,29,0
120,4,2,2,56,0
113,4,1,2,19,0
114,4,1,2,47,0
98,3,1,3,16,0
109,3,2,2,53,0
108,4,2,1,14,0
105,3,1,2,25,0
111,4,2,2,40,0
114,4,2,1,55,0
115,4,1,1,22,0
121,4,1,2,48,0
999,9,1,3,31,4
118,4,2,2,41,0
123,4,2,2,56,0
999,9,2,2,4,9
122,4,1,1,56,0
131,4,1,2,22,0
100,3,1,2,52,0
120,4,2,2,56,0
119,4,2,2,8,0
108,3,1,2,33,0
115,4,2,2,48,0
128,4,2,3,17,0
107,4,1,3,18,0
115,4,1,2,39,0
116,4,2,2,15,0
143,4,2,2,32,0
126,4,2,2,34,0
115,4,1,2,24,0
115,4,2, ,34,0
128,4,1,2,37,0
118,4,1,2,25,0
121,4,1,2,37,0
99,3,1,2,20,0
118,4,1,3,24,0
999,9,2,3,1,9
128,4,2,2,32,0
999,9,1,2,3,9
121,4,1,2,51,0
105,3,1,1,29,0
108,3,2,3,42,0
999,9,1,2,3,9
121,4,1,2,39,0
115,4,1,2,16,0
117,4,1,2,48,0
112,4,1,2,44,0
110,4,1,3,29,0
134,4,2,2,56,0
118,4,2,2,16,0
115,4,2,2,30,0
111,4,1,2,59,0
117,4,1,2,55,0
120,4,1,3,20,0
124,4,1, ,51,0
98,3,1,2,11,0
131,4,2,2,54,0
999,9,1,2,3,9
120,4,2,2,41,0
117,4,1,2,10,0
117,4,1,2,47,0
115,4,2,2,54,0
999,9,2,2,5,9
103,3,1,1,57,0
118,4,2, ,49,0
104,3,1, ,34,0
120,4,2,2,43,0
95,3,2,2,19,0
999,9,1,2,2,9
105,3,2,2,38,0
115,4,2,2,24,0
108,3,2,2,24,0
111,4,1,2,6,0
99,3,1,1,12,0
118,4,2,2,41,0
107,3,2,2,36,0
118,4,2,2,49,0
119,4,2, ,49,0
999,9,2,2,4,9
999,9,1,3,49,3
115,4,1,3,21,0
120,4,1,3,15,0
120,4,1,3,34,0
106,4,2,2,9,0
124,4,2,2,22,0
122,4,2,3,52,0
120,4,1, ,46,0
120,4,2,3,26,0
106,3,1,2,41,0
118,4,1,2,25,0
108,3,2,2,53,0
121,4,1,1,43,0
112,4,1,2,40,0
113,4,1, ,55,0
113,4,1,2,43,0
107,4,2, ,17,0
104,3,2,2,11,0
128,4,2,1,51,0
118,4,1,2,44,0
106,3,1,2,39,0
121,4,2,2,25,0
119,4,2,2,17,0
122,4,2,1,41,0
109,3,2,2,29,0
106,3,1,2,25,0
117,4,2, ,34,0
112,4,2,2,49,0
112,4,2,2,36,0
124,4,1,2,51,0
123,4,2,2,49,0
50,1,2,2,8,0
999,9,2,2,4,9
119,4,2,2,47,0
116,4,1,2,46,0
91,2,1,2,9,0
104,3,1,2,57,0
93,2,1,2,17,0
116,4,2,1,58,0
115,4,2,1,29,0
88,2,2,2,13,0
109,3,1,2,27,0
116,4,2,1,17,0
113,4,2,1,17,0
999,9,1,2,13,6
111,4,2,2,54,0
999,9,2,2,4,9
117,4,2,1,28,0
105,4,2,2,7,0
116,4,1,1,26,0
101,3,2,2,8,0
119,4,1,2,24,0
102,3,1,2,23,0
115,4,2,2,50,0
102,3,1,2,9,0
88,2,1,2,24,0
111,4,2,2,50,0
110,4,2, ,39,0
84,2,1,2,12,0
112,4,2,1,31,0
102,3,1,1,43,0
107,4,2, ,9,0
110,4,1,2,43,0
118,4,1,1,19,0
93,2,1,1,56,0
114,4,1,2,20,0
999,9,1,2,2,9
89,2,2,2,8,0
87,2,2,2,8,0
999,9,2,2,3,9
121,4,2,2,53,0
104,3,2,2,57,0
101,3,2,2,7,0
119,4,1,2,8,0
113,4,1,2,8,0
108,3,2,2,48,0
127,4,2,2,46,0
90,2,2,2,9,0
113,4,2,2,31,0
111,4,2,2,30,0
117,4,2,2,11,0
103,3,2,1,53,0
104,3,2,2,10,0
132,4,1,0,29,0
111,4,2,1,46,0
119,4,2,0,35,0
101,3,2,1,51,0
128,4,2,2,43,0
124,4,1,2,28,0
118,4,2,1,54,0
109,4,2,1,6,0
101,3,2,2,54,0
119,4,1,1,42,0
98,3,2,1,9,0
119,4,1,2,33,0
117,4,2,2,17,0
106,3,2,2,25,0
999,9,1, ,58,6
999,9,1,2,29,6
118,4,2,2,17,0
111,4,2,2,19,0
106,3,1,1,34,0
115,4,1,2,8,0
999,9,2,2,3,9
999,9,1,2,5,9
120,4,2,1,51,0
117,4,1,2,41,0
109,3,2,2,31,0
115,4,2,2,55,0
124,4,2,0,57,0
118,4,1,2,18,0
999,9,1,1,2,9
121,4,1,2,52,0
112,4,2,2,39,0
104,3,2,2,12,0
107,3,2,1,46,0
110,4,2,2,56,0
115,4,2,2,41,0
110,4,1,2,35,0
110,4,1,2,17,0
96,2,2,2,30,0
109,3,1, ,55,0
102,3,2,2,36,0
94,2,1,2,12,0
99,3,2,1,23,0
101,3,1,2,45,0
122,4,2,2,57,0
120,4,1,2,53,0
999,9,1,2,24,6
106,3,2,2,44,0
121,4,1,2,36,0
110,4,1,2,8,0
115,4,1, ,46,0
121,4,2,2,44,0
113,4,2,2,34,0
109,4,2,2,18,0
94,2,1,2,15,0
999,9,1,2,1,9
115,4,1,2,21,0
94,2,1,2,8,0
111,4,2,1,10,0
111,4,2,1,47,0
102,3,1,1,21,0
95,2,1,2,32,0
78,2,2,2,7,0
115,4,2,2,16,0
113,4,2,3,20,0
133,4,1,2,36,0
127,4,2,2,32,0
113,4,2,2,19,0
109,4,2,2,21,0
999,9,1,2,3,9
115,4,1,2,13,0
121,4,2,3,18,0
112,4,1,3,43,0
100,3,1,2,10,0
106,4,2,2,8,0
119,4,2,2,41,0
119,4,1,3,22,0
104,3,2,3,27,0
112,4,2,3,27,0
108,4,1,2,22,0
124,4,2,3,31,0
98,3,1,2,23,0
105,3,1,3,35,0
122,4,2,3,55,0
96,2,1,2,45,0
98,3,2,2,10,0
109,3,2,0,27,0
113,4,2,2,28,0
104,3,1,2,26,0
999,9,2,2,3,9
108,4,1,2,21,0
999,9,1,2,59,3
101,3,1,2,28,0
124,4,1, ,48,0
118,4,2,2,24,0
999,9,1,2,2,9
120,4,2,2,18,0
113,4,2,3,18,0
125,4,2,3,51,0
116,4,1,1,47,0
88,2,1,2,9,0
107,4,1,2,20,0
108,3,1,2,37,0
97,3,2,2,17,0
113,4,2,3,28,0
86,2,1,3,21,0
116,4,1,3,21,0
125,4,2,2,40,0
115,4,1,3,41,0
101,3,2,2,11,0
101,3,2,2,28,0
115,4,2,3,34,0
118,4,1,2,40,0
104,3,1,2,24,0
116,4,1,1,22,0
98,2,1,1,40,0
999,9,1,2,5,9
131,4,1,2,53,0
103,3,1,2,50,0
110,4,1,2,37,0
86,2,1,2,18,0
112,4,1,2,39,0
108,3,2,2,51,0
109,3,1,2,46,0
119,4,1,2,47,0
122,4,2,2,32,0
81,2,1,2,28,0
110,4,2,2,16,0
116,4,1,2,41,0
100,3,1,2,28,0
116,4,1,2,46,0
99,3,1,2,22,0
101,3,2,1,41,0
114,4,1,3,54,0
104,3,2,2,20,0
99,2,1,2,58,0
121,4,1,3,41,0
79,2,1,2,13,0
101,3,2,1,6,0
127,4,2,1,50,0
111,4,1,2,15,0
96,3,1,2,15,0
123,4,2,3,57,0
116,4,2,1,13,0
101,3,1,2,13,0
113,4,1,2,37,0
113,4,1,2,32,0
108,4,1,2,21,0
98,3,2,2,17,0
107,3,1,2,32,0
113,4,2,2,46,0
117,4,1,2,28,0
118,4,2,3,8,0
82,2,1,2,9,0
122,4,1,2,42,0
120,4,1,2,12,0
121,4,1,1,32,0
125,4,2,2,41,0
106,3,1,2,37,0
105,4,2,2,10,0
110,4,2,2,30,0
108,3,2, ,34,0
131,4,1,1,58,0
102,3,2,1,24,0
110,4,1,1,46,0
99,3,1,1,23,0
109,3,1,1,59,0
100,3,1,1,17,0
112,4,1,2,21,0
107,3,2,2,31,0
119,4,2,2,24,0
109,3,2,2,36,0
113,4,1,2,51,0
107,4,2,2,15,0
99,3,1,2,13,0
118,4,1,3,55,0
108,4,2,3,22,0
111,4,1,2,56,0
87,2,2,2,15,0
107,4,1,2,19,0
999,9,1,2,36,4
112,4,2,2,34,0
119,4,2,2,30,0
94,2,1,2,32,0
114,4,1,2,33,0
111,4,2,2,9,0
113,4,2,2,27,0
116,4,2,2,55,0
92,2,2,1,26,0
102,3,1,2,44,0
89,2,1,3,10,0
125,4,1,3,25,0
115,4,1,3,39,0
99,3,2,3,11,0
100,3,2,2,8,0
124,4,2,3,28,0
97,2,1,3,52,0
113,4,1,2,31,0
120,4,1, ,49,0
107,3,1,2,50,0
125,4,1,1,49,0
129,4,2,3,31,0
999,9,2,3,2,9
112,4,2,3,50,0
123,4,1,2,58,0
79,2,2,2,33,0
114,4,1,2,56,0
999,9,1,2,48,3
106,4,2,2,12,0
114,4,2,3,18,0
999,9,1,3,27,3
92,2,1,2,10,0
114,4,2,3,56,0
123,4,2,3,9,0
113,4,1,2,10,0
111,4,2,2,48,0
999,9,1,3,3,9
104,3,1,3,53,0
108,3,1,3,53,0
999,9,1,2,5,9
96,3,2,2,13,0
110,4,1,2,6,0
999,9,1,2,5,9
123,4,2,2,52,0
122,4,1,2,26,0
99,3,1,2,15,0
100,3,1,2,16,0
116,4,1,2,10,0
102,3,2,2,27,0
87,2,2,2,8,0
113,4,1,2,21,0
94,2,2,3,9,0
113,4,1,2,27,0
104,3,1,2,35,0
113,4,2,2,32,0
114,4,1,2,44,0
999,9,2,2,3,9
123,4,2,2,14,0
114,4,2,2,39,0
90,2,2,2,12,0
120,4,1,2,47,0
106,4,2,2,9,0
108,3,2,2,24,0
124,4,1,2,56,0
115,4,2,3,31,0
129,4,2,3,33,0
114,4,2,2,33,0
130,4,1,2,39,0
123,4,1,2,37,0
121,4,1,2,41,0
110,4,2,2,47,0
128,4,1,3,39,0
121,4,2,2,32,0
115,4,2,2,35,0
103,3,1,2,10,0
999,9,1,3,3,9
122,4,2,2,49,0
109,3,1,2,28,0
119,4,1,2,55,0
112,4,2,1,51,0
117,4,1,3,37,0
98,3,2,2,21,0
122,4,1,2,46,0
114,4,2,2,53,0
119,4,1,2,58,0
112,4,1,2,49,0
999,9,1,2,44,4
106,3,2,2,57,0
110,4,2,2,52,0
113,4,2,2,43,0
999,9,2,3,1,9
102,3,1,3,32,0
104,3,2,3,8,0
124,4,2,2,43,0
133,4,1,1,30,0
79,2,1,2,9,0
107,4,1,3,16,0
129,4,2,1,56,0
105,4,2,2,10,0
106,3,1,2,36,0
999,9,2,2,3,9
999,9,1,3,58,4
112,4,2,2,22,0
132,4,2,2,32,0
138,4,1,2,51,0
131,4,2,2,27,0
128,4,2,2,34,0
64,1,1,3,20,0
104,3,2,3,50,0
999,9,1,2,4,9
125,4,2,3,30,0
133,4,1,3,8,0
113,4,1,3,49,0
93,2,2,3,23,0
81,2,2,2,22,0
118,4,2,2,14,0
120,4,2,2,53,0
108,3,1,2,40,0
76,2,1,2,13,0
99,2,1,1,30,0
114,4,1,3,26,0
113,4,2,2,46,0
121,4,1,2,40,0
130,4,2,2,42,0
119,4,1,2,45,0
121,4,1,2,33,0
105,4,1,2,11,0
104,3,1,2,12,0
122,4,2,2,54,0
106,3,1,2,36,0
101,3,2,2,34,0
100,3,2,3,10,0
100,3,1,2,24,0
114,4,2,2,41,0
111,4,2,2,27,0
115,4,2,2,10,0
114,4,2,2,48,0
105,4,2,2,8,0
113,4,2,2,30,0
122,4,2,1,46,0
999,9,1,2,3,9
118,4,1,2,26,0
114,4,1,3,49,0
999,9,1,2,7,4
100,3,1,2,14,0
118,4,1,3,19,0
118,4,1,0,41,0
125,4,1,3,19,0
112,4,1,2,45,0
130,4,2,3,37,0
100,3,1,3,8,0
105,3,2,2,26,0
101,3,1,3,47,0
999,9,1,2,8,4
126,4,1,2,56,0
106,3,2,2,33,0
113,4,2,2,55,0
99,2,1,2,27,0
98,3,2,2,18,0
102,3,1,2,52,0
119,4,1,1,45,0
112,4,1,2,27,0
115,4,1,2,15,0
105,3,1,1,49,0
99,3,1,2,9,0
54,1,1,2,6,0
999,9,2,2,5,9
101,3,2,2,50,0
112,4,1,2,19,0
107,4,2,3,18,0
104,3,2,2,36,0
999,9,2,2,3,9
999,9,2,2,4,9
115,4,1,1,35,0
114,4,2,2,49,0
120,4,1,1,23,0
120,4,1,1,30,0
110,4,2, ,40,0
124,4,2,2,58,0
114,4,1,1,53,0
107,3,1,1,36,0
112,4,2,1,53,0
116,4,1,1,51,0
101,3,1,1,11,0
133,4,2,2,41,0
999,9,1,1,2,9
126,4,1, ,29,0
106,3,1,2,28,0
108,3,2,2,27,0
114,4,1,2,37,0
103,3,1,2,51,0
104,3,2,2,10,0
111,4,2, ,23,0
112,4,1,2,23,0
111,4,2,2,56,0
106,3,1,2,43,0
126,4,1,2,57,0
119,4,1,2,47,0
114,4,2,2,17,0
108,3,1,2,27,0
106,4,2,2,7,0
111,4,1,2,50,0
98,2,2,2,25,0
132,4,2,2,59,0
119,4,2,2,20,0
118,4,1,2,52,0
119,4,1,2,24,0
111,4,2,2,31,0
109,4,2,2,8,0
135,4,2,3,48,0
112,4,2, ,23,0
117,4,1,3,44,0
131,4,2,2,40,0
140,4,1,2,40,0
999,9,1,2,33,4
98,2,2,2,33,0
98,3,1,2,15,0
128,4,2,2,41,0
999,9,2,2,3,9
106,3,1,2,36,0
109,4,1,2,14,0
108,3,1,3,27,0
118,4,2,2,55,0
96,2,1,2,28,0
118,4,2,2,32,0
109,4,1,3,16,0
85,2,2,2,16,0
108,3,2,2,41,0
93,2,1,2,23,0
101,3,1,3,9,0
102,3,1,2,9,0
110,4,1,2,42,0
125,4,2,2,35,0
129,4,1,2,47,0
97,3,2,2,15,0
111,4,1,2,31,0
116,4,1,2,55,0
110,4,1,2,26,0
118,4,2,2,20,0
108,4,1,1,10,0
112,4,2,2,58,0
121,4,2,2,53,0
111,4,2,2,24,0
126,4,1,1,33,0
119,4,1,2,41,0
91,2,2,2,17,0
136,4,2,3,43,0
130,4,1, ,53,0
999,9,2,3,5,9
121,4,1,2,53,0
118,4,2,2,25,0
109,3,2,2,40,0
111,4,1,2,47,0
122,4,2,2,48,0
126,4,1,3,57,0
124,4,2,2,17,0
124,4,2,1,33,0
121,4,2,1,21,0
111,4,2,2,10,0
121,4,2,2,45,0
109,4,2,2,6,0
104,3,2,2,6,0
109,3,2,1,40,0
121,4,1,2,42,0
89,2,2,2,12,0
106,4,2,2,6,0
109,3,2,2,51,0
114,4,1,1,37,0
111,4,1,2,39,0
119,4,1,2,34,0
95,2,2,1,45,0
122,4,1,1,30,0
108,3,2,1,30,0
115,4,2,2,42,0
114,4,2,2,24,0
121,4,2,3,51,0
122,4,1,3,51,0
105,3,2,1,33,0
117,4,2,2,17,0
96,3,2,3,18,0
111,4,1,2,23,0
121,4,2,3,27,0
109,3,1,2,59,0
100,3,1,1,16,0
119,4,1,1,56,0
115,4,1,2,34,0
135,4,2,2,55,0
127,4,1,2,30,0
100,3,1,2,16,0
121,4,2,2,53,0
114,4,2,0,59,0
121,4,2,2,55,0
117,4,2,1,57,0
110,4,2,1,53,0
109,3,2,2,26,0
128,4,2,2,58,0
110,4,1,2,35,0
87,2,1,2,10,0
109,3,1,2,46,0
108,3,2,2,34,0
114,4,2,1,48,0
108,3,1,2,54,0
113,4,1,2,20,0
111,4,1,2,26,0
88,2,1,1,8,0
132,4,1,2,22,0
95,2,1,2,48,0
95,3,1,2,14,0
76,2,2,1,8,0
116,4,1,1,50,0
102,3,1,2,8,0
117,4,2,2,56,0
114,4,1,2,50,0
91,2,2,2,33,0
114,4,2,1,47,0
127,4,1,2,42,0
119,4,2, ,49,0
108,4,2,2,20,0
102,3,2,2,6,0
103,3,1,2,8,0
126,4,2,2,18,0
118,4,2,2,49,0
113,4,2,1,56,0
108,3,1,2,48,0
126,4,2,1,45,0
101,3,1,2,47,0
98,2,1,2,50,0
117,4,2,2,28,0
107,3,1,2,40,0
114,4,2,3,17,0
119,4,2,3,21,0
999,9,2,3,5,9
128,4,1,2,39,0
128,4,1,2,44,0
121,4,2,1,14,0
104,3,2,1,25,0
999,9,2,1,3,9
131,4,2,2,31,0
113,4,2,3,55,0
999,9,1,3,33,4
83,2,2,2,25,0
111,4,1,2,49,0
112,4,2,2,45,0
119,4,2,2,41,0
117,4,1,3,51,0
108,4,1,2,14,0
113,4,1,1,51,0
109,3,1,1,52,0
87,2,1,1,13,0
110,4,1,2,26,0
107,4,2,1,14,0
108,3,1,2,43,0
118,4,1,2,41,0
89,2,2,2,18,0
102,3,1,3,18,0
126,4,2,1,31,0
124,4,1,3,27,0
126,4,1,2,31,0
127,4,2,2,39,0
89,2,2,2,9,0
127,4,1,2,54,0
105,4,2,2,16,0
134,4,2,2,48,0
114,4,1,3,44,0
127,4,1,3,48,0
132,4,2,3,19,0
123,4,2,2,41,0
116,4,2,2,46,0
124,4,1,2,41,0
119,4,1,3,40,0
91,2,1,2,23,0
118,4,2,2,47,0
90,2,1,2,12,0
124,4,2,3,37,0
120,4,1,3,42,0
87,2,2,2,8,0
116,4,1,3,8,0
99,2,1,3,24,0
124,4,1,2,57,0
122,4,2,2,34,0
110,4,2,2,59,0
98,2,1,2,35,0
98,2,1,2,30,0
99,3,2,2,8,0
96,3,1,2,8,0
109,4,1,2,22,0
112,4,1,2,59,0
118,4,1,1,58,0
113,4,2,2,48,0
126,4,1,2,53,0
121,4,2,2,40,0
95,3,2,2,17,0
103,3,2,2,59,0
112,4,2,2,53,0
118,4,1,2,36,0
103,3,1,2,14,0
103,3,2,2,20,0
107,3,1,1,45,0
118,4,1,2,34,0
95,3,1,2,9,0
106,3,2,2,43,0
104,3,2,2,13,0
99,2,2,1,24,0
104,3,2,2,43,0
96,3,2,2,18,0
118,4,1,2,55,0
120,4,1,2,47,0
129,4,1,2,50,0
91,2,1,2,9,0
136,4,1,2,51,0
123,4,2,1,50,0
119,4,2,1,46,0
102,3,1,1,33,0
107,4,2,2,23,0
109,3,2,2,48,0
106,3,2,2,45,0
118,4,1,2,54,0
999,9,2,1,3,9
104,3,2,2,30,0
111,4,2,2,48,0
104,3,1,3,35,0
109,4,1,3,18,0
119,4,1,3,56,0
115,4,1,2,53,0
116,4,1,2,23,0
106,4,1,2,18,0
107,3,1,2,29,0
999,9,1,2,4,9
112,4,1,2,50,0
112,4,2,2,33,0
106,3,2,2,41,0
102,3,2,2,14,0
111,4,2,2,48,0
107,3,2,2,48,0
91,2,1,2,15,0
105,4,1,2,18,0
99,3,2,3,8,0
115,4,2,2,47,0
90,2,1,2,10,0
120,4,1,2,36,0
101,3,2,2,13,0
110,4,2,1,40,0
111,4,2,1,34,0
117,4,1,2,34,0
114,4,1,2,10,0
119,4,1,3,50,0
118,4,1,3,22,0
108,3,2,3,26,0
106,3,1,2,47,0
105,3,2,2,53,0
129,4,1,3,45,0
117,4,2,3,45,0
102,3,1,2,7,0
119,4,1,2,39,0
102,3,2,2,16,0
120,4,1,2,46,0
115,4,2,2,20,0
112,4,1,2,42,0
999,9,1,2,1,9
116,4,1,2,39,0
125,4,2,2,50,0
98,3,1,2,10,0
104,3,2,2,14,0
114,4,2,3,29,0
95,2,2,3,39,0
124,4,2,3,21,0
112,4,1,3,54,0
121,4,2,2,32,0
114,4,1,1,53,0
116,4,2, ,25,0
112,4,2,2,12,0
105,3,1,1,44,0
103,3,1,3,31,0
102,3,2,2,44,0
116,4,2,3,51,0
999,9,1,2,2,9
999,9,2,2,3,9
109,3,2,1,46,0
110,4,2,2,21,0
118,4,2,2,48,0
117,4,2,2,17,0
114,4,1,2,57,0
120,4,2,2,11,0
118,4,1,1,37,0
121,4,1,2,8,0
101,3,1,1,13,0
130,4,2,2,26,0
113,4,1,1,57,0
111,4,2,2,23,0
108,4,1,1,15,0
124,4,1,1,52,0
115,4,1,2,17,0
103,3,2,2,59,0
106,4,2,2,16,0
123,4,1,2,53,0
114,4,1,2,42,0
104,3,2,2,53,0
109,3,2,2,53,0
111,4,1,2,27,0
110,4,1,2,45,0
999,9,2,2,4,9
999,9,1,1,5,9
115,4,2,1,13,0
999,9,1,2,51,6
122,4,2,2,44,0
116,4,2,2,23,0
108,4,2,2,21,0
108,3,1,2,28,0
111,4,1,2,32,0
99,3,1,2,16,0
90,2,2,2,24,0
99,3,2,2,15,0
111,4,1,1,28,0
126,4,2,3,21,0
115,4,1,2,25,0
122,4,1,2,35,0
97,3,2,1,15,0
103,3,2,2,48,0
105,3,1,2,42,0
122,4,2,1,35,0
127,4,1,1,32,0
90,2,2,2,10,0
114,4,2,2,32,0
999,9,2,3,2,9
102,3,1,1,13,0
105,3,2,1,26,0
102,3,1,2,29,0
98,3,2,2,13,0
107,4,1,2,7,0
98,3,2,1,19,0
100,3,1,1,11,0
108,3,2,2,48,0
113,4,2,1,26,0
103,3,2,1,7,0
94,2,1,1,19,0
115,4,2,1,46,0
94,2,2,1,16,0
101,3,1,1,12,0
102,3,1,1,48,0
105,4,2, ,22,0
122,4,1,1,23,0
99,3,1,1,8,0
105,3,1,2,57,0
116,4,2,2,23,0
121,4,1,1,50,0
113,4,2,2,27,0
100,3,1,2,55,0
111,4,1,2,59,0
108,3,1,2,54,0
91,2,1,2,27,0
116,4,1,1,59,0
113,4,1,1,32,0
109,3,2,1,32,0
115,4,1,2,36,0
107,3,2,1,58,0
116,4,2,2,51,0
109,4,1,1,10,0
93,2,1,2,33,0
999,9,1,1,3,9
114,4,1,2,47,0
96,3,2,2,19,0
127,4,1,1,58,0
999,9,2,3,22,4
115,4,1,2,14,0
108,3,2,2,54,0
103,3,1,1,14,0
114,4,2,1,46,0
93,2,1,1,9,0
118,4,2,3,15,0
112,4,1,2,31,0
119,4,1,2,52,0
96,2,1,2,24,0
140,4,2,2,50,0
103,3,1,2,30,0
120,4,1,2,58,0
119,4,2,2,32,0
124,4,1,3,50,0
116,4,2,2,24,0
110,4,2,2,10,0
129,4,2,2,28,0
124,4,2,2,46,0
101,3,1,2,10,0
115,4,2,2,46,0
104,3,1,2,7,0
124,4,2,2,55,0
114,4,2,2,20,0
90,2,1,2,6,0
136,4,1,2,34,0
107,3,2,2,42,0
124,4,1,2,34,0
108,4,1,2,12,0
114,4,1,2,36,0
104,3,1,2,50,0
115,4,2,3,14,0
122,4,1,2,39,0
117,4,2,3,13,0
128,4,2,3,13,0
125,4,1,3,45,0
117,4,1,2,50,0
113,4,2,3,40,0
124,4,2,3,22,0
100,3,1,2,26,0
116,4,2,2,7,0
106,4,1,1,20,0
999,9,1,2,34,4
111,4,1,3,43,0
115,4,1,2,36,0
122,4,2,2,39,0
126,4,1,3,39,0
114,4,1,2,51,0
115,4,1,2,53,0
105,4,2,1,7,0
124,4,1,2,49,0
103,3,1,3,19,0
110,4,1,2,45,0
999,9,2,3,8,4
999,9,2,3,5,9
999,9,2,2,3,9
111,4,1,3,26,0
999,9,2,3,1,9
137,4,1,2,45,0
105,4,2,3,13,0
106,4,1,2,12,0
119,4,2,2,17,0
106,3,1,3,35,0
113,4,1,2,24,0
94,2,1,2,7,0
101,3,1,2,29,0
999,9,1,2,5,9
115,4,1,2,21,0
109,3,2,2,35,0
114,4,1,2,15,0
117,4,2,2,18,0
126,4,2,2,30,0
111,4,1,2,18,0
117,4,2,2,14,0
112,4,1,2,51,0
110,4,2,2,56,0
114,4,2,2,35,0
106,4,2,2,13,0
118,4,2,2,57,0
123,4,2,2,56,0
111,4,2,2,50,0
118,4,2,2,38,0
115,4,2,2,36,0
117,4,1,2,40,0
122,4,1,1,58,0
119,4,1,2,53,0
114,4,2,2,39,0
111,4,2,3,17,0
112,4,1,2,55,0
113,4,2,2,6,0
113,4,2,2,26,0
109,3,2,2,55,0
121,4,1,2,58,0
116,4,1,2,20,0
999,9,2,2,25,4
109,3,1,2,57,0
110,4,2,1,38,0
109,4,1,1,18,0
120,4,1,2,31,0
123,4,2,2,31,0
999,9,1,2,0,9
999,9,1,1,5,9
999,9,1,1,8,4
102,3,2,2,33,0
110,4,2,2,46,0
111,4,2,2,26,0
123,4,1,3,55,0
119,4,2,2,54,0
111,4,1,2,48,0
102,3,1,3,12,0
999,9,1,2,5,9
116,4,2,2,56,0
101,3,2,3,19,0
113,4,2,2,47,0
127,4,1,3,7,0
116,4,1,2,44,0
109,4,1,2,16,0
124,4,2,2,20,0
999,9,2,2,2,9
109,3,1,2,34,0
103,3,1,2,14,0
124,4,2,2,45,0
109,4,2,2,19,0
101,3,1,2,33,0
105,3,1,2,25,0
98,2,2,2,29,0
112,4,2,3,42,0
137,4,1,2,49,0
999,9,1,2,5,9
110,4,1,2,56,0
109,3,1,2,30,0
114,4,1,2,36,0
112,4,1,3,25,0
111,4,2,2,30,0
121,4,1,2,59,0
999,9,2,2,5,9
129,4,1,3,12,0
131,4,2,2,15,0
106,4,1,2,18,0
132,4,1,2,29,0
103,3,2,2,37,0
126,4,2,2,40,0
121,4,1,2,33,0
116,4,2,3,30,0
116,4,2,3,20,0
120,4,1,2,59,0
121,4,1,2,28,0
111,4,2,2,40,0
125,4,2,2,41,0
133,4,1,2,40,0
111,4,2,2,38,0
83,2,2,2,13,0
108,3,2,3,38,0
999,9,2,2,2,9
114,4,1,2,53,0
104,3,1,2,15,0
113,4,2,2,24,0
106,4,1,3,22,0
118,4,1,2,51,0
108,3,2,2,27,0
122,4,1,3,53,0
123,4,2,1,29,0
119,4,1,3,17,0
126,4,1,3,43,0
106,3,1,1,59,0
124,4,1,2,40,0
126,4,2,3,55,0
111,4,1,2,55,0
999,9,2,2,1,9
124,4,1, ,55,0
999,9,1,3,5,9
128,4,1,1,54,0
121,4,2,3,49,0
999,9,1,2,4,9
123,4,2,3,37,0
111,4,1,2,24,0
127,4,2,2,11,0
120,4,1,2,39,0
117,4,2,3,24,0
123,4,1,3,12,0
112,4,2,2,23,0
129,4,2,2,51,0
107,4,2,2,18,0
109,4,2, ,22,0
134,4,2,2,50,0
999,9,2,2,2,9
129,4,2,2,50,0
112,4,1,2,10,0
112,4,2,2,8,0
105,4,1,1,17,0
124,4,1,3,43,0
98,2,1,2,47,0
105,3,2,2,53,0
124,4,1,2,46,0
121,4,1,2,47,0
125,4,2,2,16,0
107,3,1,2,52,0
103,3,1,3,12,0
116,4,1,2,42,0
99,3,1,2,13,0
107,4,1, ,16,0
114,4,2,2,41,0
102,3,1,2,41,0
136,4,1,1,29,0
999,9,1,2,2,9
104,3,1,2,17,0
120,4,1,2,47,0
118,4,2,2,45,0
124,4,2,2,58,0
118,4,2,2,33,0
129,4,2, ,49,0
89,2,1,2,6,0
80,2,1,3,22,0
122,4,1,3,46,0
115,4,1,3,38,0
118,4,2,2,20,0
112,4,1,2,36,0
114,4,2,2,33,0
121,4,2,2,22,0
129,4,2,2,40,0
129,4,1,3,50,0
122,4,1,2,48,0
999,9,1,2,4,9
125,4,1,2,23,0
114,4,2,2,39,0
999,9,2,2,3,9
106,4,2,3,8,0
99,3,1,2,20,0
107,4,1,2,21,0
106,4,1,2,14,0
118,4,1,2,54,0
130,4,2,2,27,0
999,9,1,2,2,9
107,4,1,2,13,0
114,4,2,2,13,0
110,4,1,2,36,0
134,4,1,2,39,0
115,4,2,2,15,0
111,4,2, ,49,0
117,4,2,3,40,0
115,4,2,3,13,0
115,4,1,2,46,0
125,4,2, ,18,0
96,3,1,2,6,0
114,4,2,3,14,0
99,3,1,3,22,0
127,4,2,2,32,0
124,4,1,2,16,0
116,4,2,2,57,0
118,4,1, ,11,0
116,4,2,3,35,0
115,4,1,2,29,0
107,3,2,2,29,0
124,4,1,2,50,0
113,4,1,1,51,0
93,2,2,1,10,0
125,4,1,3,49,0
110,4,2,2,26,0
110,4,1,3,16,0
94,2,2,2,17,0
999,9,1,2,5,9
102,3,1,2,23,0
112,4,2,2,49,0
113,4,2,2,12,0
106,3,1,2,33,0
110,4,2,2,27,0
101,3,2,2,8,0
115,4,1,2,56,0
117,4,2,2,28,0
118,4,2,2,53,0
103,3,1,2,28,0
111,4,1,2,37,0
111,4,1,3,41,0
118,4,2,3,30,0
126,4,1,1,24,0
105,4,1,2,16,0
124,4,1,2,54,0
122,4,1,1,45,0
107,3,1,2,51,0
118,4,1,2,56,0
105,3,2,2,38,0
109,3,2,2,26,0
105,4,2,3,7,0
115,4,1,2,6,0
99,3,2,2,10,0
107,3,2,2,28,0
105,3,1,2,54,0
999,9,1,2,5,9
113,4,2,2,26,0
119,4,2,3,44,0
129,4,1,1,59,0
111,4,1,2,32,0
126,4,2,2,55,0
123,4,1,2,59,0
120,4,1,2,23,0
124,4,2,2,55,0
120,4,2,2,51,0
110,4,2,2,33,0
104,3,1,2,55,0
110,4,2,2,9,0
108,3,2,2,36,0
999,9,1,2,4,9
100,3,2,1,16,0
108,3,2,2,24,0
115,4,2,2,23,0
110,4,2,2,46,0
999,9,2,1,4,9
77,2,1,1,8,0
116,4,2,2,20,0
111,4,1,2,32,0
115,4,1,2,30,0
121,4,2,2,59,0
113,4,1,2,10,0
110,4,2,2,16,0
999,9,1,2,3,9
117,4,1,2,53,0
113,4,2,2,57,0
109,3,1,2,39,0
120,4,1,2,54,0
128,4,2,3,47,0
110,4,1,1,13,0
113,4,2,1,38,0
113,4,2,1,16,0
124,4,1,2,55,0
102,3,2,2,21,0
108,3,1,1,41,0
118,4,2,2,46,0
114,4,1,2,45,0
94,2,1,1,21,0
117,4,2,2,43,0
121,4,2,2,54,0
100,3,2,2,21,0
106,4,2,2,23,0
110,4,1,3,35,0
106,3,1,2,34,0
999,9,2,2,24,6
101,3,1,2,20,0
999,9,1,2,2,9
117,4,1,2,10,0
120,4,1,2,21,0
112,4,2, ,55,0
118,4,2,2,44,0
999,9,2,2,3,9
111,4,1,2,27,0
107,4,2,1,14,0
110,4,1,2,32,0
114,4,2,2,9,0
116,4,2,2,42,0
109,3,2,2,43,0
999,9,1,3,4,9
125,4,2,2,27,0
110,4,1,2,54,0
107,3,2,2,29,0
113,4,1,2,17,0
98,3,1,1,17,0
122,4,2,3,14,0
108,3,2,2,32,0
108,4,2,3,10,0
114,4,1,1,19,0
122,4,1,2,28,0
106,4,1,1,12,0
103,3,1,2,42,0
123,4,2,2,50,0
128,4,2,2,43,0
121,4,2,2,26,0
117,4,1,2,24,0
112,4,1,1,8,0
117,4,1,1,56,0
122,4,2,2,30,0
102,3,1,1,37,0
118,4,1,2,58,0
999,9,2,2,2,9
121,4,2,2,37,0
115,4,1,2,38,0
124,4,2,1,53,0
118,4,1,1,43,0
118,4,2,2,52,0
117,4,1,2,31,0
115,4,1,2,25,0
112,4,1,1,58,0
111,4,1,1,32,0
103,3,1,1,44,0
999,9,2,1,5,9
118,4,1,1,47,0
123,4,2,1,12,0
118,4,2, ,57,0
108,3,2,2,51,0
99,3,1,2,22,0
94,2,2,1,49,0
84,2,2,1,10,0
106,4,2,1,6,0
98,2,1,1,58,0
96,3,1,1,8,0
114,4,1,2,46,0
103,3,2,2,22,0
999,9,1,2,2,9
117,4,1,2,30,0
999,9,2,2,1,9
101,3,1,1,51,0
98,2,2,1,31,0
101,3,1,2,53,0
106,4,1,1,11,0
101,3,1,2,31,0
108,3,1,1,29,0
999,9,1,1,3,9
96,2,1,1,47,0
84,2,2,1,20,0
108,4,1,2,6,0
115,4,1,2,45,0
115,4,1,2,23,0
108,3,1,2,54,0
74,2,1,2,24,0
97,3,2,2,14,0
115,4,1,2,40,0
999,9,2,3,3,9
107,3,1,2,40,0
102,3,2,1,11,0
103,3,2,1,47,0
113,4,1,3,34,0
114,4,2,3,15,0
118,4,1,2,53,0
999,9,2,3,5,9
128,4,1,2,45,0
107,3,1,2,45,0
114,4,1,2,14,0
999,9,1,2,4,9
118,4,2,2,48,0
109,3,1,1,59,0
123,4,2,1,58,0
118,4,2,2,8,0
122,4,1,2,46,0
109,3,2,3,34,0
136,4,2, ,50,0
105,3,1,2,35,0
109,4,2,2,12,0
123,4,2,1,54,0
122,4,1,1,54,0
120,4,2,2,16,0
116,4,1,2,29,0
121,4,1,2,31,0
95,3,2,2,10,0
117,4,1,2,49,0
130,4,1,3,26,0
125,4,2,2,56,0
114,4,2,2,23,0
121,4,2,1,47,0
135,4,1,2,38,0
117,4,1,2,22,0
113,4,2,2,24,0
117,4,1,2,25,0
101,3,2,2,9,0
122,4,2,2,41,0
112,4,1,2,49,0
113,4,2,3,42,0
126,4,2,2,41,0
999,9,1,2,0,9
118,4,2,2,56,0
118,4,1,1,52,0
999,9,2,1,3,9
999,9,2,3,11,4
132,4,1,1,38,0
93,2,2,1,9,0
113,4,2,2,13,0
125,4,2,2,44,0
120,4,2,1,59,0
114,4,1,1,51,0
140,4,2,1,12,0
121,4,2,2,45,0
100,3,1,1,56,0
117,4,1,2,35,0
999,9,2,2,3,9
118,4,2,2,24,0
115,4,2,2,48,0
116,4,2,2,58,0
104,3,1,2,6,0
122,4,1,2,47,0
108,3,1,1,26,0
999,9,1,2,4,9
119,4,2,1,33,0
111,4,2,2,43,0
111,4,1,2,39,0
103,3,2,2,10,0
129,4,1,2,41,0
83,2,1,2,9,0
115,4,1,2,57,0
106,4,2,2,19,0
100,3,1,2,28,0
116,4,1, ,49,0
112,4,1,2,14,0
110,4,2,1,39,0
94,2,1,1,8,0
113,4,2,1,55,0
113,4,2,1,16,0
126,4,1, ,25,0
92,2,1,0,36,0
999,9,1,0,0,9
101,3,1,2,31,0
96,2,2,2,25,0
114,4,1,1,49,0
96,3,1,2,18,0
109,3,2,2,43,0
128,4,1,1,49,0
114,4,2,1,17,0
109,3,1,2,47,0
105,3,2,2,39,0
114,4,2,2,21,0
110,4,1,3,58,0
109,4,1,3,8,0
99,2,2,2,45,0
135,4,2,2,38,0
148,4,1,2,25,0
109,3,1,2,29,0
116,4,1,2,12,0
92,2,1,2,12,0
111,4,2,2,33,0
121,4,1,2,52,0
107,3,1,2,30,0
92,2,2,2,8,0
107,3,1,2,45,0
127,4,1,2,59,0
109,3,2,3,55,0
115,4,2,2,51,0
116,4,1,2,51,0
125,4,1,2,39,0
116,4,1,2,46,0
115,4,1,2,31,0
123,4,1,2,24,0
115,4,2,1,30,0
108,3,1,2,44,0
121,4,1,3,29,0
112,4,2,2,54,0
102,3,1,2,34,0
99,3,1,2,21,0
113,4,2,2,20,0
96,2,2,2,46,0
103,3,2,2,21,0
94,2,1,2,53,0
105,3,1,2,26,0
116,4,2,0,28,0
999,9,1,0,5,9
116,4,2,2,50,0
115,4,1,2,24,0
999,9,2,2,0,9
112,4,1,2,41,0
100,3,2,1,30,0
108,3,2,2,58,0
92,2,1,2,12,0
106,3,1,1,57,0
102,3,2,1,10,0
118,4,1,2,33,0
112,4,2,1,38,0
98,3,1,1,9,0
114,4,1,1,33,0
122,4,1,1,16,0
127,4,2,2,52,0
109,3,2,1,51,0
101,3,1,2,23,0
123,4,1,1,28,0
115,4,2, ,47,0
125,4,2,2,36,0
114,4,2,2,28,0
115,4,2,2,47,0
110,4,2,2,7,0
999,9,2,2,3,9
90,2,1,1,10,0
120,4,2,2,48,0
105,4,1,2,19,0
110,4,1,2,20,0
123,4,1,1,45,0
110,4,2,1,35,0
110,4,1,3,34,0
100,3,1,3,12,0
122,4,1,3,38,0
999,9,1,2,37,4
114,4,1,3,47,0
104,3,1,3,46,0
111,4,1,3,52,0
121,4,2,2,20,0
126,4,2,2,39,0
999,9,1,2,5,9
122,4,2,3,45,0
125,4,1,3,41,0
97,3,1,2,11,0
123,4,2,2,57,0
116,4,1,1,36,0
108,4,2,3,12,0
114,4,1,3,17,0
113,4,1,2,10,0
121,4,2,2,57,0
102,3,1,2,40,0
116,4,2,2,45,0
102,3,1,3,18,0
99,3,1,3,7,0
120,4,1,2,58,0
104,3,2,2,34,0
110,4,2,2,53,0
92,2,1,2,17,0
120,4,2,2,55,0
108,3,2,2,42,0
95,3,1,2,12,0
110,4,2,1,43,0
119,4,1,2,49,0
117,4,1,2,31,0
128,4,2,2,30,0
119,4,2,2,37,0
62,1,1,2,12,0
999,9,1,2,15,4
119,4,2,2,52,0
105,3,2,2,32,0
999,9,1,2,3,9
111,4,1,2,21,0
88,2,2,2,14,0
106,4,2,2,16,0
117,4,2,2,36,0
999,9,1,2,4,9
127,4,1,2,24,0
123,4,2,2,17,0
120,4,1,3,53,0
123,4,1,2,32,0
102,3,1,2,26,0
102,3,2,2,40,0
95,3,1,2,23,0
118,4,1,3,35,0
999,9,1,1,48,4
111,4,2,1,9,0
104,3,2,0,47,0
104,3,1,0,24,0
116,4,1,1,49,0
110,4,2,3,8,0
101,3,1,2,24,0
103,3,1,1,34,0
999,9,1,1,4,9
95,2,2,2,24,0
111,4,1,1,51,0
127,4,1,2,54,0
119,4,1, ,28,0
101,3,2,1,28,0
999,9,1,2,3,9
110,4,1,2,38,0
118,4,1,2,36,0
126,4,2, ,59,0
106,3,2, ,31,0
113,4,2,2,33,0
110,4,2,0,37,0
88,2,1,2,19,0
999,9,2,1,5,9
117,4,1,1,59,0
92,2,1,2,40,0
110,4,1,2,47,0
113,4,1,2,10,0
95,3,2,1,16,0
126,4,1,2,53,0
117,4,2,2,12,0
107,3,2,2,47,0
131,4,2,2,37,0
136,4,1,1,56,0
123,4,2,1,41,0
122,4,2,2,26,0
96,3,1,2,22,0
102,3,1,2,13,0
89,2,1,2,39,0
123,4,1,2,56,0
999,9,2,3,2,9
110,4,2,2,21,0
999,9,2,2,2,9
111,4,2,2,15,0
111,4,1,3,35,0
116,4,1,3,15,0
117,4,1,2,43,0
122,4,1,2,48,0
999,9,2,3,5,9
120,4,1,3,31,0
123,4,2,2,37,0
110,4,1,3,27,0
117,4,1,2,41,0
114,4,2,1,43,0
95,3,1,3,15,0
107,3,1,2,59,0
120,4,1,2,40,0
999,9,1,3,2,9
116,4,1,2,30,0
111,4,1,2,18,0
102,3,1,2,8,0
112,4,2,3,26,0
114,4,1,3,46,0
142,4,2,2,56,0
115,4,2,2,47,0
999,9,2,3,5,9
114,4,1,3,7,0
113,4,2,2,17,0
111,4,1,3,6,0
117,4,2,3,42,0
124,4,1,3,38,0
114,4,1,3,9,0
999,9,1,2,5,9
108,3,1,1,53,0
121,4,2,1,58,0
122,4,2,2,42,0
108,3,1,1,46,0
143,4,2,2,55,0
101,3,1,2,43,0
117,4,2,2,57,0
999,9,1,2,4,9
101,3,2,1,6,0
114,4,1,2,45,0
116,4,1,2,51,0
130,4,1,2,30,0
115,4,2,2,35,0
122,4,2,1,57,0
117,4,2,2,16,0
129,4,2,2,32,0
115,4,1,2,53,0
112,4,1,2,28,0
133,4,2,2,41,0
999,9,2,2,2,9
118,4,1,2,48,0
127,4,1,2,25,0
92,2,2,2,12,0
999,9,2,2,2,9
100,3,2,1,47,0
104,3,2,1,20,0
93,2,2,2,36,0
87,2,1,2,11,0
105,4,2,2,8,0
111,4,2,2,36,0
122,4,1,2,48,0
113,4,1,2,48,0
115,4,2,2,31,0
112,4,1,2,43,0
110,4,1,2,39,0
99,3,1,2,15,0
118,4,1,2,28,0
116,4,2,1,35,0
116,4,1,2,9,0
112,4,2,2,41,0
121,4,1,1,6,0
999,9,1,1,4,9
108,3,1,2,36,0
121,4,2,1,34,0
132,4,2,1,54,0
101,3,2,2,36,0
119,4,1,2,22,0
106,4,2,2,15,0
127,4,2,1,59,0
105,4,2,1,16,0
118,4,2,3,44,0
122,4,1,2,40,0
999,9,2,0,5,9
999,9,1,2,3,9
100,3,2,2,25,0
97,3,2,1,23,0
108,3,1,2,29,0
107,3,2,1,37,0
127,4,1,2,47,0
88,2,1,2,13,0
100,3,1,2,13,0
108,4,2,2,11,0
138,4,2,2,29,0
115,4,1,2,46,0
117,4,1,2,42,0
104,3,1,2,31,0
119,4,2, ,47,0
127,4,1,2,48,0
132,4,2,1,23,0
999,9,2,2,4,9
105,4,2,2,10,0
999,9,2,2,3,9
999,9,2,2,4,9
101,3,2,2,21,0
107,4,1,2,18,0
90,2,2,2,8,0
102,3,2,2,42,0
121,4,2,1,57,0
109,3,1,1,27,0
98,2,1,2,34,0
88,2,1,2,20,0
105,3,2,3,45,0
114,4,2,3,53,0
109,4,1,3,16,0
109,3,2,3,46,0
116,4,2,2,32,0
999,9,1,3,40,4
999,9,2,2,5,9
100,3,1,3,45,0
999,9,1,2,5,9
999,9,1,2,23,4
118,4,1,3,48,0
120,4,1,2,42,0
118,4,1,2,44,0
112,4,1,2,54,0
118,4,1,3,29,0
111,4,2,3,58,0
999,9,2,3,0,9
999,9,2,2,3,9
105,3,1,2,55,0
111,4,2,2,16,0
999,9,2,3,36,4
104,3,1,2,9,0
95,3,2,2,17,0
112,4,1,2,32,0
115,4,2,2,42,0
119,4,2,3,56,0
112,4,1,2,28,0
999,9,1,2,2,9
136,4,2,3,56,0
999,9,1,3,2,9
999,9,2,2,23,4
111,4,2,2,51,0
110,4,1,3,6,0
109,3,1,3,28,0
114,4,1,2,55,0
117,4,2,2,21,0
104,3,2,2,57,0
107,3,2,3,39,0
999,9,1,2,26,4
108,3,1,2,44,0
95,3,2,2,9,0
118,4,2,2,49,0
107,4,2,3,17,0
999,9,1,3,3,9
112,4,1,2,36,0
101,3,1,2,9,0
102,3,2,2,12,0
102,3,1,2,43,0
114,4,1,2,33,0
116,4,1,3,47,0
134,4,1,2,52,0
124,4,1,2,24,0
122,4,1,3,23,0
110,4,2,2,29,0
117,4,1,2,18,0
121,4,2,2,50,0
98,2,2,2,50,0
109,4,2,3,11,0
97,2,2,2,39,0
109,3,2,2,55,0
112,4,2,2,35,0
999,9,1,2,5,9
97,3,2,2,14,0
121,4,1,2,56,0
126,4,1,2,26,0
101,3,2,2,47,0
121,4,2,2,43,0
117,4,2,1,53,0
999,9,2,1,2,9
106,3,1,2,48,0
113,4,1,2,47,0
109,3,2,3,30,0
114,4,1,2,20,0
107,4,1,3,7,0
110,4,1,1,32,0
103,3,2,3,7,0
133,4,1,2,15,0
110,4,1,1,32,0
120,4,1, ,13,0
999,9,1,2,3,9
98,2,1,2,49,0
111,4,1,2,55,0
107,3,2,2,50,0
117,4,1,2,37,0
999,9,2,2,3,9
96,2,1,2,25,0
113,4,2,2,46,0
120,4,1,2,28,0
119,4,2,2,57,0
96,3,1,2,18,0
105,3,2,2,37,0
117,4,2,2,43,0
115,4,1,2,12,0
999,9,1,3,26,4
120,4,1,2,48,0
107,3,1,2,24,0
117,4,2,2,55,0
124,4,1,1,28,0
107,4,2,2,6,0
999,9,1,2,5,9
131,4,2,1,51,0
111,4,2,1,34,0
92,2,2,2,9,0
110,4,2,2,30,0
999,9,1,2,7,4
999,9,2,3,13,4
101,3,1,1,22,0
112,4,1,1,39,0
115,4,2,2,29,0
102,3,1,2,33,0
97,3,2,1,14,0
120,4,2,1,52,0
103,3,2,1,7,0
999,9,1,2,4,9
116,4,2,3,52,0
104,3,2,2,57,0
108,4,2,3,21,0
118,4,2, ,47,0
108,4,2,2,17,0
114,4,1,3,32,0
96,3,1,2,18,0
116,4,1,3,19,0
115,4,1,3,8,0
112,4,2,2,38,0
999,9,1,2,4,9
86,2,2,2,6,0
109,3,1,2,34,0
109,4,2,1,16,0
98,2,2,1,49,0
113,4,1, ,46,0
117,4,1,2,24,0
115,4,1,1,42,0
118,4,2,2,49,0
999,9,2,2,5,9
104,3,2,3,33,0
999,9,2,2,4,9
999,9,1,2,4,9
999,9,1,2,31,6
106,4,2,3,16,0
102,3,1,2,11,0
999,9,2,2,5,9
92,2,1,2,13,0
117,4,2,3,21,0
98,2,1,2,38,0
109,4,2,3,23,0
103,3,1,2,31,0
114,4,1,2,58,0
95,3,2,2,14,0
104,3,2,2,54,0
91,2,1,2,9,0
112,4,2,3,41,0
999,9,2,3,1,9
114,4,1,3,46,0
116,4,1,3,39,0
114,4,2,3,51,0
103,3,1,3,13,0
105,3,2,3,48,0
108,3,1,2,33,0
113,4,2,2,26,0
114,4,1,2,15,0
109,3,2,2,33,0
122,4,2,2,44,0
111,4,1,1,41,0
120,4,1,2,48,0
125,4,2,2,8,0
126,4,2,2,6,0
102,3,2,2,7,0
119,4,2,2,49,0
93,2,2,2,24,0
102,3,2,2,11,0
108,3,2,2,35,0
126,4,2,2,56,0
118,4,2,2,40,0
110,4,2,1,49,0
121,4,2,1,54,0
120,4,2,1,33,0
120,4,2,2,17,0
119,4,2,1,53,0
120,4,2,2,16,0
130,4,1,1,7,0
999,9,1,2,5,9
999,9,1,1,4,9
119,4,1,2,48,0
114,4,2,2,17,0
106,3,1,2,54,0
999,9,1,2,5,9
94,2,2,2,18,0
118,4,2,2,40,0
114,4,2,2,42,0
124,4,1,2,26,0
115,4,1,2,45,0
999,9,1,2,3,9
118,4,2,2,38,0
122,4,1,3,22,0
124,4,2,2,41,0
114,4,2,2,52,0
116,4,1,2,46,0
99,2,1,2,44,0
125,4,1, ,54,0
83,2,2,2,48,0
113,4,1,2,21,0
110,4,1,2,7,0
120,4,1,3,49,0
999,9,2,2,4,9
111,4,2,2,18,0
127,4,1,2,20,0
124,4,2,2,43,0
109,4,1,2,19,0
78,2,1,2,11,0
127,4,2,2,48,0
111,4,2,3,34,0
94,2,1,1,8,0
100,3,1,2,24,0
999,9,2,2,4,9
115,4,2,2,8,0
105,4,1,2,11,0
129,4,1,2,39,0
112,4,2,1,59,0
115,4,2,1,17,0
105,4,2,2,23,0
122,4,1,2,54,0
121,4,1,1,39,0
104,3,1,2,11,0
113,4,2,1,31,0
121,4,1,2,58,0
116,4,1,1,41,0
111,4,1,2,17,0
130,4,1,2,49,0
122,4,2,1,36,0
114,4,1,2,35,0
98,2,1,2,44,0
102,3,1,2,14,0
112,4,2,2,42,0
101,3,1,2,14,0
95,2,2,2,38,0
115,4,2,2,42,0
999,9,1,2,4,9
110,4,1,2,15,0
111,4,2,2,45,0
105,4,2,2,11,0
105,3,2,2,24,0
120,4,2,2,48,0
104,3,2,2,59,0
999,9,1,2,0,9
100,3,2,2,10,0
119,4,1,2,48,0
107,3,2,1,38,0
116,4,1,3,39,0
105,3,2,2,48,0
98,2,2,2,30,0
117,4,2,2,6,0
122,4,2,2,54,0
121,4,2,3,23,0
132,4,1,2,56,0
124,4,1,2,11,0
108,3,2,2,40,0
91,2,2,2,12,0
108,4,1,2,22,0
116,4,2,3,56,0
128,4,2,2,11,0
128,4,1,2,58,0
103,3,1,2,20,0
112,4,1,2,42,0
115,4,2,2,24,0
106,4,2,1,12,0
125,4,2,1,26,0
127,4,1,2,37,0
112,4,1,2,15,0
106,3,2,1,27,0
999,9,2,1,2,9
107,3,2, ,37,0
113,4,1,1,41,0
107,4,2,1,15,0
110,4,1,1,47,0
999,9,2,1,5,9
95,3,2,1,12,0
109,3,2,2,46,0
102,3,1,2,9,0
115,4,1,2,54,0
999,9,2,1,22,6
111,4,2,2,13,0
999,9,1,2,3,9
111,4,1,2,42,0
118,4,2,2,59,0
999,9,2,2,4,9
110,4,2,2,13,0
105,3,1,2,27,0
999,9,1,2,5,9
105,3,2,2,29,0
102,3,2,2,18,0
120,4,1,2,52,0
106,3,2,1,24,0
114,4,1,2,46,0
111,4,2,2,38,0
115,4,1,2,33,0
999,9,1,1,5,9
119,4,2,3,22,0
125,4,2,1,42,0
100,3,1,2,7,0
127,4,1,2,32,0
104,3,1,2,8,0
114,4,1,2,32,0
115,4,1,2,21,0
101,3,2,2,28,0
108,4,2,1,23,0
118,4,2,1,42,0
115,4,1,2,28,0
103,3,1,2,6,0
117,4,1, ,28,0
100,3,1, ,44,0
124,4,2,1,34,0
107,3,1,2,44,0
111,4,1, ,28,0
115,4,2,1,37,0
107,3,1,2,27,0
122,4,2,1,34,0
117,4,1,2,25,0
122,4,1,2,32,0
127,4,2,1,55,0
108,4,1,1,22,0
107,3,1,1,26,0
92,2,2,1,21,0
129,4,1,2,8,0
110,4,1,2,50,0
113,4,1,1,46,0
109,3,1,1,50,0
131,4,2,1,49,0
107,3,1,1,43,0
102,3,2,1,11,0
103,3,1,1,49,0
143,4,2,2,11,0
124,4,2,2,54,0
109,3,1,3,29,0
118,4,2,3,47,0
115,4,1,3,26,0
109,4,2,3,10,0
108,4,2,2,7,0
126,4,1,3,34,0
108,3,2,2,55,0
106,4,2,2,6,0
119,4,1,3,42,0
999,9,1,2,4,9
120,4,1,2,43,0
90,2,1,3,9,0
98,3,2,2,11,0
121,4,2,2,55,0
111,4,2,2,54,0
120,4,2,2,44,0
110,4,2,2,9,0
134,4,1,2,24,0
130,4,1,2,58,0
109,3,1,2,46,0
112,4,2,3,53,0
98,3,2,2,18,0
111,4,1,3,37,0
133,4,1,2,46,0
95,3,2,1,8,0
121,4,2,2,26,0
100,3,2,2,10,0
121,4,2,2,58,0
103,3,1,2,14,0
97,3,2,2,8,0
112,4,1,3,46,0
120,4,2,2,55,0
110,4,2,2,33,0
117,4,1,3,24,0
106,4,1,2,16,0
999,9,1,3,4,9
127,4,2,2,58,0
999,9,1,2,5,9
114,4,1,3,54,0
135,4,1,2,50,0
105,4,2,2,23,0
112,4,2,2,12,0
999,9,2,2,54,4
103,3,1,2,33,0
126,4,1,2,59,0
130,4,2,2,25,0
116,4,2,2,27,0
999,9,2,2,3,9
999,9,1,2,3,9
109,4,2,2,6,0
106,3,2,2,38,0
125,4,1,2,38,0
109,3,1,2,38,0
108,4,2,2,14,0
111,4,1,3,45,0
118,4,1,2,54,0
102,3,1,2,12,0
999,9,1,3,3,9
113,4,1,2,12,0
105,3,1,2,28,0
120,4,2,2,54,0
109,4,2,2,21,0
117,4,2,2,30,0
122,4,2,1,49,0
100,3,1,2,15,0
120,4,1,2,51,0
105,3,2,2,27,0
99,3,2,2,7,0
109,3,2,2,31,0
120,4,1,2,29,0
117,4,2,1,55,0
999,9,1,1,4,9
109,3,1,2,27,0
113,4,1,2,47,0
102,3,1,2,54,0
123,4,1,3,39,0
120,4,2,2,15,0
125,4,2,2,43,0
113,4,1,2,15,0
107,3,1,2,51,0
111,4,2,2,51,0
121,4,1,2,40,0
109,4,1,2,19,0
999,9,1,2,1,9
117,4,2,2,39,0
107,4,2,2,16,0
120,4,2,2,56,0
116,4,1,2,38,0
115,4,2,2,34,0
103,3,1,3,59,0
999,9,1,3,4,9
114,4,1,2,12,0
136,4,2,2,28,0
117,4,2,2,38,0
109,4,2,2,13,0
130,4,1,3,34,0
115,4,2,2,43,0
112,4,2,2,11,0
115,4,1,2,25,0
102,3,2,3,12,0
119,4,2,2,41,0
100,3,2,2,20,0
125,4,2,2,46,0
96,3,2,2,20,0
119,4,2,2,31,0
118,4,2,2,31,0
115,4,2,2,39,0
136,4,1,2,44,0
108,3,1,2,59,0
115,4,1,3,57,0
88,2,2,3,11,0
999,9,2,2,5,9
100,3,2,2,6,0
108,3,1,2,41,0
109,4,1,3,23,0
122,4,2,3,28,0
100,3,2,2,42,0
122,4,1,2,43,0
103,3,2,2,12,0
116,4,2,2,28,0
100,3,2,2,13,0
105,4,2,3,14,0
999,9,2,2,2,9
117,4,2,3,21,0
110,4,2, ,44,0
106,3,2,2,42,0
115,4,1,2,10,0
104,3,1,2,59,0
107,4,1,2,22,0
115,4,2,2,51,0
120,4,2,2,51,0
118,4,1,2,53,0
124,4,1,2,26,0
94,2,2,2,10,0
113,4,2,2,44,0
102,3,2,2,40,0
103,3,1,2,13,0
120,4,1,2,59,0
116,4,1,2,56,0
103,3,2,2,11,0
118,4,2,2,23,0
87,2,1,2,7,0
123,4,2,2,39,0
102,3,2,2,24,0
116,4,2,1,45,0
119,4,1,2,24,0
110,4,1,1,53,0
96,3,1,2,17,0
116,4,1,2,50,0
105,3,2,2,28,0
109,3,2,2,30,0
117,4,2,2,49,0
107,3,2,2,25,0
100,3,2,2,36,0
97,3,2,2,6,0
106,3,1,2,29,0
117,4,1,2,49,0
103,3,1,2,54,0
116,4,1,2,59,0
105,4,1,2,12,0
112,4,2,1,56,0
118,4,1,1,37,0
114,4,1,2,35,0
111,4,1,2,39,0
999,9,1,2,0,9
100,3,1,2,18,0
116,4,2,2,18,0
120,4,1,2,54,0
116,4,1,2,51,0
99,2,1,2,44,0
121,4,1,1,59,0
95,3,2,1,8,0
130,4,2,1,28,0
107,3,1,2,56,0
102,3,2,2,8,0
94,2,1,2,46,0
109,4,2,1,11,0
999,9,1,1,4,9
112,4,1,2,21,0
101,3,2,2,25,0
108,3,2, ,32,0
133,4,2,1,50,0
102,3,1,1,19,0
105,3,2,2,48,0
117,4,1,2,33,0
109,4,2,2,6,0
999,9,2,1,3,9
82,2,1,2,9,0
120,4,1,2,41,0
112,4,2,1,21,0
109,4,1,2,7,0
120,4,1,2,35,0
120,4,1,1,44,0
110,4,1,1,38,0
114,4,1,1,24,0
103,3,1,2,35,0
100,3,1,2,13,0
76,2,1,1,7,0
110,4,2,2,28,0
101,3,2,2,10,0
109,3,2,1,33,0
98,3,1,2,8,0
102,3,2,2,18,0
104,3,2,2,22,0
126,4,2,1,48,0
115,4,2,1,44,0
123,4,1,1,54,0
115,4,1,2,45,0
123,4,2,2,50,0
112,4,1,2,31,0
110,4,2,1,53,0
132,4,2,2,28,0
116,4,2,2,55,0
82,2,1,2,18,0
999,9,1,3,3,9
112,4,2,3,33,0
124,4,2,3,26,0
999,9,2,3,0,9
124,4,2,2,45,0
999,9,2,3,5,9
140,4,2,2,58,0
98,2,1,2,55,0
121,4,2,2,35,0
119,4,2,2,38,0
109,3,1,2,42,0
108,3,1,2,28,0
109,4,1,2,6,0
123,4,1,3,28,0
94,2,2,2,6,0
119,4,1,3,55,0
113,4,2, ,57,0
104,3,2,1,12,0
107,4,1,2,18,0
999,9,2,2,0,9
77,2,1,2,17,0
112,4,2,2,8,0
99,2,1,2,46,0
126,4,1,2,43,0
999,9,1,1,57,3
102,3,2,1,57,0
120,4,1,2,25,0
112,4,2,1,58,0
117,4,2,2,32,0
109,3,1,2,31,0
111,4,2,2,13,0
96,2,2,2,58,0
111,4,2,2,11,0
119,4,2,1,59,0
102,3,1,1,9,0
123,4,2,1,44,0
109,3,2,2,27,0
104,3,1,1,35,0
109,3,1,1,55,0
110,4,1,2,17,0
106,3,1,2,49,0
112,4,2,3,6,0
112,4,1,2,24,0
130,4,2,2,20,0
126,4,2,2,44,0
111,4,2,2,51,0
107,3,1,2,53,0
110,4,1,3,27,0
112,4,2,1,52,0
126,4,1,2,42,0
137,4,2,1,50,0
118,4,2,2,36,0
999,9,1,2,4,9
113,4,1,2,12,0
125,4,2,1,45,0
110,4,2,2,39,0
120,4,1,1,15,0
123,4,1,1,47,0
122,4,2,1,30,0
112,4,1,0,28,0
137,4,2,2,17,0
110,4,1,2,28,0
115,4,1,0,59,0
124,4,1,0,35,0
85,2,1,2,13,0
125,4,1,2,47,0
122,4,2,2,21,0
114,4,1,2,39,0
126,4,1,1,37,0
112,4,1,1,36,0
117,4,1,1,27,0
103,3,2,2,37,0
105,3,2,2,38,0
120,4,2,0,8,0
137,4,2,3,31,0
119,4,1,2,29,0
134,4,2,2,52,0
119,4,1,2,49,0
114,4,1,2,31,0
999,9,2,2,3,9
112,4,2,2,47,0
100,3,2,1,11,0
120,4,2,2,34,0
155,4,1,2,59,0
118,4,2,1,54,0
106,4,1,2,23,0
99,3,1,1,10,0
126,4,2,2,46,0
102,3,1,2,15,0
82,2,1,2,9,0
88,2,1,2,25,0
113,4,2,1,41,0
999,9,1,1,5,9
108,3,1,1,43,0
116,4,1,2,59,0
999,9,1,2,40,4
999,9,1,2,6,4
114,4,2,2,42,0
115,4,1,2,46,0
117,4,2,3,27,0
116,4,1,3,50,0
124,4,2,3,50,0
99,3,2,2,17,0
98,2,1,2,45,0
103,3,1,1,8,0
109,3,2,3,36,0
114,4,2,2,17,0
115,4,1,2,48,0
116,4,2,2,41,0
92,2,1,0,24,0
111,4,1,2,53,0
999,9,2,1,8,4
117,4,1,2,21,0
103,3,2,3,31,0
100,3,1,3,6,0
115,4,1,2,43,0
121,4,2,3,39,0
78,2,2,3,17,0
85,2,1,2,13,0
108,3,2,1,55,0
120,4,1,2,17,0
117,4,2,2,51,0
107,3,2,2,39,0
102,3,1,3,39,0
117,4,2,2,55,0
108,3,2,2,27,0
108,3,2,2,35,0
129,4,2,3,16,0
108,4,1,2,12,0
96,3,2,2,17,0
100,3,1,2,45,0
79,2,2,1,14,0
999,9,1,2,5,9
105,3,1,2,29,0
999,9,1,2,36,3
128,4,1,2,22,0
123,4,1,2,7,0
110,4,1,2,33,0
106,3,1,2,32,0
96,3,1,2,11,0
114,4,1,2,20,0
136,4,2,2,16,0
118,4,1,2,54,0
100,3,1,2,25,0
116,4,1,3,22,0
115,4,1,2,52,0
114,4,1,2,34,0
112,4,2,2,32,0
114,4,1,2,7,0
124,4,2,2,49,0
118,4,1,2,32,0
112,4,2,2,23,0
100,3,1,1,31,0
110,4,1,2,53,0
111,4,1,2,18,0
118,4,1,1,19,0
112,4,1,1,11,0
127,4,2,1,44,0
999,9,1,1,29,4
999,9,2,1,4,9
117,4,2,1,24,0
999,9,1,1,3,9
108,3,1,2,41,0
114,4,2,0,42,0
103,3,2,2,38,0
999,9,2,2,4,9
111,4,1,1,49,0
999,9,1,1,5,9
114,4,2,0,35,0
107,3,1,2,56,0
106,3,1,1,28,0
102,3,1,1,45,0
103,3,2,1,18,0
999,9,2,1,2,9
112,4,1,2,8,0
123,4,1,1,59,0
110,4,1,1,14,0
118,4,1,2,33,0
104,3,2,2,38,0
95,3,2,1,10,0
103,3,2,2,40,0
125,4,2, ,47,0
105,3,1,2,46,0
109,3,1,2,43,0
130,4,1,2,54,0
110,4,2,2,18,0
115,4,2,2,12,0
123,4,2,2,18,0
999,9,2,2,1,9
125,4,1,1,34,0
108,3,1,1,42,0
112,4,1,1,54,0
113,4,1,1,37,0
110,4,2,1,14,0
106,4,2,1,7,0
113,4,2,2,46,0
114,4,2,2,25,0
999,9,2,0,2,9
109,3,1,2,50,0
106,3,2,1,33,0
143,4,2,2,40,0
110,4,1,1,39,0
106,4,1,1,12,0
115,4,2,2,43,0
117,4,1,2,47,0
114,4,2,2,47,0
999,9,1,2,34,4
106,4,2,1,9,0
112,4,1,2,50,0
999,9,1,2,0,9
103,3,2,1,50,0
106,3,1,2,40,0
94,2,1,2,12,0
106,3,2,2,41,0
999,9,1,2,6,4
106,3,2,2,42,0
999,9,1,2,5,9
91,2,1,1,34,0
108,3,1,2,38,0
103,3,1,2,37,0
98,2,1,3,39,0
108,4,1,3,22,0
120,4,2, ,28,0
130,4,2,2,34,0
119,4,1,1,35,0
113,4,2,2,22,0
92,2,1,2,9,0
115,4,2,1,55,0
102,3,1,1,15,0
100,3,1,1,36,0
999,9,2,1,32,4
107,4,2,2,19,0
106,3,1,2,44,0
99,3,1,1,21,0
106,3,1,1,49,0
101,3,1,2,41,0
105,3,2,2,49,0
99,2,2, ,44,0
117,4,1,2,21,0
112,4,1,2,32,0
102,3,2,2,32,0
106,3,1,2,31,0
103,3,1,2,15,0
107,3,2,2,43,0
999,9,2,2,0,9
93,2,1,1,43,0
99,3,2,1,10,0
999,9,1,2,54,4
131,4,2,3,11,0
122,4,2,3,22,0
103,3,2,2,21,0
83,2,1,2,12,0
120,4,2,3,38,0
100,3,1,2,28,0
108,3,1,2,40,0
128,4,2,3,59,0
121,4,2,2,40,0
116,4,1,2,56,0
110,4,2,2,28,0
110,4,1,2,6,0
113,4,2,3,37,0
131,4,2,3,37,0
111,4,1,3,35,0
117,4,1,2,42,0
135,4,2,3,53,0
96,2,2,3,46,0
128,4,1,3,54,0
999,9,2,3,5,9
130,4,2,3,48,0
125,4,1,2,45,0
112,4,2,2,8,0
125,4,1,3,54,0
120,4,2,3,19,0
114,4,2,2,7,0
121,4,1,1,20,0
121,4,1,2,49,0
99,3,2,2,21,0
125,4,1, ,42,0
102,3,1,2,18,0
125,4,2,2,44,0
119,4,1,3,36,0
116,4,1,2,56,0
110,4,1,2,24,0
115,4,1,2,55,0
999,9,2,2,4,9
98,3,2,2,8,0
128,4,2,3,39,0
109,4,2,3,10,0
121,4,2,3,44,0
120,4,1,2,41,0
999,9,2,2,2,9
114,4,2,2,41,0
114,4,2,2,28,0
999,9,1,2,3,9
124,4,2,2,35,0
96,3,1,2,8,0
125,4,2,2,44,0
120,4,2,2,26,0
100,3,1,2,43,0
120,4,2,2,55,0
139,4,1,3,53,0
104,3,1,3,9,0
999,9,1,2,5,9
101,3,1,2,8,0
122,4,1,2,32,0
999,9,1,2,5,9
118,4,2,2,40,0
90,2,1,2,20,0
121,4,2,2,37,0
117,4,1,2,30,0
121,4,1,2,31,0
116,4,1,2,43,0
113,4,2,3,35,0
106,3,2,3,33,0
113,4,1,3,51,0
121,4,1,2,43,0
125,4,2,2,43,0
109,3,1,2,25,0
113,4,1,2,31,0
117,4,1,2,47,0
999,9,1,2,4,9
120,4,2,2,38,0
999,9,1,3,4,9
111,4,1,2,56,0
111,4,1,2,29,0
114,4,1,2,30,0
999,9,2,2,5,9
91,2,1, ,11,0
999,9,2,2,4,9
102,3,1,2,44,0
136,4,2,2,49,0
123,4,1,2,41,0
101,3,2,2,15,0
98,2,1,2,26,0
123,4,2,2,55,0
123,4,1,2,35,0
120,4,1,2,57,0
123,4,2,2,36,0
999,9,2,2,2,9
118,4,2,2,17,0
91,2,2,2,40,0
111,4,1,3,24,0
107,4,1,2,23,0
999,9,2,2,4,9
108,3,2,1,48,0
102,3,2,2,12,0
104,3,2,2,24,0
107,3,2,2,45,0
115,4,2,1,49,0
116,4,2,2,53,0
117,4,2,2,55,0
127,4,2,2,35,0
120,4,1,2,56,0
105,4,1,2,9,0
107,3,2,1,42,0
118,4,1,2,57,0
109,4,2,2,15,0
105,3,1,0,52,0
120,4,1,3,41,0
125,4,2,2,56,0
111,4,1,2,49,0
123,4,1,2,25,0
116,4,2,2,44,0
101,3,2,2,30,0
125,4,2,2,41,0
128,4,2,2,12,0
105,3,2,2,44,0
132,4,2,1,10,0
113,4,1,2,28,0
112,4,2,2,49,0
106,3,1,2,34,0
91,2,1,2,39,0
103,3,1,1,32,0
125,4,2,2,51,0
104,3,2,2,34,0
110,4,2,2,28,0
105,3,1,2,39,0
117,4,2,2,58,0
102,3,2,1,18,0
128,4,2,2,57,0
132,4,2,2,35,0
100,3,2,2,33,0
116,4,2,2,41,0
127,4,1,2,40,0
111,4,2,3,59,0
109,3,1,2,49,0
119,4,1,2,36,0
135,4,2,3,7,0
106,4,1,3,15,0
123,4,1,2,55,0
85,2,1,2,22,0
111,4,1,2,36,0
123,4,1,2,58,0
115,4,1,2,58,0
112,4,1,3,37,0
109,3,2,2,38,0
122,4,1,3,45,0
106,3,1,2,49,0
133,4,2,3,6,0
102,3,2,3,32,0
123,4,1,2,23,0
110,4,1,2,20,0
113,4,1,2,45,0
117,4,2,2,53,0
114,4,2,1,45,0
82,2,1,2,19,0
128,4,2,3,36,0
129,4,1,2,57,0
105,4,2,2,6,0
112,4,2,2,37,0
118,4,2,1,44,0
125,4,2,2,43,0
107,4,2,3,15,0
114,4,2,3,11,0
112,4,1,2,46,0
116,4,1,2,35,0
124,4,1,2,29,0
113,4,1,2,29,0
114,4,2,2,21,0
111,4,2,2,36,0
128,4,2,1,9,0
102,3,2,1,24,0
108,3,2,2,56,0
112,4,1,2,40,0
89,2,1,2,15,0
104,3,2,2,25,0
106,4,2,2,23,0
999,9,1,2,5,9
96,3,1,0,23,0
124,4,1,3,27,0
99,2,2,2,48,0
999,9,2,2,5,9
999,9,1,2,5,9
126,4,1,3,9,0
90,2,2,2,7,0
127,4,1,1,26,0
106,4,1,1,10,0
115,4,2,3,51,0
124,4,1,2,51,0
121,4,1,0,56,0
92,2,2,2,9,0
114,4,2,2,23,0
115,4,1,2,39,0
118,4,2,2,34,0
107,3,2,1,51,0
95,2,1,1,27,0
102,3,1,2,28,0
115,4,1,2,56,0
999,9,2,2,0,9
111,4,1,1,59,0
124,4,1,2,25,0
114,4,2,2,15,0
96,3,1,2,10,0
114,4,2,2,44,0
107,3,1,2,46,0
114,4,1,2,32,0
125,4,1, ,34,0
123,4,1,2,53,0
109,3,1,2,39,0
112,4,2,2,6,0
108,4,2,2,8,0
101,3,1,1,48,0
121,4,1,3,37,0
110,4,1,2,54,0
118,4,2,2,36,0
999,9,2,2,4,9
116,4,1,2,41,0
103,3,2,2,17,0
144,4,2,2,54,0
120,4,2,2,54,0
112,4,2,2,15,0
126,4,1,1,51,0
117,4,1,2,24,0
129,4,1,3,44,0
121,4,1,2,6,0
124,4,1,2,45,0
136,4,2,2,24,0
101,3,2,1,47,0
46,1,1,1,13,0
103,3,1,2,24,0
105,3,1,2,31,0
120,4,1,2,34,0
105,3,2,1,38,0
113,4,2,1,42,0
108,3,2,2,42,0
101,3,1,2,13,0
116,4,2,2,22,0
110,4,1,1,31,0
103,3,2,2,54,0
103,3,1,1,37,0
121,4,1,2,52,0
107,3,2,1,34,0
109,4,2,2,16,0
103,3,2,1,44,0
111,4,1,1,10,0
109,4,2,1,11,0
111,4,1,2,47,0
109,3,2,2,32,0
110,4,1,2,56,0
122,4,2,2,49,0
126,4,2,2,58,0
121,4,2,2,34,0
113,4,1,2,53,0
114,4,2,2,41,0
120,4,2,2,58,0
113,4,2,2,51,0
122,4,2,2,59,0
111,4,2,3,42,0
108,3,1,2,49,0
113,4,1,3,42,0
109,3,2,1,29,0
101,3,1,1,43,0
112,4,1,3,7,0
125,4,2,2,45,0
118,4,1,3,43,0
105,4,1,3,13,0
111,4,2,2,23,0
108,3,1,2,41,0
109,3,1,1,38,0
999,9,1,2,2,9
105,3,1,2,57,0
114,4,1,2,23,0
116,4,2,2,29,0
117,4,1,3,13,0
102,3,2,2,14,0
112,4,2,3,14,0
119,4,2,3,23,0
111,4,2,0,56,0
131,4,1,2,56,0
119,4,1,2,22,0
127,4,2,2,43,0
999,9,1,2,5,9
130,4,2,2,16,0
98,2,1,2,32,0
120,4,1,2,53,0
106,4,1,3,11,0
999,9,1,2,1,9
132,4,1, ,57,0
108,4,2,2,18,0
106,4,1,2,12,0
117,4,1,2,30,0
92,2,1,1,14,0
999,9,2,2,5,9
125,4,1,1,58,0
116,4,1,1,32,0
120,4,1,1,45,0
129,4,1,3,27,0
132,4,2, ,25,0
120,4,1, ,53,0
135,4,1,2,57,0
123,4,1,2,31,0
118,4,2,2,38,0
120,4,2,2,39,0
999,9,1,2,4,9
143,4,2,2,27,0
999,9,2,1,3,9
110,4,1,2,14,0
119,4,2,2,46,0
999,9,2,2,5,9
122,4,2,2,8,0
114,4,2,2,54,0
125,4,2,2,21,0
129,4,2,2,12,0
111,4,2,2,10,0
115,4,1,1,27,0
111,4,1,1,27,0
124,4,1,1,55,0
99,3,1,2,7,0
122,4,1,3,40,0
111,4,2,3,19,0
106,4,1,3,13,0
113,4,1,2,35,0
112,4,2,3,30,0
120,4,2,2,45,0
999,9,2,2,2,9
115,4,2,2,18,0
120,4,1,2,52,0
119,4,1,2,24,0
109,4,2,2,6,0
112,4,1,2,31,0
106,3,2,2,39,0
104,3,2,2,9,0
119,4,1,2,46,0
112,4,2,1,39,0
105,3,1,2,24,0
128,4,1,2,48,0
109,3,1,2,50,0
115,4,2,2,32,0
123,4,1,3,25,0
124,4,2,2,30,0
110,4,2,3,10,0
104,3,1,2,6,0
114,4,2,2,17,0
999,9,2,2,1,9
999,9,2,2,1,9
118,4,1,1,36,0
109,4,2,1,8,0
100,3,1,1,27,0
122,4,1,1,37,0
134,4,2,2,56,0
999,9,1,2,1,9
108,4,2,2,23,0
112,4,1,2,16,0
127,4,2,2,24,0
124,4,2,2,23,0
123,4,1,2,22,0
118,4,1,2,32,0
94,2,1,2,11,0
999,9,1,2,2,9
103,3,1,2,44,0
999,9,1,2,0,9
105,3,2,1,44,0
117,4,1,2,54,0
123,4,1,2,29,0
99,3,1,2,9,0
106,4,2,2,8,0
123,4,2,2,53,0
123,4,2,2,47,0
117,4,1,2,36,0
113,4,1,2,20,0
114,4,1,0,52,0
101,3,1,0,30,0
129,4,2,0,6,0
111,4,2,1,18,0
110,4,2,0,10,0
121,4,1,1,57,0
120,4,2,1,51,0
110,4,1,1,12,0
999,9,2,1,0,9
146,4,1, ,54,0
127,4,2,1,8,0
117,4,2,0,24,0
118,4,2,1,20,0
121,4,2,1,19,0
122,4,1, ,58,0
116,4,2,2,23,0
112,4,1,1,36,0
93,2,1,1,21,0
116,4,2,0,18,0
106,3,1,1,57,0
107,4,2,1,9,0
115,4,2,0,46,0
122,4,1,2,33,0
104,3,1,0,17,0
114,4,2,1,53,0
91,2,1,1,23,0
102,3,1,2,52,0
111,4,2,1,48,0
79,2,2,1,14,0
133,4,2,2,26,0
119,4,2,1,26,0
105,3,2,1,54,0
122,4,2,1,9,0
108,3,1,1,46,0
133,4,2,1,7,0
119,4,2,1,29,0
115,4,2,1,30,0
108,3,1,2,59,0
95,3,2,2,16,0
109,4,2,2,23,0
123,4,2,2,25,0
117,4,1,2,45,0
105,3,1,1,46,0
111,4,1,2,9,0
118,4,1,2,44,0
122,4,1,3,45,0
127,4,1, ,32,0
133,4,2,3,40,0
98,3,1,2,17,0
134,4,1,3,58,0
118,4,1,2,27,0
119,4,2,3,39,0
999,9,1,2,5,9
128,4,2,2,35,0
120,4,1,2,10,0
127,4,2,3,18,0
110,4,1,3,50,0
136,4,1,2,31,0
119,4,1,2,7,0
121,4,1,2,43,0
127,4,1,2,43,0
115,4,2,2,49,0
117,4,2,2,55,0
129,4,1,2,43,0
123,4,2,2,14,0
123,4,2, ,35,0
115,4,2,2,58,0
116,4,2,2,44,0
104,3,1,2,24,0
121,4,1,2,45,0
99,3,1,2,7,0
109,3,1,2,44,0
113,4,2,2,13,0
107,3,2,2,58,0
113,4,1,2,8,0
120,4,1,1,59,0
107,4,2,3,11,0
113,4,2,2,42,0
117,4,1,2,27,0
118,4,2,2,38,0
125,4,1,2,56,0
97,2,1,2,42,0
101,3,1,2,15,0
109,3,1,2,41,0
111,4,2,2,35,0
123,4,2,2,39,0
112,4,1,2,11,0
119,4,1,2,33,0
999,9,2,2,4,9
114,4,2,2,40,0
109,3,2,2,24,0
112,4,2,2,45,0
113,4,2,2,8,0
112,4,2,2,58,0
111,4,2,2,34,0
125,4,2,2,59,0
118,4,1,1,42,0
128,4,1,2,46,0
114,4,1,1,28,0
129,4,1,2,59,0
104,3,2,2,11,0
108,3,2,1,33,0
115,4,1,2,55,0
119,4,2,2,46,0
90,2,2,2,45,0
128,4,2,2,36,0
999,9,1,2,4,9
96,3,2,3,11,0
123,4,2,2,42,0
113,4,2,2,33,0
124,4,1,3,35,0
111,4,2,2,36,0
128,4,1,3,57,0
130,4,2,3,39,0
86,2,1,3,29,0
116,4,1,2,29,0
110,4,2,2,45,0
111,4,2,2,44,0
95,3,1,2,17,0
103,3,2,3,8,0
130,4,1,2,7,0
103,3,1,2,18,0
107,3,1, ,52,0
108,4,2,2,22,0
112,4,2,2,45,0
120,4,1,3,40,0
110,4,2,2,9,0
117,4,2,2,29,0
124,4,1,3,31,0
113,4,2,2,11,0
999,9,1,2,2,9
94,2,2,2,18,0
999,9,1,2,2,9
126,4,2,2,40,0
131,4,2,2,56,0
121,4,1,2,51,0
105,4,2,1,14,0
108,3,2,2,36,0
119,4,2,1,42,0
119,4,2,2,31,0
91,2,1,2,12,0
999,9,2,2,24,3
113,4,2,2,7,0
115,4,2,3,53,0
115,4,2,3,50,0
140,4,1,3,27,0
97,2,2,2,29,0
120,4,1,2,8,0
111,4,2,2,18,0
116,4,2,2,51,0
99,2,1,2,51,0
114,4,2,2,50,0
110,4,1,2,26,0
111,4,1,2,32,0
115,4,1,2,54,0
116,4,2,2,39,0
136,4,1,1,51,0
117,4,2,2,45,0
109,3,1,1,47,0
131,4,1,2,47,0
104,3,1,2,32,0
999,9,1,2,4,9
117,4,2,2,30,0
90,2,2,2,9,0
120,4,2,0,34,0
113,4,1,2,47,0
123,4,2,2,41,0
116,4,2,2,59,0
126,4,1,2,32,0
111,4,1,2,9,0
118,4,1,0,14,0
104,3,2,0,57,0
121,4,1,0,57,0
110,4,2,0,26,0
116,4,2,1,46,0
131,4,1,1,9,0
999,9,2,1,2,9
114,4,2,2,54,0
124,4,2,1,28,0
112,4,1,1,47,0
114,4,1,2,49,0
111,4,2,2,30,0
124,4,2,2,11,0
114,4,2,2,39,0
118,4,2,2,36,0
129,4,2,2,42,0
120,4,1,2,24,0
999,9,1,2,4,9
132,4,2,1,52,0
113,4,2,1,22,0
132,4,2,2,32,0
110,4,2,2,8,0
101,3,2,2,35,0
116,4,1,2,24,0
110,4,2,1,31,0
116,4,1,2,34,0
999,9,2,2,0,9
133,4,2, ,40,0
121,4,2,1,42,0
125,4,2,1,35,0
124,4,1,1,43,0
121,4,2,1,55,0
109,3,1,1,26,0
999,9,1,3,46,4
117,4,2,2,39,0
98,3,1,3,6,0
119,4,2,3,49,0
118,4,2,3,58,0
114,4,2,3,38,0
999,9,2,2,5,9
118,4,2,2,39,0
123,4,2,2,58,0
999,9,1,3,19,4
999,9,1,3,10,4
120,4,2,3,33,0
103,3,1,3,28,0
999,9,2,3,5,9
116,4,2,2,35,0
127,4,1,2,25,0
109,3,2,2,28,0
87,2,1,2,14,0
116,4,2,3,58,0
111,4,1,2,52,0
114,4,1,3,32,0
124,4,2,3,28,0
116,4,2,3,24,0
118,4,1,2,59,0
83,2,1,2,11,0
110,4,1,3,50,0
116,4,1,3,31,0
116,4,2,2,27,0
120,4,2,1,57,0
102,3,2,2,54,0
117,4,2,2,54,0
95,3,1,2,7,0
104,3,2,2,12,0
122,4,2,2,50,0
999,9,2,2,5,9
999,9,2,3,6,4
999,9,2,2,9,4
91,2,1,2,10,0
115,4,2,2,49,0
109,4,1,2,9,0
106,3,2,2,42,0
115,4,2,2,57,0
113,4,2,3,19,0
120,4,2,2,55,0
116,4,1,2,24,0
100,3,2,2,47,0
999,9,2,1,49,4
105,3,1,2,29,0
100,3,1,2,13,0
126,4,2,2,29,0
127,4,2,2,47,0
128,4,2,2,39,0
111,4,2, ,43,0
119,4,1,2,34,0
113,4,1,3,35,0
122,4,1,2,36,0
108,3,1,2,33,0
122,4,2,1,36,0
110,4,2,2,22,0
999,9,2,2,2,9
108,3,2,1,41,0
110,4,1,2,13,0
123,4,1,2,52,0
123,4,2,2,36,0
999,9,1,2,0,9
107,3,1,2,39,0
120,4,2,2,37,0
116,4,1,2,39,0
107,3,2,3,46,0
123,4,1,2,50,0
127,4,2,2,57,0
109,4,2,2,22,0
123,4,1,2,40,0
123,4,2,2,19,0
125,4,2,2,53,0
124,4,1,3,48,0
111,4,1,2,46,0
140,4,1,2,42,0
115,4,1,3,23,0
101,3,2,2,37,0
999,9,1,2,5,9
999,9,1,1,3,9
108,4,1,2,6,0
119,4,1,2,51,0
106,4,2,2,16,0
116,4,1,3,12,0
999,9,1,3,4,9
131,4,1,2,54,0
125,4,2,2,28,0
131,4,2,3,30,0
122,4,2,1,52,0
112,4,1,2,39,0
94,2,2,2,8,0
103,3,1, ,56,0
111,4,1,2,20,0
116,4,1,2,54,0
113,4,1,3,26,0
119,4,1,2,18,0
109,3,2,3,37,0
99,3,1,2,12,0
100,3,2,2,54,0
104,3,2,2,44,0
119,4,2,2,40,0
107,4,1,2,14,0
999,9,1,2,0,9
112,4,1,2,32,0
129,4,1,3,58,0
115,4,2,2,41,0
113,4,1,2,56,0
114,4,2,2,56,0
100,3,1,2,20,0
109,3,1,2,37,0
108,4,2,2,6,0
118,4,2,2,40,0
118,4,2,3,53,0
107,3,2,2,27,0
124,4,1,2,59,0
104,3,1,3,36,0
117,4,2,2,38,0
114,4,1,3,29,0
109,3,1,2,53,0
123,4,1,2,52,0
126,4,2,2,26,0
105,3,1,2,46,0
112,4,1,2,35,0
121,4,1,2,31,0
97,3,1,2,7,0
136,4,2,2,35,0
113,4,1,1,52,0
999,9,2,1,4,9
999,9,1,3,17,4
120,4,2, ,47,0
129,4,1,1,53,0
109,4,1,2,6,0
114,4,2,2,49,0
116,4,2,2,51,0
114,4,2,3,31,0
126,4,1,2,33,0
100,3,1,2,29,0
134,4,1,2,59,0
110,4,2,2,14,0
999,9,1,2,31,4
136,4,1,2,59,0
116,4,1,2,51,0
121,4,2,2,46,0
999,9,1,2,2,9
119,4,2,2,37,0
106,4,1,3,6,0
118,4,1,3,27,0
105,3,1,2,42,0
103,3,1,2,24,0
124,4,1,2,45,0
119,4,2,2,13,0
120,4,1,2,49,0
121,4,1,2,35,0
132,4,1,2,55,0
120,4,1,3,35,0
102,3,2,1,21,0
114,4,1,3,39,0
128,4,1,2,41,0
121,4,2,2,13,0
129,4,2,2,21,0
116,4,2,2,40,0
98,3,2,2,7,0
115,4,1,2,32,0
109,3,2,2,52,0
96,3,2,2,6,0
107,3,1,2,59,0
95,3,1,3,14,0
108,4,2,2,10,0
106,4,2,2,10,0
112,4,1,2,42,0
108,4,2,2,23,0
108,4,2,2,13,0
130,4,1,2,57,0
121,4,2,3,24,0
119,4,1,2,43,0
126,4,1,3,54,0
131,4,1,2,54,0
121,4,1,2,36,0
999,9,2,2,2,9
121,4,1,2,48,0
111,4,2,2,15,0
127,4,2,3,22,0
111,4,1,1,42,0
131,4,1,2,24,0
115,4,1,2,41,0
999,9,1,2,3,9
124,4,1,3,24,0
120,4,1,3,40,0
123,4,2,3,29,0
122,4,1,3,16,0
104,3,2,2,17,0
116,4,1,3,38,0
999,9,1,2,24,4
97,3,1,2,22,0
113,4,1,1,41,0
130,4,2,2,55,0
98,3,2,1,11,0
109,3,2,3,26,0
126,4,2,2,42,0
114,4,2,2,21,0
126,4,1,2,15,0
101,3,2,1,28,0
122,4,1,2,31,0
124,4,1,1,55,0
115,4,2,1,30,0
111,4,2,2,42,0
120,4,2,2,45,0
84,2,1,2,15,0
120,4,1,2,27,0
999,9,1,2,5,9
112,4,2,2,44,0
106,4,1,2,9,0
122,4,1,2,28,0
999,9,1,2,1,9
123,4,2,1,39,0
113,4,2,2,37,0
116,4,1,2,24,0
117,4,2,3,8,0
105,4,1,2,6,0
119,4,1,2,20,0
107,4,2,2,9,0
118,4,2,2,30,0
118,4,1,2,16,0
118,4,2,2,45,0
111,4,2,2,21,0
124,4,2,2,41,0
107,4,2,2,10,0
106,4,1,2,21,0
115,4,1,2,58,0
116,4,2,1,59,0
119,4,2,3,54,0
120,4,2,2,42,0
118,4,2,2,20,0
111,4,1,2,49,0
118,4,1,2,19,0
118,4,1,2,57,0
999,9,2,2,3,9
110,4,1,2,49,0
104,3,1,2,36,0
118,4,1,2,27,0
128,4,1,2,55,0
999,9,2,2,5,9
999,9,1,1,4,9
115,4,1,2,30,0
999,9,1,2,4,9
118,4,2,2,25,0
108,4,1,2,21,0
107,3,1,2,50,0
115,4,1,2,39,0
999,9,1,2,3,9
126,4,2,2,39,0
124,4,2,2,39,0
121,4,2,2,50,0
118,4,2, ,36,0
105,4,2,2,20,0
115,4,2,2,23,0
107,4,2,2,8,0
999,9,1,2,5,9
97,2,1,2,25,0
108,3,1,2,26,0
106,3,2,2,46,0
84,2,1,3,9,0
999,9,1,3,4,9
999,9,1,2,4,9
114,4,2,2,14,0
122,4,1,2,51,0
121,4,2,3,32,0
95,2,2,3,38,0
107,3,2,2,48,0
111,4,1,2,58,0
118,4,2,3,58,0
105,3,2,2,28,0
94,2,2,2,24,0
108,4,2,3,7,0
113,4,1,2,15,0
111,4,1,2,11,0
120,4,1,3,36,0
108,3,2,2,27,0
999,9,1,2,4,9
116,4,1,3,44,0
120,4,1,2,56,0
110,4,1,2,32,0
126,4,1,2,6,0
122,4,2,2,10,0
109,4,1,2,8,0
134,4,1,2,50,0
120,4,2,3,24,0
103,3,1,3,51,0
108,3,1,2,58,0
114,4,2,2,50,0
999,9,1,3,5,9
115,4,1,3,35,0
122,4,1,3,43,0
120,4,2,2,26,0
113,4,2,3,24,0
999,9,1,2,3,9
114,4,2,2,33,0
108,3,1,2,24,0
117,4,1,2,37,0
120,4,2,3,39,0
999,9,1,3,1,9
102,3,1,2,9,0
113,4,2,2,12,0
122,4,1,3,39,0
118,4,1,2,56,0
128,4,2,2,53,0
115,4,2,2,13,0
143,4,2,3,48,0
126,4,1,2,43,0
132,4,2,2,44,0
112,4,1,2,41,0
129,4,2,2,12,0
115,4,2,3,13,0
118,4,2,2,14,0
132,4,1,2,38,0
103,3,1,2,16,0
119,4,2,1,44,0
115,4,2,2,40,0
120,4,2,2,54,0
118,4,1,3,54,0
121,4,1,1,46,0
999,9,2,2,5,9
99,3,1,2,7,0
110,4,2,2,18,0
105,3,2,2,47,0
110,4,1,2,13,0
107,4,1,2,17,0
120,4,2,2,21,0
106,3,1,2,47,0
114,4,2,2,18,0
115,4,1,2,43,0
121,4,1,2,38,0
100,3,2,2,8,0
110,4,2,2,21,0
102,3,1,2,14,0
118,4,2,2,40,0
126,4,1,2,53,0
106,4,2,2,8,0
122,4,1,3,30,0
103,3,1,3,7,0
115,4,2,3,13,0
104,3,1,2,12,0
119,4,2,2,38,0
128,4,1,2,38,0
115,4,1,2,50,0
109,3,2,2,28,0
112,4,2,2,23,0
111,4,1,2,45,0
112,4,1,2,45,0
116,4,2,2,40,0
112,4,1,2,40,0
126,4,1,2,51,0
112,4,2,1,49,0
100,3,1,1,10,0
118,4,1,2,39,0
99,3,1,2,22,0
117,4,1,2,51,0
108,4,2,2,7,0
109,3,2,2,34,0
108,3,2,2,30,0
114,4,2,2,39,0
114,4,2,2,46,0
121,4,1, ,53,0
120,4,2,2,29,0
79,2,2,2,11,0
128,4,2,1,50,0
115,4,1,1,23,0
115,4,2,2,55,0
113,4,2,2,14,0
109,3,2,1,55,0
113,4,1,1,35,0
99,3,2,1,22,0
113,4,2,2,55,0
108,3,1,2,38,0
101,3,1,1,53,0
95,2,1,2,28,0
999,9,1,2,1,9
999,9,2,1,4,9
105,4,1,2,6,0
118,4,1,2,53,0
111,4,2,2,18,0
121,4,2,2,36,0
106,4,1,2,22,0
117,4,1,1,50,0
107,3,2,1,31,0
92,2,2,1,10,0
100,3,2,2,35,0
117,4,2,3,42,0
110,4,1,2,31,0
88,2,2,2,18,0
118,4,2,1,54,0
116,4,1,2,25,0
110,4,2,2,10,0
93,2,1,2,9,0
112,4,2,1,55,0
113,4,1,1,50,0
127,4,2,1,53,0
104,3,1,2,30,0
116,4,2,1,57,0
119,4,2,2,21,0
120,4,2,2,46,0
117,4,2,2,57,0
103,3,1,2,26,0
123,4,1,2,45,0
117,4,2,2,58,0
125,4,2,2,58,0
110,4,2,2,39,0
105,3,2,2,29,0
127,4,1,2,32,0
109,3,1,3,46,0
116,4,2,2,15,0
105,4,2,2,16,0
105,3,2,1,42,0
118,4,2,1,57,0
128,4,1,2,30,0
102,3,2,3,6,0
130,4,1,2,48,0
112,4,2,1,34,0
999,9,2,2,5,9
110,4,1,2,42,0
120,4,1,3,32,0
110,4,2,3,8,0
120,4,1,3,40,0
94,2,1,1,30,0
127,4,2,3,49,0
122,4,1,2,40,0
114,4,1,2,30,0
999,9,1,2,3,9
117,4,2,2,42,0
99,3,1,2,20,0
123,4,2,2,39,0
126,4,1,2,51,0
111,4,2,2,50,0
108,3,2,2,28,0
138,4,1,2,44,0
102,3,1,3,38,0
96,2,2,2,56,0
105,4,2,2,17,0
112,4,2,2,51,0
106,4,1,2,18,0
105,3,2, ,49,0
94,2,1,2,15,0
96,3,2,2,22,0
120,4,1,2,18,0
120,4,2,2,47,0
122,4,1,2,21,0
103,3,1,2,43,0
120,4,1,2,50,0
115,4,1,2,6,0
120,4,1,2,50,0
110,4,1,2,50,0
105,4,2,2,7,0
110,4,1,1,46,0
115,4,1,2,44,0
110,4,1,2,16,0
114,4,2,2,43,0
96,3,1,2,19,0
116,4,1,2,45,0
116,4,2,2,29,0
108,3,1,1,27,0
109,3,1,3,38,0
96,3,1,3,7,0
98,2,1,2,42,0
100,3,1, ,6,0
94,2,1, ,35,0
111,4,2,2,45,0
123,4,1, ,39,0
113,4,2,2,53,0
103,3,2,1,33,0
111,4,1,2,34,0
96,2,1,2,40,0
99,2,1,1,55,0
118,4,2,2,37,0
999,9,2,2,3,9
999,9,1,2,2,9
114,4,2, ,38,0
999,9,2,3,1,9
117,4,1,2,59,0
110,4,1,2,49,0
101,3,1,2,12,0
117,4,2,1,41,0
112,4,2,2,55,0
121,4,1,2,16,0
102,3,1,2,36,0
110,4,2,2,52,0
98,2,1, ,43,0
110,4,2, ,56,0
129,4,1,2,38,0
114,4,2,2,51,0
116,4,1,2,32,0
94,2,2,2,47,0
109,3,2,2,47,0
94,2,2,2,6,0
125,4,2,2,48,0
117,4,1,2,52,0
103,3,2,2,24,0
111,4,1,2,24,0
999,9,1,2,2,9
107,3,1,2,28,0
109,4,1,2,23,0
98,2,2,2,29,0
103,3,2,1,25,0
116,4,2,2,50,0
112,4,2,2,33,0
105,4,2,2,19,0
111,4,2,1,14,0
103,3,1,2,47,0
109,4,2,1,14,0
111,4,1,2,58,0
115,4,1,2,43,0
115,4,2, ,24,0
121,4,2,2,48,0
123,4,2,2,13,0
98,3,1,2,18,0
106,4,1,2,7,0
100,3,2,1,44,0
999,9,1,1,2,9
114,4,2,1,28,0
103,3,2,2,20,0
101,3,1,2,18,0
104,3,1,1,50,0
111,4,2,1,12,0
126,4,2,2,51,0
134,4,1,2,25,0
94,2,1,2,41,0
94,2,2,2,19,0
999,9,2,1,1,9
117,4,2,2,49,0
97,3,1,2,20,0
102,3,2,2,47,0
111,4,1,2,25,0
102,3,2,1,15,0
111,4,2, ,50,0
114,4,1, ,20,0
97,2,2,2,38,0
100,3,2,2,20,0
100,3,1,0,28,0
111,4,2,0,48,0
115,4,1,0,26,0
103,3,1,2,44,0
98,3,2,2,22,0
118,4,2,1,54,0
108,3,2,1,26,0
999,9,1,1,5,9
112,4,2,1,24,0
999,9,2,2,2,9
96,2,1,2,55,0
107,3,1,2,33,0
106,3,2,1,44,0
102,3,1,2,13,0
110,4,1,1,44,0
94,2,2,0,51,0
97,2,1,2,30,0
96,3,1,2,8,0
114,4,2,2,35,0
100,3,2,2,30,0
104,3,2,1,42,0
118,4,1, ,57,0
123,4,2,3,53,0
119,4,1,2,54,0
120,4,2,2,18,0
108,3,2,2,44,0
94,2,2,2,17,0
92,2,1,2,19,0
111,4,1,3,41,0
116,4,1,2,54,0
101,3,1,3,11,0
119,4,1,2,12,0
999,9,2,2,4,9
100,3,1,2,35,0
108,3,1,2,45,0
112,4,2,2,29,0
999,9,1,2,5,9
71,2,1,2,11,0
118,4,1,1,29,0
999,9,2,1,5,9
119,4,2,2,43,0
109,4,2,2,20,0
116,4,1,2,46,0
125,4,2,2,36,0
100,3,1,3,45,0
125,4,2,2,59,0
999,9,2,2,41,4
108,3,2,1,50,0
999,9,1,2,5,9
121,4,1,3,17,0
103,3,2,3,27,0
122,4,2,2,13,0
126,4,2,2,56,0
999,9,2,2,5,9
134,4,1,2,58,0
117,4,1,2,22,0
135,4,1,2,38,0
110,4,1,2,23,0
114,4,1,2,56,0
110,4,1,2,55,0
106,4,1,3,8,0
123,4,1,2,50,0
113,4,1,2,50,0
109,3,1,2,46,0
107,3,2,2,35,0
102,3,2,2,28,0
109,3,1,2,25,0
122,4,2,2,23,0
108,3,2,2,25,0
999,9,2,2,3,9
106,4,1,2,9,0
116,4,1,2,12,0
105,3,2,2,31,0
127,4,1,2,57,0
109,4,1,2,19,0
113,4,1,2,35,0
999,9,1,2,2,9
110,4,1,2,36,0
118,4,1,2,42,0
121,4,2,2,52,0
114,4,2,2,42,0
119,4,2,2,10,0
108,4,1,2,14,0
91,2,2,1,8,0
108,3,2,1,27,0
89,2,1,2,53,0
999,9,2,2,2,9
99,2,1,1,46,0
115,4,2,2,17,0
122,4,2,2,54,0
116,4,2,2,42,0
108,3,1,2,47,0
123,4,1,2,52,0
111,4,1,2,25,0
120,4,2,2,36,0
97,3,1,2,12,0
114,4,1,2,40,0
89,2,1,3,11,0
101,3,2,2,18,0
999,9,1,2,6,4
111,4,1,2,21,0
118,4,1,2,26,0
115,4,1,3,39,0
122,4,2,2,51,0
107,3,2,2,30,0
115,4,2,2,48,0
114,4,2,2,32,0
110,4,2,1,47,0
112,4,1,1,32,0
97,2,1,3,42,0
86,2,2,2,9,0
112,4,1,2,57,0
121,4,2,2,31,0
106,4,1,2,23,0
123,4,2,2,44,0
124,4,1,2,40,0
113,4,2,2,15,0
118,4,2,2,32,0
112,4,1,2,19,0
86,2,2,2,21,0
104,3,2,2,58,0
113,4,1,2,38,0
110,4,2,2,34,0
127,4,2,2,20,0
124,4,2,2,37,0
110,4,2,2,57,0
999,9,1,2,0,9
101,3,1,2,31,0
101,3,1,2,21,0
113,4,2,2,33,0
101,3,1,2,11,0
109,3,1,2,39,0
119,4,2,2,50,0
95,3,2,2,11,0
109,3,1,2,35,0
107,3,2,2,46,0
122,4,2,2,27,0
121,4,2,2,59,0
999,9,1,2,3,9
123,4,1,1,35,0
106,4,2,1,18,0
136,4,2,1,40,0
121,4,2,1,24,0
111,4,2,1,50,0
116,4,2,1,27,0
103,3,1,2,28,0
118,4,2,2,41,0
113,4,1,2,52,0
106,3,2,2,24,0
93,2,2,1,48,0
117,4,2,2,46,0
115,4,2,1,54,0
107,3,1,3,51,0
109,3,1,3,33,0
129,4,1,3,57,0
121,4,1,3,28,0
999,9,1,3,0,9
94,2,1,2,17,0
104,3,1,2,9,0
128,4,2,3,58,0
112,4,2,3,44,0
90,2,1,3,16,0
99,3,1,3,21,0
119,4,2,1,39,0
999,9,2,2,5,9
112,4,1,2,45,0
104,3,1,2,6,0
104,3,1,2,29,0
119,4,1,3,29,0
106,4,1,2,8,0
110,4,2,3,24,0
109,3,2,2,53,0
136,4,2,2,57,0
106,3,1,2,41,0
110,4,2,3,18,0
96,3,1,2,11,0
85,2,1,3,14,0
111,4,2,1,50,0
107,3,1,3,38,0
111,4,1,2,52,0
116,4,2,2,45,0
126,4,2,2,51,0
81,2,1,2,18,0
127,4,2,2,23,0
129,4,2,2,46,0
114,4,1,2,56,0
999,9,1,2,4,9
107,4,2,2,10,0
92,2,2,2,27,0
105,4,1,3,12,0
128,4,1,2,27,0
125,4,1,2,59,0
78,2,1,2,16,0
125,4,1,2,24,0
107,4,1,3,12,0
999,9,1,2,4,9
110,4,2,2,34,0
127,4,1,3,30,0
124,4,1,2,45,0
124,4,1,2,58,0
126,4,1,2,52,0
122,4,1,2,46,0
114,4,1,2,27,0
113,4,1,2,37,0
123,4,2,3,45,0
117,4,1,2,28,0
120,4,2,3,58,0
124,4,1,2,36,0
121,4,2,3,44,0
115,4,1,2,44,0
999,9,2,2,3,9
115,4,2,2,43,0
121,4,2,2,28,0
127,4,2,2,23,0
125,4,2,2,40,0
105,4,1,2,14,0
121,4,1,3,42,0
117,4,2,3,51,0
111,4,1,3,42,0
120,4,1,2,24,0
117,4,1,2,16,0
125,4,1,3,54,0
131,4,1,3,28,0
119,4,2,2,29,0
110,4,2, ,58,0
107,3,1,3,58,0
106,4,1,3,23,0
131,4,2,2,33,0
120,4,1,2,25,0
93,2,2,2,31,0
114,4,2,2,11,0
116,4,2,2,52,0
114,4,2,2,32,0
102,3,2,1,56,0
103,3,1,1,25,0
125,4,1,2,44,0
117,4,2,2,15,0
999,9,2,2,3,9
119,4,2,3,26,0
102,3,2,2,25,0
109,4,2,2,18,0
999,9,1,2,28,4
999,9,1,2,19,4
111,4,2,2,45,0
113,4,1,2,56,0
999,9,1,2,3,9
89,2,2,2,16,0
94,2,2, ,34,0
89,2,1,2,14,0
102,3,1,2,23,0
120,4,1,2,49,0
108,3,1,2,36,0
103,3,2,2,26,0
127,4,2, ,48,0
102,3,2,1,16,0
110,4,1, ,26,0
103,3,1,3,9,0
99,3,1,3,19,0
127,4,2,2,39,0
109,3,1,3,36,0
113,4,2,2,44,0
113,4,2,1,57,0
109,3,1,1,32,0
114,4,1,2,51,0
121,4,1,1,42,0
104,3,1,2,54,0
124,4,1,2,54,0
129,4,1,2,50,0
108,4,1,2,11,0
132,4,1,2,58,0
120,4,2,2,26,0
85,2,1,2,11,0
106,4,1,3,20,0
111,4,2,2,45,0
124,4,2,2,27,0
123,4,1,2,36,0
131,4,2,2,38,0
131,4,1,2,33,0
97,2,1,2,32,0
116,4,2,2,26,0
117,4,2,3,54,0
109,3,1,3,30,0
114,4,1,2,44,0
116,4,2,2,32,0
114,4,2,2,38,0
124,4,2,2,57,0
115,4,2,2,44,0
122,4,1,2,21,0
106,4,1,2,8,0
118,4,2,2,22,0
112,4,1, ,50,0
999,9,2,1,5,9
102,3,1,2,25,0
105,3,1,2,57,0
109,3,2,3,48,0
115,4,1,3,21,0
106,4,1,2,21,0
107,4,2,3,15,0
91,2,2,2,18,0
119,4,1,2,18,0
105,4,2,2,18,0
117,4,2,1,53,0
103,3,2,2,42,0
119,4,1,2,25,0
109,3,1,2,26,0
999,9,2,2,16,4
118,4,2,2,17,0
121,4,1,2,41,0
96,2,1,2,25,0
139,4,2,2,50,0
106,3,1,2,32,0
109,3,2,3,52,0
110,4,2,3,24,0
116,4,1,2,33,0
108,3,2,2,44,0
109,3,1,2,32,0
110,4,2,1,43,0
125,4,1,2,27,0
106,4,2,2,23,0
105,3,2,2,34,0
118,4,1,3,39,0
124,4,1,2,29,0
137,4,2,2,54,0
91,2,1,3,11,0
110,4,1,2,35,0
107,3,1,2,57,0
110,4,2,2,27,0
117,4,2,1,46,0
116,4,2,2,24,0
123,4,2,2,33,0
111,4,1,2,30,0
108,3,1,2,43,0
103,3,2,2,40,0
106,3,1,1,52,0
115,4,2,2,35,0
116,4,1,2,53,0
114,4,2,3,11,0
109,4,1,2,9,0
134,4,2,1,48,0
100,3,2,1,12,0
106,3,1,1,52,0
103,3,1,0,44,0
101,3,1,1,51,0
126,4,2,1,10,0
109,4,1,2,18,0
101,3,1,2,59,0
120,4,1, ,33,0
103,3,1,1,38,0
116,4,2,2,15,0
110,4,1,1,42,0
115,4,1,2,21,0
124,4,2,1,48,0
133,4,1,2,55,0
122,4,1,2,26,0
101,3,2,1,10,0
110,4,2,3,54,0
93,2,1,3,10,0
113,4,1,2,28,0
108,4,2,2,23,0
127,4,1,3,58,0
102,3,2,3,16,0
125,4,1,2,46,0
136,4,1,3,57,0
120,4,2,2,42,0
115,4,2,3,44,0
105,4,1,2,11,0
131,4,2,2,21,0
104,3,1,3,30,0
116,4,2,2,43,0
114,4,2,1,11,0
113,4,2,3,43,0
96,2,1,3,29,0
123,4,1,3,58,0
115,4,2,2,10,0
999,9,1,2,2,9
111,4,2,3,41,0
114,4,1,2,44,0
107,4,1,2,13,0
105,3,2,2,24,0
999,9,1,2,3,9
123,4,1,2,31,0
126,4,1,2,36,0
91,2,2,2,18,0
106,3,1,2,24,0
106,4,1, ,20,0
106,3,2,3,42,0
101,3,2,3,10,0
111,4,1,3,7,0
129,4,1,3,45,0
131,4,1,2,45,0
113,4,2,3,53,0
127,4,1,1,12,0
999,9,2,2,3,9
111,4,2,2,7,0
105,4,2,2,8,0
100,3,1,2,25,0
104,3,1,2,24,0
118,4,2,1,56,0
117,4,2,1,42,0
129,4,2,3,56,0
103,3,1,1,32,0
120,4,2,2,8,0
128,4,2,2,43,0
999,9,2,2,3,9
114,4,2,1,26,0
108,4,1,1,9,0
999,9,2,2,5,9
115,4,2, ,27,0
103,3,1,2,43,0
119,4,2,2,59,0
113,4,2,3,29,0
128,4,1, ,54,0
88,2,1,2,6,0
999,9,1,3,3,9
89,2,2,2,21,0
114,4,2,2,39,0
115,4,2,2,35,0
111,4,2,1,40,0
117,4,2,2,27,0
112,4,1,2,57,0
125,4,1,2,9,0
106,3,2,2,27,0
118,4,2,2,39,0
107,4,2,2,7,0
114,4,2,2,43,0
999,9,2,2,3,9
999,9,1,2,0,9
124,4,2,0,39,0
125,4,2,2,47,0
110,4,1,2,34,0
107,3,1,2,39,0
110,4,2,2,42,0
112,4,2,2,11,0
110,4,1,2,6,0
115,4,1,2,28,0
115,4,1,2,58,0
117,4,2,2,8,0
128,4,1,2,58,0
123,4,1,1,47,0
999,9,1,2,5,9
117,4,1,2,35,0
100,3,2,2,9,0
111,4,1,2,43,0
118,4,1,1,50,0
111,4,1,2,43,0
123,4,2,2,19,0
117,4,2,2,23,0
110,4,1,2,49,0
109,4,1,2,9,0
127,4,2,2,27,0
95,3,1,2,9,0
109,4,2,2,14,0
121,4,2,2,27,0
108,4,1,2,6,0
120,4,1,1,27,0
101,3,1,3,12,0
116,4,2,2,42,0
115,4,1,1,40,0
109,3,2,3,24,0
123,4,2,1,56,0
119,4,1,2,28,0
107,4,1,2,16,0
106,4,2,2,11,0
124,4,2,2,17,0
118,4,2,2,17,0
109,4,1,2,23,0
121,4,2,2,56,0
999,9,2,2,3,9
112,4,1,3,59,0
94,2,1,3,10,0
121,4,2,1,49,0
119,4,2,2,31,0
111,4,1,2,43,0
999,9,2,2,2,9
124,4,1,1,48,0
111,4,1,1,21,0
125,4,1,3,16,0
107,4,1,2,13,0
123,4,2,2,19,0
105,3,2,2,28,0
108,3,1,1,40,0
108,3,1,2,43,0
103,3,2,2,31,0
999,9,2,2,1,9
108,3,2, ,57,0
121,4,2,1,43,0
107,4,2,1,13,0
115,4,1,1,20,0
112,4,1,1,30,0
105,3,2,3,25,0
129,4,2,3,23,0
116,4,1,3,26,0
115,4,2,2,24,0
110,4,2,2,27,0
92,2,1,2,41,0
114,4,1,2,44,0
115,4,2,2,48,0
106,3,2,3,46,0
122,4,1,2,44,0
113,4,2,1,46,0
106,3,2,1,24,0
118,4,2,2,56,0
109,3,1,3,38,0
106,4,2,2,14,0
126,4,2,2,41,0
92,2,1,2,12,0
91,2,2,2,19,0
131,4,2,2,49,0
111,4,1,2,23,0
104,3,1,2,53,0
109,3,2,2,27,0
106,3,1,2,46,0
97,3,2,2,10,0
102,3,1,3,18,0
107,3,2,1,49,0
119,4,1,2,46,0
109,3,1,3,30,0
999,9,1,2,4,9
94,2,1, ,35,0
999,9,1,3,4,9
115,4,1,3,47,0
100,3,1,3,31,0
999,9,2,2,51,4
999,9,1,2,3,9
91,2,2,2,19,0
115,4,1,1,56,0
118,4,1,1,28,0
107,3,2,2,53,0
105,3,2,2,34,0
122,4,2,2,45,0
110,4,2,1,45,0
111,4,2,1,21,0
113,4,2,2,24,0
113,4,1,2,44,0
110,4,1,2,50,0
107,4,1,2,20,0
94,2,2,2,8,0
110,4,1,2,16,0
118,4,2,2,56,0
999,9,1,2,5,9
116,4,1,2,16,0
120,4,1,2,40,0
119,4,1,2,42,0
117,4,2,2,43,0
117,4,2,2,49,0
121,4,2,2,50,0
115,4,1,3,26,0
109,3,1,2,43,0
104,3,1,2,49,0
999,9,1,1,3,9
109,3,1,2,31,0
999,9,2,2,48,4
128,4,1,1,58,0
100,3,1,2,40,0
88,2,1,1,22,0
999,9,1,2,3,9
999,9,1,2,54,4
109,3,1,2,57,0
111,4,2,2,21,0
115,4,2,2,8,0
123,4,1,1,31,0
104,3,2,2,8,0
83,2,2,2,17,0
125,4,2,2,58,0
104,3,2,1,54,0
109,3,1,2,50,0
121,4,2,2,24,0
999,9,1,1,2,9
110,4,2,2,29,0
118,4,1,1,49,0
93,2,1,1,25,0
66,1,2,1,11,0
124,4,1,2,41,0
114,4,2,1,39,0
120,4,2,2,34,0
121,4,2,3,42,0
116,4,1,2,23,0
120,4,2,2,30,0
121,4,1,2,43,0
121,4,1,2,58,0
98,2,1,2,27,0
999,9,1,3,26,4
112,4,1,2,51,0
102,3,1,2,6,0
108,4,2,2,23,0
128,4,1,2,52,0
113,4,1,3,55,0
122,4,2,1,47,0
120,4,1,1,44,0
126,4,2,3,31,0
116,4,2,2,36,0
125,4,2,2,46,0
112,4,1,3,36,0
112,4,2,2,32,0
121,4,2,3,50,0
123,4,2,2,45,0
119,4,1,2,19,0
115,4,1,2,7,0
103,3,2,2,41,0
123,4,2,2,44,0
102,3,2,2,13,0
107,3,1,2,46,0
102,3,2,2,8,0
999,9,1,3,26,4
130,4,2,2,41,0
109,3,1,2,58,0
109,4,1,3,16,0
124,4,2,2,10,0
108,3,1,2,29,0
129,4,2, ,43,0
117,4,1,2,26,0
119,4,1,2,26,0
86,2,1,2,15,0
116,4,2,2,9,0
109,3,2,1,35,0
129,4,1,3,18,0
105,4,1,2,23,0
121,4,1,3,20,0
111,4,1,2,44,0
92,2,1,2,13,0
103,3,1,2,37,0
113,4,1,2,47,0
109,3,1,2,52,0
110,4,1,2,51,0
117,4,2,2,33,0
105,3,1,1,35,0
111,4,1,1,36,0
103,3,2,1,6,0
120,4,2,2,19,0
117,4,1,2,34,0
119,4,1,2,46,0
87,2,2,2,18,0
114,4,2,2,29,0
124,4,1,2,46,0
106,3,1,2,38,0
122,4,2,3,42,0
114,4,1,3,27,0
110,4,1, ,43,0
129,4,1,2,53,0
121,4,1,3,18,0
90,2,1,2,7,0
95,3,2,2,8,0
128,4,1,1,54,0
109,3,2,1,31,0
125,4,2,1,57,0
126,4,2,2,54,0
96,3,1,2,6,0
126,4,1,2,38,0
111,4,1,2,58,0
86,2,1,2,11,0
109,3,1,2,47,0
105,4,1,2,9,0
123,4,1,2,54,0
104,3,1,1,31,0
106,3,2,3,30,0
113,4,1,1,49,0
106,4,1,2,10,0
110,4,1,1,26,0
126,4,2,1,49,0
999,9,2,2,3,9
107,4,1,2,19,0
128,4,2,2,30,0
98,2,1,3,34,0
118,4,2,2,29,0
103,3,1,2,33,0
105,3,2,1,29,0
102,3,1,1,49,0
110,4,2,2,50,0
111,4,2,2,55,0
112,4,1,2,21,0
100,3,2,0,53,0
118,4,1,1,29,0
108,3,2,2,33,0
115,4,2,2,25,0
999,9,2,2,5,9
108,3,1,2,32,0
99,2,2,1,28,0
114,4,1,2,19,0
112,4,2,1,57,0
122,4,2,1,25,0
120,4,2,2,43,0
112,4,1,2,24,0
126,4,1,2,54,0
118,4,1,2,28,0
113,4,2,2,25,0
96,2,1,2,45,0
112,4,2,1,59,0
109,3,1,2,45,0
999,9,1,3,3,9
101,3,1,2,29,0
118,4,1,2,45,0
93,2,2,2,17,0
114,4,2,2,56,0
116,4,2,2,25,0
112,4,1,2,10,0
108,3,2,1,52,0
116,4,2,1,31,0
100,3,2,1,8,0
84,2,2,2,23,0
108,4,2,2,13,0
999,9,1,2,2,9
111,4,1,2,41,0
114,4,1,2,17,0
129,4,2,2,36,0
116,4,2,2,6,0
86,2,1,1,31,0
100,3,1,2,47,0
112,4,2,2,14,0
106,4,2,1,19,0
86,2,1,1,13,0
117,4,1,1,19,0
118,4,2,1,37,0
999,9,2,1,5,9
108,3,1,1,49,0
119,4,2,2,29,0
999,9,1,1,0,9
86,2,1,2,11,0
121,4,2,2,55,0
122,4,2,3,48,0
999,9,2,3,5,9
131,4,2,3,36,0
108,4,1,3,17,0
999,9,1,2,3,9
999,9,2,3,38,4
110,4,1,2,43,0
122,4,1,3,44,0
124,4,2,3,49,0
118,4,2,3,44,0
121,4,2,3,45,0
122,4,1,2,31,0
124,4,2,3,48,0
110,4,1,2,58,0
999,9,1,2,2,9
126,4,2,3,48,0
999,9,2,2,22,4
130,4,1,2,24,0
999,9,1,2,35,4
111,4,2,2,55,0
104,3,2,2,15,0
999,9,2,2,28,4
77,2,1,2,14,0
116,4,1,2,25,0
120,4,2,2,50,0
105,4,1,2,8,0
121,4,2,2,36,0
123,4,2,2,44,0
105,3,1,2,49,0
116,4,2,2,10,0
118,4,1,2,25,0
129,4,1,2,37,0
999,9,2,2,3,9
126,4,1,3,27,0
133,4,1,3,7,0
999,9,1,3,21,4
118,4,2,2,51,0
136,4,1,3,55,0
116,4,2,3,58,0
93,2,2,2,8,0
118,4,2,2,28,0
106,3,1,2,53,0
999,9,1,2,51,4
999,9,2,2,19,4
140,4,2,2,54,0
82,2,2,2,17,0
98,3,2,2,16,0
113,4,2,1,43,0
107,4,1,2,12,0
112,4,2,2,41,0
112,4,2,2,7,0
106,4,1,2,12,0
128,4,2,2,25,0
126,4,1,2,46,0
108,3,1,2,34,0
98,3,2,2,13,0
105,3,2,2,36,0
130,4,1,2,28,0
122,4,1,2,34,0
121,4,2,3,18,0
105,4,1,3,16,0
121,4,2,2,38,0
116,4,1,2,37,0
95,3,1,2,13,0
116,4,1,2,23,0
999,9,1,2,1,9
106,3,2,2,25,0
134,4,2,3,26,0
120,4,2,2,54,0
127,4,2,2,25,0
123,4,1,1,9,0
999,9,2,3,4,9
121,4,2, ,51,0
119,4,2,2,53,0
118,4,2,1,46,0
108,3,1,2,34,0
104,3,1,3,13,0
103,3,2,2,11,0
126,4,1,2,57,0
111,4,1,2,25,0
105,4,2,1,11,0
135,4,1,1,6,0
113,4,2,2,43,0
125,4,1,2,58,0
110,4,1,2,10,0
111,4,1,2,36,0
96,2,1,3,26,0
114,4,2,2,29,0
87,2,2,3,9,0
130,4,1,3,55,0
999,9,2,3,4,9
113,4,1,3,50,0
63,1,1,1,10,0
101,3,1,2,16,0
104,3,1,2,53,0
999,9,1,2,4,9
124,4,1,3,16,0
123,4,1,2,15,0
132,4,2,3,55,0
111,4,2,2,8,0
133,4,2,3,50,0
117,4,1,2,44,0
112,4,2,2,24,0
113,4,1,2,20,0
119,4,1,2,53,0
109,3,1,3,52,0
116,4,1,2,17,0
127,4,1,3,46,0
119,4,1,3,17,0
101,3,2,3,39,0
999,9,2,3,4,9
113,4,2,3,45,0
104,3,2,2,26,0
110,4,2,2,35,0
115,4,1,2,56,0
104,3,1,2,29,0
115,4,1, ,40,0
114,4,1,2,54,0
137,4,1,3,45,0
93,2,1,2,19,0
124,4,1,2,33,0
128,4,2,2,34,0
122,4,2,2,43,0
122,4,1,3,28,0
999,9,2,3,3,9
104,3,2,2,26,0
116,4,2,2,33,0
121,4,1,3,50,0
121,4,1,2,34,0
119,4,1,2,45,0
110,4,2,2,19,0
128,4,2,2,46,0
130,4,2,2,46,0
107,4,2,2,20,0
122,4,1,2,50,0
121,4,2,2,26,0
108,3,2,2,55,0
112,4,1,2,41,0
112,4,1,3,50,0
100,3,1,3,27,0
123,4,2,2,44,0
114,4,2,1,58,0
100,3,2,2,7,0
115,4,1,2,27,0
88,2,1,2,34,0
113,4,2,2,22,0
999,9,2,3,51,3
117,4,1,2,50,0
119,4,2,2,28,0
119,4,2,2,16,0
110,4,2,2,44,0
118,4,1,3,43,0
115,4,1,2,53,0
107,3,1,2,40,0
123,4,2,2,55,0
127,4,2,2,36,0
92,2,1,2,36,0
110,4,1, ,55,0
111,4,1,3,29,0
97,2,2,3,46,0
94,2,2,2,45,0
115,4,2,2,57,0
122,4,2,2,47,0
128,4,1,2,22,0
91,2,1,2,10,0
95,2,2,2,37,0
128,4,2,2,37,0
116,4,1,2,8,0
125,4,1,2,40,0
112,4,2,2,33,0
123,4,2,2,28,0
120,4,2,3,9,0
112,4,1,2,27,0
128,4,2,2,41,0
108,3,1,2,34,0
98,2,1,2,30,0
110,4,1,2,29,0
104,3,2,2,38,0
99,3,2,2,14,0
111,4,2,2,35,0
130,4,2,2,42,0
106,3,2,2,34,0
98,2,1, ,30,0
125,4,1,2,23,0
105,3,2,2,42,0
103,3,2,2,42,0
115,4,1,2,20,0
116,4,1,2,59,0
999,9,1,2,5,9
108,3,1,2,55,0
109,3,2,3,28,0
999,9,2,3,15,4
102,3,2,2,10,0
101,3,2,2,9,0
114,4,1,2,21,0
111,4,1,2,13,0
113,4,2,2,6,0
110,4,2, ,20,0
115,4,1,2,56,0
111,4,2,2,55,0
110,4,1,2,59,0
114,4,2,2,24,0
117,4,1,2,45,0
112,4,1,2,34,0
112,4,1,2,33,0
96,3,2,2,8,0
103,3,1,2,21,0
129,4,1,2,36,0
107,3,1,2,35,0
114,4,2,2,57,0
105,3,1,2,48,0
102,3,1,2,12,0
999,9,1,2,52,4
115,4,1,2,47,0
121,4,2,1,44,0
112,4,2,1,11,0
116,4,2,2,41,0
79,2,1,2,10,0
119,4,2,2,50,0
128,4,1,2,48,0
130,4,2,1,15,0
134,4,2,2,54,0
112,4,1,2,6,0
110,4,2,2,7,0
140,4,2,2,49,0
121,4,1,2,12,0
122,4,2,2,10,0
121,4,2,2,33,0
107,3,1,2,40,0
102,3,2,2,16,0
104,3,1,2,10,0
109,4,1,2,12,0
106,4,2,2,13,0
117,4,2,2,15,0
127,4,1,3,34,0
115,4,2,2,58,0
97,3,1,2,19,0
109,4,2,2,14,0
106,3,2,2,45,0
106,4,2,2,18,0
101,3,1,1,37,0
117,4,1,2,57,0
100,3,2,3,24,0
108,3,2,2,27,0
107,4,1,3,22,0
119,4,2,2,15,0
118,4,1,2,31,0
86,2,2,2,10,0
109,3,1,2,55,0
119,4,2,2,34,0
114,4,2,2,29,0
124,4,1,3,16,0
132,4,2,2,55,0
999,9,2,2,2,9
999,9,1,3,5,9
123,4,1,3,33,0
999,9,2,1,3,9
127,4,1,2,32,0
142,4,1,3,40,0
102,3,1,2,14,0
93,2,2,2,10,0
99,3,2,2,6,0
130,4,1,2,48,0
999,9,2,2,4,9
999,9,2,2,49,6
119,4,2, ,50,0
999,9,2,3,5,9
125,4,1,3,37,0
119,4,2,3,49,0
999,9,2,2,3,9
111,4,1,2,25,0
111,4,2,2,48,0
106,3,2,1,39,0
100,3,2,2,17,0
109,4,2,2,12,0
117,4,1,2,11,0
119,4,2,3,54,0
130,4,1,3,52,0
117,4,2,3,31,0
104,3,2,2,19,0
113,4,2,2,22,0
129,4,1,3,44,0
112,4,1,2,10,0
111,4,1,2,35,0
120,4,1,2,45,0
117,4,2,2,56,0
81,2,2,2,20,0
114,4,1,2,44,0
100,3,2,2,11,0
110,4,2,2,27,0
112,4,1,3,40,0
100,3,2,3,12,0
999,9,1,2,2,9
113,4,2,2,10,0
110,4,1,2,55,0
95,2,2,2,38,0
112,4,2,2,20,0
119,4,2,2,39,0
97,2,2,2,49,0
103,3,2,2,23,0
105,4,1,2,20,0
103,3,2,2,8,0
112,4,2,3,20,0
95,3,2,2,11,0
101,3,1,3,20,0
98,2,2,2,58,0
89,2,1,2,18,0
110,4,1,3,27,0
106,4,2,2,16,0
82,2,1,2,9,0
115,4,1,2,57,0
118,4,1,2,30,0
87,2,1,2,12,0
117,4,1,2,37,0
112,4,1,2,58,0
110,4,2,2,15,0
999,9,2,2,4,9
121,4,1,3,34,0
113,4,1,2,33,0
107,3,1, ,58,0
122,4,1,2,47,0
91,2,1,2,13,0
109,4,2,2,6,0
96,2,2,3,36,0
101,3,1,2,14,0
113,4,2, ,45,0
124,4,1,2,55,0
128,4,2,3,53,0
117,4,2,2,31,0
128,4,2,2,12,0
114,4,1,1,36,0
113,4,2,2,37,0
113,4,1,2,10,0
113,4,2,1,34,0
124,4,2,2,40,0
105,4,2,2,20,0
102,3,1,1,56,0
91,2,2,1,32,0
98,2,1,1,33,0
95,3,1,1,8,0
105,4,2,2,16,0
95,3,1,1,11,0
110,4,2,2,42,0
90,2,2,2,16,0
110,4,2,2,16,0
999,9,1,2,1,9
92,2,2,2,17,0
122,4,2,2,44,0
110,4,1,2,44,0
115,4,2,2,25,0
999,9,1,2,2,9
99,3,1, ,21,0
109,3,1,0,25,0
107,3,2, ,51,0
114,4,2,1,46,0
93,2,2,1,9,0
112,4,2,2,54,0
999,9,1,2,5,9
114,4,2,2,49,0
105,3,2,2,29,0
90,2,1,2,8,0
126,4,1,1,50,0
106,3,1,2,42,0
53,1,1,1,18,0
103,3,1,1,35,0
100,3,1,2,48,0
105,4,2,1,15,0
108,3,1,1,52,0
124,4,1,2,54,0
97,3,1,2,8,0
98,2,2,2,54,0
110,4,1,2,11,0
96,3,2,2,7,0
122,4,1,2,56,0
119,4,2,2,30,0
124,4,2,3,21,0
114,4,2,3,21,0
116,4,1,2,38,0
118,4,1,2,21,0
126,4,2,2,37,0
999,9,2,2,3,9
123,4,2,3,48,0
107,4,1,3,13,0
131,4,1,2,41,0
121,4,2,3,42,0
126,4,2,2,22,0
108,3,1,2,58,0
999,9,2,2,55,4
108,3,1,3,45,0
999,9,1,3,3,9
106,3,2,3,39,0
101,3,2, ,55,0
120,4,1,3,49,0
111,4,2, ,40,0
128,4,2,1,55,0
114,4,2,3,57,0
113,4,2,3,35,0
123,4,2,3,52,0
96,3,2,2,19,0
131,4,1,2,54,0
103,3,2,1,6,0
117,4,1, ,45,0
127,4,2,2,56,0
130,4,2,2,30,0
123,4,1,2,47,0
98,3,1,1,8,0
119,4,1,2,54,0
110,4,2,2,44,0
127,4,1,0,56,0
112,4,1,2,19,0
97,3,1,2,18,0
132,4,1,3,53,0
111,4,1,3,54,0
109,4,1,2,16,0
102,3,2,2,19,0
106,3,2,3,32,0
114,4,2,2,28,0
113,4,2,2,43,0
110,4,1,3,10,0
127,4,1,2,57,0
106,4,1,1,7,0
99,3,1,2,18,0
123,4,1,1,41,0
117,4,2,2,43,0
107,3,2,2,55,0
125,4,2,1,25,0
104,3,2,2,8,0
109,3,1,2,27,0
120,4,1,2,27,0
109,3,1,3,37,0
125,4,1,3,26,0
99,2,2,2,36,0
122,4,2,2,52,0
96,2,2,2,37,0
83,2,1,2,6,0
118,4,2,2,43,0
112,4,1,0,46,0
101,3,1,2,18,0
101,3,1,2,48,0
106,4,1,2,22,0
116,4,2,2,33,0
999,9,2,2,1,9
114,4,2,1,32,0
99,3,2,1,21,0
110,4,2,1,28,0
94,2,1,1,10,0
103,3,2,2,52,0
104,3,1,2,22,0
102,3,2,2,45,0
107,3,1,1,44,0
107,4,1,2,18,0
122,4,2, ,48,0
107,3,1,1,27,0
114,4,2,2,43,0
118,4,2,2,35,0
111,4,1,2,9,0
118,4,1,2,44,0
110,4,1,2,58,0
112,4,1,2,38,0
114,4,2,2,10,0
120,4,1,2,41,0
121,4,2,2,56,0
115,4,1,2,40,0
97,3,2,2,14,0
119,4,2,1,57,0
81,2,1,2,8,0
108,3,1,2,33,0
106,4,2,1,16,0
107,3,2,1,43,0
92,2,2,2,12,0
115,4,1, ,55,0
118,4,1,1,43,0
110,4,2,1,49,0
101,3,1,1,12,0
111,4,1,2,17,0
100,3,1,2,9,0
119,4,2,2,18,0
125,4,1,2,24,0
106,3,2,1,52,0
121,4,2,1,46,0
104,3,1,2,13,0
116,4,1,3,38,0
999,9,1,3,4,9
999,9,2,2,5,9
999,9,2,2,5,9
114,4,1,2,16,0
112,4,1,2,7,0
116,4,1,2,39,0
126,4,2,2,27,0
118,4,1,2,16,0
95,3,2,2,13,0
108,3,2,1,32,0
109,3,2,2,43,0
104,3,2,1,43,0
137,4,1, ,56,0
999,9,1,2,33,4
95,2,2,2,28,0
112,4,1,1,34,0
109,3,1,1,42,0
117,4,1,1,14,0
126,4,1,2,38,0
999,9,2,1,5,9
108,3,2,2,28,0
117,4,1,2,50,0
106,4,2,2,23,0
101,3,1,1,50,0
99,3,1,1,15,0
97,2,2,1,31,0
121,4,2,2,19,0
126,4,2, ,59,0
124,4,2,2,48,0
117,4,1,2,28,0
999,9,2,2,3,9
98,2,1,1,43,0
98,2,2,2,42,0
92,2,1,1,14,0
124,4,1,1,9,0
98,2,1,1,53,0
90,2,2,1,11,0
108,3,1,1,31,0
110,4,2,1,27,0
112,4,1,1,7,0
119,4,1,1,42,0
115,4,1,2,39,0
111,4,2,1,34,0
106,3,2,2,24,0
110,4,2,2,24,0
106,4,2,1,13,0
101,3,2,2,26,0
135,4,2,2,53,0
117,4,2,1,22,0
120,4,1,2,41,0
109,3,1,2,37,0
103,3,2,2,6,0
115,4,1,2,35,0
123,4,2,2,59,0
103,3,2,2,16,0
94,2,1,2,23,0
108,3,2,2,40,0
105,4,2,2,14,0
120,4,1,3,57,0
112,4,1,2,59,0
112,4,2,2,36,0
119,4,2,2,39,0
121,4,1,2,10,0
999,9,2,3,19,4
134,4,2,3,58,0
122,4,1,2,13,0
116,4,2,2,36,0
118,4,1,2,35,0
123,4,2,3,45,0
118,4,1,2,42,0
119,4,1,2,59,0
126,4,2,2,57,0
101,3,2,2,38,0
97,2,2,2,32,0
103,3,1,3,12,0
102,3,1,3,21,0
109,3,2,2,54,0
111,4,1,2,37,0
108,4,2,3,11,0
121,4,2,2,59,0
93,2,2,2,14,0
89,2,1,2,20,0
104,3,2,2,37,0
115,4,1,3,24,0
116,4,1,2,39,0
110,4,1,3,36,0
120,4,2,2,55,0
109,3,1,2,25,0
999,9,2,2,5,9
111,4,1,2,32,0
112,4,2,2,46,0
999,9,1,2,5,9
102,3,1,2,38,0
130,4,2, ,45,0
106,3,2,2,45,0
100,3,1,2,30,0
109,4,2,2,21,0
108,3,1,2,41,0
122,4,1,3,48,0
999,9,2,2,54,4
120,4,1,2,22,0
122,4,2,2,21,0
127,4,2,3,16,0
112,4,1,2,17,0
104,3,1,2,41,0
118,4,1,2,17,0
131,4,2,3,51,0
109,4,1,3,7,0
999,9,2,1,28,4
104,3,1,1,21,0
110,4,1,1,49,0
76,2,2,1,12,0
134,4,2,1,59,0
112,4,2,2,28,0
95,3,2,2,10,0
105,3,1,2,47,0
123,4,2,2,27,0
121,4,1,2,26,0
107,4,2,2,13,0
111,4,1,1,44,0
116,4,1,0,22,0
109,4,2,2,17,0
117,4,1,1,57,0
111,4,1,1,30,0
94,2,1,2,20,0
113,4,1,2,56,0
129,4,2,2,26,0
110,4,1,2,53,0
108,3,1,1,35,0
95,3,2,1,13,0
108,3,1,2,55,0
103,3,1,2,19,0
87,2,2,1,7,0
104,3,2,2,25,0
105,4,1,2,17,0
104,3,1,2,39,0
102,3,1,2,7,0
119,4,1,2,32,0
124,4,1,1,50,0
126,4,1,2,52,0
129,4,2,2,45,0
126,4,2,2,57,0
114,4,1,2,24,0
109,3,2,3,39,0
98,3,2,2,11,0
134,4,1,1,57,0
121,4,2,1,25,0
999,9,2,2,5,9
120,4,1,2,37,0
115,4,2,2,15,0
122,4,2,2,55,0
114,4,1,2,34,0
102,3,1,2,14,0
74,2,1,2,16,0
114,4,1,2,40,0
110,4,1,2,44,0
124,4,1,2,48,0
99,3,2,2,6,0
104,3,1,2,53,0
110,4,1,2,43,0
123,4,2,2,21,0
125,4,2,3,55,0
111,4,1,3,21,0
113,4,1,3,35,0
125,4,2,3,58,0
98,3,1,2,17,0
123,4,1,2,49,0
104,3,1,2,25,0
110,4,1,3,50,0
113,4,2,2,18,0
109,3,1,3,34,0
103,3,1,2,23,0
125,4,2,3,49,0
999,9,1,3,4,9
999,9,1,2,48,4
999,9,1,3,3,9
128,4,2,3,28,0
105,4,1,3,16,0
115,4,2,3,25,0
121,4,2,3,42,0
103,3,1,3,21,0
99,3,1,3,16,0
112,4,1,2,48,0
112,4,1,2,18,0
101,3,2,1,24,0
110,4,2,1,24,0
120,4,2,3,39,0
999,9,1,3,4,9
100,3,2,2,8,0
121,4,1,2,52,0
116,4,2,2,23,0
106,4,1,2,17,0
94,2,1,2,18,0
118,4,2,3,45,0
120,4,1,3,53,0
96,3,2,3,20,0
88,2,2,2,6,0
126,4,1,2,44,0
111,4,1,2,16,0
104,3,2,2,13,0
114,4,1,3,26,0
107,3,2,2,32,0
107,3,1,2,52,0
107,4,2,2,13,0
103,3,2,3,41,0
129,4,2,3,53,0
122,4,2,2,29,0
106,3,2,3,38,0
113,4,2,2,41,0
114,4,1,2,12,0
118,4,2,2,17,0
121,4,1,2,49,0
110,4,2,2,43,0
91,2,1,1,10,0
126,4,2, ,45,0
107,3,1,0,53,0
126,4,1,2,50,0
86,2,1,2,18,0
110,4,2,1,56,0
96,3,1,1,12,0
115,4,1,1,26,0
117,4,1,2,36,0
109,4,2,3,13,0
131,4,2, ,58,0
124,4,2,2,34,0
111,4,2,2,33,0
115,4,1,2,27,0
999,9,1,2,4,9
115,4,2,1,37,0
124,4,1,2,49,0
999,9,2,2,2,9
116,4,2,1,21,0
106,3,1,2,55,0
102,3,1,2,43,0
111,4,1,1,29,0
110,4,2, ,38,0
116,4,1,2,35,0
117,4,2,2,15,0
116,4,2,1,45,0
123,4,2,2,54,0
97,3,2,2,13,0
98,2,1,3,45,0
112,4,1,3,29,0
118,4,2,2,23,0
119,4,1,2,43,0
104,3,1,2,14,0
106,3,1,3,36,0
104,3,1,2,8,0
114,4,1,1,50,0
112,4,1,2,53,0
111,4,1,2,23,0
107,3,1,2,51,0
134,4,2,2,53,0
119,4,1,2,40,0
102,3,1,2,59,0
95,2,1,2,57,0
101,3,1,2,20,0
114,4,1, ,35,0
99,3,2,3,13,0
111,4,1, ,56,0
122,4,2,2,49,0
999,9,1,2,5,9
91,2,1,2,7,0
116,4,1,2,52,0
120,4,1,2,54,0
109,4,2,2,19,0
118,4,1,2,21,0
121,4,1,2,52,0
109,4,2,2,9,0
117,4,1,2,33,0
113,4,1,2,57,0
117,4,2,2,7,0
115,4,1,2,58,0
109,3,1,2,38,0
123,4,1,3,50,0
109,3,2,2,55,0
93,2,2,2,12,0
108,3,2,2,34,0
999,9,1,2,4,9
111,4,1,2,15,0
111,4,1,2,8,0
109,4,1,3,8,0
117,4,2,2,10,0
118,4,1,2,49,0
999,9,2,2,1,9
122,4,2,2,19,0
123,4,1,2,50,0
103,3,2,2,18,0
101,3,2,3,11,0
999,9,2,3,4,9
116,4,1,2,44,0
84,2,1,2,15,0
999,9,2,2,28,4
119,4,2,2,12,0
111,4,2,2,22,0
113,4,2,2,27,0
999,9,2,2,3,9
113,4,2,2,43,0
102,3,1,2,9,0
120,4,2,3,31,0
120,4,2,3,50,0
102,3,1,3,47,0
123,4,1,3,13,0
112,4,1,1,59,0
113,4,2,1,36,0
108,4,1,2,9,0
108,4,1,2,17,0
110,4,1,3,8,0
135,4,2,2,39,0
112,4,2,3,22,0
137,4,1,3,57,0
95,3,1,2,13,0
116,4,2,2,17,0
109,3,2,2,42,0
122,4,1,2,53,0
119,4,1,2,19,0
84,2,1,2,16,0
115,4,1,3,19,0
126,4,2,2,55,0
117,4,2,2,20,0
999,9,1,2,2,9
999,9,1,3,5,9
107,4,2,2,14,0
116,4,2,2,34,0
100,3,1,1,19,0
116,4,2,2,24,0
116,4,1,2,24,0
110,4,2,2,40,0
106,3,1,1,30,0
110,4,2,2,10,0
108,3,1,2,39,0
108,4,2,2,12,0
103,3,1,2,37,0
105,4,1,2,8,0
107,3,1,3,34,0
112,4,2,3,53,0
124,4,1,2,56,0
101,3,2,2,27,0
999,9,1,2,5,9
130,4,1,2,58,0
999,9,2,2,19,4
103,3,2,2,36,0
85,2,1,2,17,0
123,4,1,2,43,0
121,4,1,1,55,0
113,4,2,2,27,0
114,4,1,2,33,0
125,4,2, ,41,0
140,4,2,2,54,0
115,4,1,2,29,0
113,4,2,2,51,0
121,4,1,2,53,0
121,4,1,2,39,0
114,4,2,3,14,0
111,4,2,2,8,0
113,4,1,2,53,0
106,3,1,2,53,0
107,3,2,2,31,0
102,3,1,1,12,0
121,4,1,2,24,0
999,9,2,2,5,9
106,4,1,2,8,0
999,9,1,2,4,9
112,4,1,2,43,0
118,4,2,2,29,0
117,4,1,2,51,0
106,4,2,2,16,0
118,4,1,2,29,0
109,3,1,2,39,0
129,4,1,2,59,0
112,4,2,1,40,0
127,4,2,1,35,0
108,4,2,2,9,0
114,4,2,2,14,0
106,4,2,2,14,0
128,4,2,1,56,0
89,2,1,1,25,0
114,4,1,2,32,0
116,4,2,1,50,0
101,3,1,2,41,0
84,2,2,2,18,0
114,4,1,2,33,0
118,4,2,2,23,0
126,4,2,2,52,0
110,4,2,2,59,0
119,4,1,2,38,0
125,4,2,3,24,0
97,2,2,1,49,0
999,9,2,3,2,9
116,4,2,3,41,0
999,9,1,2,27,4
115,4,1,2,33,0
120,4,2,2,56,0
999,9,2,3,34,4
999,9,1,2,2,9
120,4,2,3,46,0
115,4,1,3,37,0
96,3,1,2,9,0
101,3,1,1,14,0
999,9,1,2,4,9
99,2,1,2,46,0
117,4,1,2,15,0
118,4,2,3,6,0
999,9,2,2,0,9
116,4,1,2,57,0
112,4,1,3,32,0
100,3,2,2,21,0
118,4,1,2,29,0
105,3,1,2,45,0
999,9,2,2,5,9
124,4,2,2,48,0
114,4,1,3,43,0
109,4,2,3,12,0
112,4,1,2,46,0
109,3,1,3,55,0
98,2,2,1,47,0
109,3,2,2,27,0
101,3,1,2,48,0
114,4,2,2,25,0
101,3,2,2,19,0
116,4,2,2,22,0
108,3,2,1,44,0
999,9,1,2,3,9
113,4,2,2,50,0
81,2,1,2,9,0
121,4,2,1,54,0
113,4,1,1,19,0
117,4,2,2,25,0
95,3,2,2,11,0
104,3,1,1,10,0
136,4,1,2,50,0
115,4,2,2,57,0
999,9,1,2,4,9
107,4,1,2,20,0
116,4,1,2,23,0
999,9,2,2,3,9
107,4,2,2,16,0
116,4,1,2,52,0
113,4,1,3,11,0
130,4,1,2,59,0
102,3,2,2,18,0
124,4,2,2,29,0
94,2,1,2,16,0
112,4,2,2,43,0
999,9,2,2,22,4
106,3,1,2,56,0
109,3,1,2,42,0
108,3,2,2,57,0
117,4,1,1,39,0
112,4,2,2,40,0
113,4,2,2,57,0
114,4,2,1,41,0
81,2,1,2,9,0
117,4,1,2,37,0
120,4,1,1,36,0
105,4,1,2,11,0
112,4,1,2,53,0
104,3,1,1,43,0
122,4,1,2,56,0
114,4,1,3,43,0
108,3,1,2,59,0
111,4,1,2,57,0
102,3,2,2,51,0
115,4,1,2,48,0
107,4,2,2,15,0
119,4,1,2,24,0
97,2,2,2,30,0
101,3,1,2,41,0
105,4,1,2,18,0
108,3,1,2,50,0
107,4,1,2,23,0
126,4,2,1,44,0
113,4,2,2,47,0
999,9,2,1,0,9
96,3,1,2,12,0
117,4,2,2,57,0
110,4,2,2,58,0
111,4,2,1,54,0
94,2,1,1,19,0
106,4,1,2,11,0
121,4,2,1,46,0
111,4,2,1,32,0
108,4,1,1,9,0
119,4,2,2,30,0
110,4,2,2,15,0
114,4,2,2,13,0
130,4,1,2,47,0
123,4,2,2,47,0
120,4,2,1,33,0
110,4,2,1,44,0
116,4,1,2,32,0
112,4,1,1,32,0
128,4,1,2,48,0
119,4,1,2,33,0
100,3,1,3,15,0
63,1,1,2,12,0
125,4,1,2,38,0
108,3,1,2,44,0
112,4,2,1,50,0
999,9,2,2,5,9
111,4,2,1,38,0
113,4,2,2,19,0
106,3,2,2,28,0
112,4,1,1,51,0
105,3,1,2,26,0
121,4,1,2,52,0
111,4,1,2,42,0
106,3,1,2,25,0
999,9,2,2,5,9
111,4,2,2,6,0
111,4,1,2,37,0
127,4,1,2,55,0
108,3,1,2,31,0
116,4,1,2,19,0
118,4,1,2,18,0
127,4,2,2,55,0
91,2,1,2,11,0
110,4,2,2,36,0
108,3,1,2,35,0
113,4,1,1,44,0
120,4,1,1,59,0
124,4,2,1,57,0
114,4,2,2,52,0
105,4,2,2,8,0
110,4,2,2,24,0
101,3,2,2,8,0
109,3,2,3,24,0
999,9,1,2,30,3
110,4,2, ,20,0
107,3,1,2,25,0
126,4,1,3,37,0
116,4,2,3,20,0
115,4,1,2,41,0
119,4,2,2,12,0
94,2,1,3,14,0
109,3,1,3,36,0
131,4,2,1,46,0
104,3,1,1,19,0
111,4,1,2,31,0
126,4,2,2,57,0
103,3,2,3,34,0
108,3,2,2,50,0
106,3,2,1,28,0
101,3,2,2,42,0
116,4,1, ,13,0
123,4,2,3,47,0
115,4,2,2,50,0
114,4,1,2,21,0
120,4,1,2,23,0
103,3,2,2,33,0
108,3,1,2,34,0
86,2,2,2,11,0
110,4,2,1,12,0
91,2,1,2,37,0
999,9,2,2,1,9
129,4,2,2,54,0
119,4,2,1,24,0
99,3,1,2,19,0
106,4,1,2,17,0
108,3,1,1,28,0
103,3,2,1,44,0
99,3,2,2,7,0
112,4,2,2,7,0
103,3,2,0,36,0
112,4,2,1,36,0
111,4,2,2,16,0
114,4,1,3,23,0
999,9,2,2,5,9
121,4,1,1,56,0
106,4,1,2,18,0
113,4,2,2,36,0
110,4,1,2,30,0
109,4,2,2,7,0
133,4,2,2,40,0
119,4,1,2,28,0
101,3,2,2,9,0
125,4,2,2,44,0
124,4,2,2,44,0
130,4,1,1,56,0
118,4,2,2,22,0
120,4,1,3,36,0
103,3,2,1,22,0
109,3,1,2,41,0
113,4,1,2,32,0
126,4,1,2,32,0
105,4,1,2,19,0
130,4,2,2,57,0
91,2,1,1,11,0
109,3,1,2,50,0
93,2,1,2,6,0
109,3,2,2,27,0
114,4,2,1,42,0
124,4,2,2,58,0
120,4,1,2,34,0
113,4,2,1,49,0
999,9,1, ,57,6
119,4,2, ,34,0
108,4,2,1,7,0
128,4,1, ,50,0
120,4,2,2,51,0
113,4,2,1,24,0
115,4,2,2,28,0
117,4,1,2,47,0
999,9,1,1,28,4
109,3,1,2,57,0
999,9,2,2,3,9
125,4,2,1,59,0
119,4,1,1,39,0
91,2,1,1,13,0
107,4,1,1,12,0
124,4,2,1,40,0
110,4,2,1,31,0
50,1,1,1,13,0
101,3,1,0,35,0
124,4,1,1,39,0
117,4,2,1,58,0
112,4,1,1,17,0
104,3,1,1,28,0
116,4,1,1,18,0
109,4,2,1,17,0
106,3,2,1,40,0
108,4,1,2,7,0
130,4,1, ,46,0
104,3,1,2,29,0
103,3,2,2,12,0
116,4,1,2,49,0
110,4,1,2,16,0
115,4,2,2,15,0
116,4,1,2,41,0
116,4,2,2,8,0
107,3,1,3,30,0
96,3,1,2,7,0
121,4,1,2,44,0
109,3,1,2,40,0
129,4,1,2,17,0
119,4,2,1,56,0
120,4,2,2,49,0
118,4,1,2,19,0
114,4,1,1,32,0
98,3,2,2,10,0
120,4,1,2,58,0
109,3,2,2,28,0
108,3,2,3,47,0
102,3,2,3,12,0
999,9,1,3,5,9
99,2,1,2,41,0
91,2,2,3,31,0
120,4,2,2,44,0
138,4,1,1,42,0
102,3,1,2,58,0
120,4,2,2,42,0
112,4,2,2,42,0
116,4,1,2,50,0
118,4,2,2,15,0
122,4,1,2,57,0
122,4,1,2,26,0
109,3,2,3,57,0
107,3,1,2,50,0
110,4,2,2,37,0
999,9,1,2,3,9
115,4,1,2,27,0
117,4,1,2,44,0
116,4,1,2,28,0
100,3,1,2,6,0
105,4,2,2,23,0
116,4,2,2,53,0
102,3,1,2,17,0
133,4,2,2,37,0
114,4,2,2,25,0
106,4,2,3,14,0
109,3,2,2,37,0
107,3,1,1,41,0
114,4,2,2,26,0
120,4,1,2,16,0
115,4,1,2,33,0
113,4,1,3,33,0
117,4,2,2,57,0
109,3,2,2,32,0
106,4,1,2,10,0
108,3,1,2,42,0
114,4,1,2,38,0
112,4,1,3,59,0
999,9,1,2,3,9
106,4,1,2,17,0
105,4,1,2,17,0
117,4,1,2,29,0
113,4,1,2,35,0
999,9,1,2,12,4
129,4,1,2,53,0
113,4,1,2,58,0
104,3,2,2,10,0
120,4,2,2,12,0
117,4,1,3,20,0
109,4,1,2,12,0
109,3,2,2,28,0
122,4,1,3,24,0
109,4,2,2,18,0
110,4,2,2,56,0
137,4,2,2,59,0
999,9,1,2,3,9
129,4,2,2,52,0
113,4,1,2,15,0
113,4,1,2,46,0
111,4,2,2,10,0
123,4,1,2,44,0
130,4,1,2,51,0
124,4,1,3,52,0
117,4,1,3,32,0
123,4,2,3,33,0
116,4,1,3,36,0
110,4,2,2,53,0
102,3,1,2,19,0
122,4,2,3,29,0
111,4,2,2,52,0
119,4,2,2,36,0
103,3,1,2,19,0
999,9,1,2,5,9
999,9,1,2,10,4
97,3,1,2,8,0
103,3,1,2,41,0
119,4,1,3,17,0
116,4,1,3,31,0
999,9,2,2,31,4
120,4,1,2,40,0
121,4,1,1,31,0
108,3,2,2,34,0
99,3,2,2,12,0
122,4,2,2,33,0
114,4,2,2,41,0
93,2,1, ,41,0
122,4,2,2,55,0
118,4,2,3,58,0
100,3,2,2,10,0
117,4,1,2,20,0
111,4,2,3,50,0
88,2,2,2,7,0
115,4,1,2,32,0
119,4,1,3,14,0
103,3,1,2,20,0
114,4,2,3,39,0
112,4,2,2,14,0
117,4,2,2,45,0
103,3,1,3,22,0
119,4,2,2,25,0
129,4,1,3,6,0
118,4,1,2,48,0
107,3,1,2,42,0
124,4,1,2,29,0
123,4,2,3,48,0
115,4,2,2,14,0
105,4,2,3,9,0
115,4,1,3,21,0
113,4,1,3,32,0
104,3,1,2,23,0
96,2,1,3,32,0
119,4,2,3,27,0
119,4,1,2,31,0
999,9,1,2,4,9
94,2,1,2,21,0
103,3,2,2,7,0
121,4,1,2,46,0
132,4,1,3,37,0
99,3,1,2,18,0
104,3,2,3,18,0
999,9,1,3,0,9
109,3,1,2,54,0
122,4,2,2,27,0
113,4,2,3,12,0
130,4,2,2,42,0
117,4,1,2,54,0
118,4,1,3,40,0
108,4,1,3,6,0
108,4,2,2,23,0
117,4,2,2,30,0
999,9,1,2,1,9
94,2,1,2,9,0
103,3,2,2,51,0
112,4,1,2,17,0
121,4,1,2,19,0
120,4,1, ,59,0
118,4,2,2,20,0
116,4,1,2,28,0
999,9,2,2,4,9
106,3,1,2,54,0
103,3,2,3,7,0
999,9,1,2,4,9
112,4,2,2,46,0
119,4,1,2,42,0
103,3,2,3,41,0
98,3,2,2,13,0
115,4,2,2,35,0
999,9,1,2,2,9
107,3,2,2,37,0
109,4,1,2,15,0
108,3,1,2,58,0
113,4,1,2,49,0
106,3,2,2,50,0
999,9,2,3,3,9
126,4,2,2,49,0
106,4,2,2,11,0
111,4,1,2,44,0
111,4,1,2,45,0
119,4,1,2,45,0
115,4,1,2,50,0
999,9,2,1,23,4
128,4,2,1,59,0
108,3,1,1,48,0
113,4,2,1,28,0
112,4,2,2,53,0
123,4,2,1,54,0
115,4,1,2,45,0
111,4,1,1,46,0
100,3,1,2,15,0
96,3,1,1,19,0
129,4,2,2,48,0
79,2,1,2,11,0
107,3,1,2,28,0
125,4,2,2,44,0
112,4,2,2,31,0
120,4,1,1,53,0
117,4,1,1,39,0
108,4,2,2,17,0
113,4,1,2,44,0
124,4,1,2,21,0
133,4,2, ,57,0
113,4,1,1,44,0
118,4,2,2,41,0
132,4,2,0,40,0
114,4,1,2,34,0
102,3,1,2,42,0
110,4,1,2,22,0
105,3,2,2,51,0
122,4,2,3,54,0
112,4,1,3,21,0
109,3,1,2,47,0
109,3,1,2,48,0
116,4,1,2,29,0
103,3,1,1,6,0
129,4,2,2,51,0
999,9,2,1,3,9
98,2,1,2,37,0
106,4,1,2,23,0
111,4,1,2,49,0
104,3,2,2,21,0
124,4,2,2,26,0
115,4,1,2,27,0
118,4,1,2,36,0
116,4,1,3,50,0
124,4,1,3,52,0
108,3,2,2,43,0
98,3,2,1,7,0
999,9,1,3,28,4
125,4,2,2,6,0
999,9,2,3,3,9
124,4,1,2,59,0
999,9,1,2,4,9
129,4,1,2,43,0
111,4,2,3,20,0
117,4,2,3,44,0
115,4,2,2,38,0
999,9,1,2,0,9
123,4,2,2,34,0
125,4,2,0,51,0
124,4,1,2,53,0
999,9,2,2,5,9
112,4,2,2,45,0
92,2,1,2,28,0
100,3,2,2,29,0
999,9,1,2,4,9
92,2,1,2,23,0
113,4,1,2,42,0
100,3,2,2,28,0
126,4,1,2,41,0
101,3,1,2,48,0
126,4,1,2,36,0
112,4,2,2,7,0
137,4,2,1,55,0
119,4,1,2,30,0
121,4,2,2,22,0
124,4,2,2,38,0
130,4,2,2,48,0
119,4,2,2,49,0
95,3,1,2,13,0
94,2,1,2,14,0
119,4,1,2,39,0
116,4,1,2,43,0
116,4,2,2,47,0
125,4,1,2,54,0
121,4,2,2,25,0
115,4,1,1,43,0
127,4,2,2,58,0
999,9,2,2,0,9
114,4,1,1,44,0
97,3,1,3,12,0
114,4,1,3,43,0
999,9,1,2,4,9
114,4,2,2,14,0
114,4,1,2,38,0
111,4,1,2,59,0
113,4,1,2,40,0
109,3,2,2,47,0
107,3,1,2,43,0
94,2,2,2,6,0
125,4,1,1,54,0
99,2,1,1,31,0
104,3,2,2,51,0
111,4,1,2,31,0
129,4,2,2,36,0
104,3,1,2,53,0
100,3,2,2,16,0
93,2,1,1,49,0
133,4,2,3,53,0
121,4,2, ,50,0
120,4,2,2,57,0
133,4,2,2,18,0
117,4,2,2,46,0
131,4,2,1,7,0
119,4,1,2,28,0
120,4,1,2,25,0
109,3,2,1,27,0
118,4,2,2,31,0
999,9,1,2,0,9
105,3,1,2,45,0
97,3,1,3,13,0
130,4,2,2,51,0
105,3,2,2,50,0
122,4,2,2,42,0
137,4,2,1,53,0
111,4,1,3,58,0
116,4,1,2,34,0
114,4,1,2,54,0
69,1,1,2,8,0
129,4,2,2,34,0
117,4,1,2,53,0
108,3,2,2,30,0
123,4,1,2,59,0
111,4,1,2,18,0
116,4,2,2,32,0
111,4,2,2,18,0
114,4,1,2,58,0
94,2,2,2,22,0
96,3,1,1,21,0
112,4,2,2,35,0
102,3,2,2,53,0
110,4,2,2,22,0
122,4,2,1,28,0
999,9,1,1,25,4
999,9,1,2,2,9
119,4,2,2,45,0
107,4,1,2,19,0
108,3,2,3,31,0
108,3,1,2,50,0
131,4,2,2,50,0
107,4,2,1,22,0
103,3,2,2,13,0
122,4,1,3,27,0
104,3,1,2,19,0
94,2,2,2,8,0
111,4,2, ,46,0
112,4,1,2,58,0
999,9,2,2,21,3
119,4,2,2,59,0
117,4,2,2,42,0
97,3,2,2,10,0
126,4,1,3,37,0
999,9,2,2,0,9
116,4,2,3,42,0
103,3,2,3,17,0
999,9,1,3,0,9
121,4,2, ,28,0
116,4,2,2,8,0
106,3,2,2,45,0
114,4,2,2,54,0
63,1,1,2,16,0
116,4,2,3,49,0
116,4,2,2,32,0
104,3,2,3,22,0
128,4,1,2,51,0
118,4,2,2,20,0
114,4,2,3,34,0
108,3,1,2,35,0
105,4,2,2,11,0
106,3,1,3,24,0
117,4,1,2,35,0
99,3,1,2,11,0
104,3,1,3,10,0
121,4,1,2,50,0
109,4,2,3,18,0
999,9,2,3,4,9
100,3,1,2,45,0
99,3,2,2,17,0
122,4,1,2,48,0
110,4,2,2,24,0
83,2,1,2,15,0
113,4,2,2,55,0
115,4,1,3,37,0
128,4,1,2,39,0
128,4,1,2,49,0
112,4,2,1,47,0
118,4,1,2,26,0
116,4,2,1,41,0
121,4,1,1,54,0
123,4,2,1,29,0
115,4,1,2,55,0
109,3,1,0,55,0
111,4,2,1,17,0
124,4,2,2,43,0
128,4,1,1,47,0
125,4,2,2,52,0
131,4,2,2,52,0
123,4,1,1,55,0
85,2,2,1,26,0
99,3,2,2,19,0
105,3,2,2,28,0
113,4,1,1,57,0
99,2,2,1,35,0
106,3,2,1,39,0
105,3,1, ,59,0
94,2,2,1,24,0
103,3,2,2,15,0
123,4,1,2,32,0
115,4,1,2,37,0
115,4,1,2,17,0
118,4,1,2,54,0
110,4,2,2,14,0
112,4,2,0,31,0
115,4,1,1,58,0
114,4,2,2,31,0
118,4,2,2,32,0
122,4,1,1,14,0
114,4,2, ,48,0
114,4,1,2,12,0
101,3,1,2,52,0
107,3,1,2,48,0
120,4,1,2,20,0
103,3,2,1,26,0
99,2,1,2,42,0
118,4,1,1,41,0
110,4,2,2,48,0
999,9,2,1,4,9
107,4,2,1,15,0
120,4,1,2,23,0
120,4,1,3,48,0
102,3,2,1,7,0
97,3,2,2,6,0
110,4,2,1,8,0
96,3,1,2,17,0
129,4,2,2,55,0
135,4,2,2,28,0
999,9,2,1,5,9
120,4,2,2,51,0
98,3,1,2,23,0
92,2,1,2,19,0
99,2,2,1,24,0
118,4,2,2,31,0
999,9,1,2,0,9
107,4,2,2,22,0
109,3,1,2,35,0
116,4,1,2,40,0
107,4,1,2,23,0
999,9,2,1,5,9
106,3,2,2,54,0
107,3,1,2,26,0
115,4,2,1,49,0
999,9,2,1,24,4
113,4,1,2,24,0
104,3,1,2,48,0
999,9,1,1,0,9
118,4,2,1,52,0
96,2,2,2,28,0
109,4,1,2,19,0
104,3,1,2,32,0
123,4,1,2,57,0
94,2,2,2,6,0
117,4,2,1,39,0
106,4,2,2,11,0
121,4,1,2,50,0
105,4,2,2,6,0
116,4,1,2,34,0
128,4,2,1,39,0
105,3,1,2,49,0
112,4,1,2,44,0
101,3,1,2,14,0
126,4,1,1,26,0
106,4,1,2,11,0
107,3,1,1,31,0
99,2,1,1,35,0
114,4,1,2,37,0
119,4,1,2,37,0
101,3,2,1,30,0
120,4,1,1,22,0
109,4,1,2,19,0
94,2,2,1,28,0
999,9,1,1,5,9
122,4,2,1,25,0
114,4,2,1,22,0
126,4,1,2,56,0
91,2,2,2,20,0
112,4,2,2,47,0
130,4,1,2,30,0
120,4,1, ,21,0
108,3,1,2,43,0
122,4,2,3,48,0
125,4,2,2,36,0
999,9,1,2,3,9
123,4,2,2,52,0
999,9,2,2,4,9
112,4,1,2,53,0
123,4,1,2,26,0
126,4,1,2,57,0
117,4,2,2,23,0
118,4,2,2,13,0
127,4,2,2,40,0
116,4,2,1,40,0
117,4,2,2,36,0
999,9,1,2,2,9
116,4,2,2,8,0
131,4,2,2,24,0
101,3,2,3,11,0
113,4,1,2,44,0
131,4,1,2,39,0
132,4,2,2,28,0
119,4,1,3,35,0
118,4,2,3,31,0
999,9,1,3,34,4
101,3,1,2,6,0
119,4,2,2,47,0
114,4,2,2,36,0
121,4,1,2,17,0
105,3,1,3,56,0
108,3,2,2,56,0
124,4,1,3,44,0
121,4,2,2,53,0
117,4,2,2,44,0
113,4,1,2,7,0
116,4,1,2,23,0
124,4,2,1,49,0
102,3,2,1,8,0
98,3,2,1,12,0
122,4,1,2,14,0
133,4,1,2,37,0
93,2,2,2,15,0
999,9,1,3,3,9
117,4,2,2,37,0
999,9,2,2,43,4
999,9,1,2,18,4
111,4,2,2,11,0
114,4,1,2,14,0
98,2,1,2,56,0
111,4,2,2,40,0
999,9,1,2,17,6
104,3,1,2,19,0
108,4,2,2,19,0
128,4,1,2,19,0
125,4,1,2,21,0
121,4,1,2,21,0
116,4,1,2,33,0
106,4,1,2,13,0
127,4,2,2,49,0
110,4,2,2,22,0
107,4,1,2,15,0
110,4,1,2,46,0
119,4,1,2,35,0
999,9,2,2,4,9
119,4,1,3,29,0
107,4,2,2,16,0
96,3,2,2,6,0
125,4,2,2,58,0
121,4,2,2,41,0
135,4,1,1,38,0
999,9,2,2,3,9
112,4,1,3,18,0
100,3,1,2,57,0
115,4,2,2,40,0
132,4,1,3,58,0
130,4,1,3,28,0
112,4,1,2,32,0
103,3,1,2,13,0
125,4,1,2,58,0
128,4,2,2,39,0
130,4,2,3,47,0
112,4,2,2,29,0
121,4,2,3,6,0
121,4,1,2,58,0
115,4,1,2,55,0
111,4,1,2,16,0
125,4,1,2,29,0
113,4,2,1,42,0
105,3,2,2,38,0
999,9,1,2,2,9
106,3,2,2,33,0
97,2,1,2,44,0
95,3,2,2,18,0
999,9,1,2,5,9
136,4,2,2,55,0
99,3,1,2,20,0
105,4,2,2,16,0
105,4,1,2,13,0
111,4,1,2,30,0
123,4,1,2,31,0
94,2,2,3,17,0
120,4,2,2,59,0
114,4,1,2,18,0
99,2,1,2,54,0
100,3,1,2,36,0
106,4,2,2,7,0
109,3,1,3,33,0
111,4,2,3,48,0
98,3,1,3,18,0
115,4,1,3,39,0
108,3,2,3,46,0
999,9,1,3,4,9
115,4,1,2,45,0
127,4,1,2,17,0
119,4,1,2,52,0
118,4,1,2,20,0
116,4,1,2,26,0
117,4,2,2,18,0
107,3,1,2,33,0
124,4,2,2,25,0
123,4,2,2,13,0
116,4,2,2,46,0
119,4,2,2,17,0
113,4,2,2,25,0
124,4,1,2,29,0
102,3,2,2,23,0
121,4,2,1,52,0
108,3,1,2,25,0
86,2,1,2,13,0
107,3,1,2,47,0
117,4,1,2,56,0
97,3,1,2,15,0
109,3,1,2,53,0
115,4,1,2,58,0
122,4,2,2,24,0
134,4,1,3,22,0
121,4,1,3,33,0
999,9,1,2,0,9
118,4,2,2,47,0
58,1,1,2,11,0
120,4,1,2,31,0
96,3,1,2,13,0
117,4,2,2,18,0
111,4,2,2,32,0
129,4,2,2,12,0
114,4,2,3,29,0
115,4,2,2,40,0
113,4,1,2,35,0
114,4,2,2,40,0
119,4,1,2,21,0
107,3,1,2,42,0
119,4,2,2,34,0
121,4,2,3,52,0
113,4,1,3,8,0
93,2,1,3,11,0
101,3,2,2,25,0
112,4,2,2,57,0
120,4,1,2,9,0
118,4,2,2,23,0
114,4,1,2,25,0
116,4,2,3,52,0
105,3,1,3,38,0
106,4,2,2,15,0
128,4,2,3,9,0
118,4,1,3,54,0
104,3,2,3,35,0
119,4,1,1,37,0
110,4,1,1,58,0
127,4,2,3,26,0
999,9,2,3,4,9
120,4,2, ,39,0
121,4,1,2,23,0
128,4,1,3,46,0
114,4,1,3,24,0
111,4,1,2,59,0
103,3,1,2,34,0
110,4,1,2,12,0
110,4,1,2,51,0
110,4,2,2,7,0
105,4,1,3,23,0
106,3,2,2,47,0
125,4,1,2,8,0
116,4,2,3,54,0
117,4,2,2,31,0
102,3,1,2,27,0
103,3,1,2,27,0
111,4,1,2,21,0
118,4,1,2,27,0
103,3,1,2,6,0
115,4,2,3,32,0
111,4,1,3,43,0
126,4,2,3,29,0
110,4,1,2,38,0
122,4,1,2,53,0
123,4,1,2,47,0
124,4,2,2,11,0
113,4,1,2,53,0
129,4,2,2,54,0
115,4,1,3,59,0
115,4,1,3,19,0
105,3,2,2,26,0
107,3,2,2,56,0
84,2,2,2,21,0
999,9,2,2,4,9
104,3,1,2,16,0
110,4,2,2,56,0
111,4,2,2,26,0
107,4,1,2,23,0
105,3,2,2,46,0
120,4,2,0,16,0
127,4,2,2,22,0
124,4,2,2,49,0
109,4,1,2,20,0
106,3,2,2,59,0
108,3,2,1,45,0
109,3,1,2,31,0
112,4,2,2,58,0
118,4,1,3,25,0
107,3,2,2,51,0
96,3,1,2,14,0
81,2,1,2,9,0
133,4,1,2,55,0
999,9,2,2,2,9
100,3,2,1,24,0
103,3,2,2,18,0
125,4,2,1,49,0
116,4,1,2,25,0
106,3,1,0,36,0
103,3,1,1,18,0
101,3,1,2,18,0
113,4,2,2,32,0
107,4,2,2,21,0
106,3,2,2,34,0
108,3,1,3,44,0
101,3,1,3,23,0
999,9,2,2,5,9
118,4,1,1,32,0
119,4,1,1,43,0
114,4,2,2,41,0
125,4,2,2,45,0
97,3,2,2,6,0
123,4,1,2,38,0
999,9,1,2,0,9
114,4,2,1,43,0
112,4,1,2,57,0
100,3,1,2,27,0
108,4,2,2,15,0
98,2,2,2,59,0
109,4,1,2,6,0
112,4,2,1,55,0
113,4,2,1,47,0
109,3,2,2,43,0
999,9,1,3,3,9
122,4,1, ,58,0
118,4,2,2,49,0
127,4,2,2,49,0
121,4,2,2,23,0
104,3,2,2,56,0
128,4,2,2,38,0
114,4,1,2,52,0
108,3,2,2,38,0
90,2,1,1,45,0
113,4,2,1,13,0
98,2,2, ,34,0
90,2,2,1,44,0
86,2,2,1,19,0
90,2,1,2,12,0
100,3,1,3,37,0
101,3,1,1,40,0
116,4,2,2,34,0
118,4,1,2,35,0
119,4,2,2,38,0
126,4,1,1,20,0
120,4,1,2,42,0
109,4,1,2,7,0
120,4,1,1,45,0
123,4,1,1,47,0
113,4,1,2,47,0
118,4,2,2,38,0
101,3,2,1,17,0
121,4,2,2,59,0
132,4,1,2,40,0
120,4,2,2,58,0
116,4,1,2,40,0
999,9,1,2,4,9
92,2,2,1,9,0
123,4,1,2,47,0
111,4,2,2,18,0
113,4,1,2,46,0
113,4,1,1,47,0
119,4,2,2,35,0
134,4,2,3,54,0
999,9,2,3,18,4
108,3,1,3,40,0
122,4,2,2,36,0
116,4,1,2,15,0
106,4,1,2,15,0
124,4,2,1,24,0
112,4,1,2,22,0
115,4,2,3,23,0
114,4,1,2,54,0
108,4,2,1,19,0
109,3,2,2,44,0
128,4,2,2,27,0
119,4,1,2,18,0
123,4,2,2,23,0
120,4,1,3,28,0
110,4,1,3,45,0
125,4,1,3,35,0
116,4,1,2,29,0
133,4,2,3,15,0
125,4,2,2,28,0
123,4,1,2,38,0
999,9,1,2,4,9
113,4,2,2,48,0
108,4,2,1,11,0
999,9,1,2,39,4
999,9,1,3,3,9
999,9,2,1,4,9
105,4,1,1,17,0
999,9,2,3,0,9
133,4,2,2,54,0
118,4,2,1,22,0
124,4,1,2,24,0
121,4,2,3,51,0
114,4,2,2,25,0
128,4,1,3,34,0
110,4,1,3,38,0
112,4,2,3,31,0
120,4,2,2,40,0
120,4,1,3,42,0
999,9,2,2,37,6
128,4,2,2,55,0
120,4,1,2,16,0
128,4,1,2,26,0
123,4,2,2,15,0
120,4,2,2,57,0
119,4,2,1,23,0
999,9,2,2,3,9
111,4,2,3,47,0
112,4,2,3,18,0
118,4,1,2,59,0
124,4,1,2,32,0
111,4,2,3,37,0
125,4,2,2,44,0
100,3,1,2,7,0
123,4,2,2,45,0
107,4,1,1,14,0
126,4,2,2,53,0
112,4,1,2,34,0
107,3,1,2,41,0
130,4,1, ,44,0
100,3,2,2,17,0
126,4,1,2,48,0
112,4,1,0,25,0
105,3,1,2,56,0
121,4,1,2,51,0
107,3,1,2,42,0
999,9,2,3,9,4
117,4,1,1,53,0
122,4,2,2,38,0
102,3,1,1,40,0
118,4,1,2,50,0
104,3,2,2,38,0
120,4,1,2,54,0
112,4,2,1,54,0
111,4,1,1,44,0
133,4,2,2,44,0
107,4,2,2,20,0
117,4,2,2,26,0
126,4,2,2,54,0
91,2,1,2,6,0
114,4,2,1,31,0
110,4,2,0,8,0
117,4,2, ,47,0
112,4,2,1,41,0
99,3,2,0,22,0
105,4,2,1,19,0
105,3,2, ,57,0
106,3,1,1,41,0
114,4,2,1,47,0
110,4,1,1,55,0
105,3,1,2,39,0
999,9,1,2,4,9
98,2,2,2,35,0
999,9,2,2,3,9
90,2,1,2,6,0
115,4,1,2,16,0
102,3,2,2,41,0
99,2,2,2,50,0
126,4,1,1,38,0
110,4,2,2,42,0
131,4,1,1,43,0
999,9,1,1,5,9
107,3,2,2,50,0
112,4,2,2,37,0
105,3,2,2,56,0
109,4,1,2,19,0
99,3,2,2,20,0
101,3,1,2,33,0
999,9,1,2,3,9
107,3,1,2,24,0
112,4,2,2,24,0
118,4,1,2,22,0
124,4,1,2,43,0
122,4,2,2,59,0
104,3,1,2,51,0
114,4,2,2,28,0
113,4,2,2,33,0
111,4,2,2,43,0
122,4,1,2,38,0
105,4,2,2,22,0
110,4,2,3,21,0
123,4,1,2,38,0
109,3,1,3,50,0
114,4,2,3,24,0
115,4,2,3,57,0
109,3,2,3,30,0
130,4,2,2,43,0
116,4,1,2,18,0
999,9,1,2,4,9
110,4,1,3,22,0
119,4,2,2,45,0
128,4,1,1,49,0
117,4,1,2,28,0
127,4,2,2,52,0
125,4,1,2,33,0
133,4,1,2,20,0
110,4,1,1,17,0
126,4,1,2,34,0
121,4,1,2,25,0
121,4,2,2,33,0
119,4,1,2,19,0
106,3,2,2,49,0
127,4,1,2,48,0
106,3,1,2,27,0
119,4,2, ,32,0
115,4,1,2,45,0
129,4,1,2,22,0
127,4,2,3,36,0
129,4,1,2,41,0
100,3,2,2,9,0
112,4,1,2,51,0
114,4,2,2,13,0
119,4,2,2,16,0
116,4,2,2,46,0
116,4,1,2,53,0
119,4,1,2,41,0
121,4,2,2,49,0
999,9,1,3,51,4
123,4,2,2,46,0
112,4,2,2,46,0
121,4,2,2,37,0
124,4,2,2,11,0
122,4,1,2,59,0
126,4,2,2,36,0
123,4,2,2,55,0
125,4,2,1,59,0
128,4,1,2,37,0
115,4,1,2,54,0
131,4,2,2,42,0
113,4,2,3,53,0
117,4,2,3,36,0
98,3,2,3,10,0
113,4,1,2,47,0
999,9,2,2,44,3
999,9,2,3,51,3
115,4,1,2,34,0
115,4,2,2,41,0
102,3,1,2,17,0
115,4,1,1,21,0
117,4,2,3,36,0
103,3,2,3,14,0
999,9,1,2,56,3
112,4,2,1,20,0
102,3,2,2,50,0
97,3,1,3,13,0
105,4,2,2,15,0
114,4,1,2,31,0
108,4,1,2,12,0
108,3,1,1,59,0
113,4,1,2,43,0
999,9,2, ,32,4
99,3,2,3,20,0
103,3,2,2,24,0
134,4,2,2,52,0
120,4,1,2,19,0
119,4,1,2,53,0
106,4,1,2,19,0
125,4,2,2,53,0
105,3,1,3,33,0
85,2,2,3,11,0
121,4,1,3,31,0
122,4,1,2,58,0
118,4,2,3,6,0
132,4,1,2,57,0
109,3,2,3,32,0
126,4,1,2,50,0
130,4,1,2,49,0
121,4,2,2,27,0
999,9,2,2,2,9
114,4,2,2,36,0
115,4,1,2,48,0
999,9,1,2,4,9
93,2,1,2,19,0
105,3,2,1,54,0
122,4,1,3,18,0
121,4,1,1,22,0
114,4,2,3,30,0
124,4,1,2,49,0
112,4,2,2,14,0
113,4,2,1,43,0
118,4,2,0,59,0
116,4,2,0,42,0
999,9,2,2,57,6
109,4,1,2,11,0
115,4,1,2,43,0
119,4,1,2,38,0
105,3,1,1,58,0
97,3,1,1,18,0
107,4,1,1,18,0
114,4,1,2,52,0
99,3,1,2,22,0
127,4,1,2,46,0
115,4,1,2,18,0
117,4,1,1,18,0
104,3,1,2,49,0
112,4,2,1,44,0
108,3,1,2,57,0
110,4,2,1,57,0
106,3,1,1,29,0
90,2,1,2,12,0
74,2,2,1,26,0
98,3,2,1,12,0
123,4,1,2,43,0
123,4,1,2,25,0
104,3,1,2,17,0
127,4,1,2,58,0
112,4,1,2,13,0
130,4,1,2,34,0
131,4,1,0,50,0
113,4,2,3,29,0
105,4,2,2,13,0
120,4,1,2,47,0
118,4,1,3,12,0
110,4,1,2,58,0
113,4,1,3,25,0
132,4,1,2,24,0
115,4,1,2,40,0
120,4,1,2,52,0
106,4,2,2,10,0
999,9,2,2,5,9
104,3,2,2,21,0
132,4,1,2,21,0
104,3,1,2,9,0
125,4,2,2,37,0
123,4,2,2,32,0
113,4,2,2,31,0
114,4,1,3,31,0
134,4,1,3,9,0
121,4,1,2,25,0
110,4,2,1,8,0
115,4,1,3,43,0
116,4,2, ,52,0
98,3,2,2,15,0
129,4,2,2,35,0
102,3,2,2,24,0
119,4,2,2,15,0
103,3,1,1,34,0
109,4,2,2,11,0
104,3,1,2,32,0
122,4,1,2,31,0
100,3,2,1,14,0
124,4,1,2,52,0
107,3,2, ,36,0
129,4,2,2,28,0
113,4,1,3,9,0
115,4,1,2,15,0
118,4,1,2,49,0
103,3,1,2,6,0
121,4,1,2,57,0
120,4,2,2,51,0
999,9,1,2,8,4
114,4,1,2,38,0
104,3,1,2,6,0
119,4,1,1,52,0
129,4,2,2,10,0
111,4,1,2,9,0
118,4,1,2,6,0
115,4,2,2,20,0
123,4,2,2,56,0
109,3,1,2,42,0
112,4,1,2,54,0
92,2,2,2,12,0
119,4,2,2,42,0
109,3,1,2,28,0
106,3,1,2,59,0
116,4,2,2,37,0
140,4,1,2,35,0
118,4,2,2,43,0
126,4,2,3,44,0
129,4,2,2,59,0
117,4,2,2,6,0
122,4,1,3,13,0
130,4,2, ,56,0
100,3,2,2,12,0
134,4,2,2,58,0
108,4,2,1,22,0
119,4,1,2,29,0
129,4,1,2,30,0
119,4,2,2,19,0
111,4,1,3,51,0
119,4,2,3,47,0
999,9,1,3,1,9
121,4,2,2,44,0
139,4,2,2,40,0
107,4,1,2,21,0
115,4,2,2,7,0
115,4,2,2,53,0
127,4,2,2,26,0
83,2,2,2,10,0
87,2,2,2,24,0
115,4,2,3,58,0
999,9,1,3,4,9
101,3,1,2,18,0
114,4,2,2,11,0
125,4,1,1,43,0
121,4,1,2,59,0
123,4,2,3,43,0
93,2,2,3,16,0
108,3,1,2,43,0
115,4,2,2,56,0
99,3,1,2,12,0
116,4,1,2,38,0
128,4,2,2,53,0
103,3,1,1,15,0
104,3,2,1,6,0
116,4,1,3,41,0
110,4,1,2,44,0
139,4,1,2,14,0
99,3,2,2,6,0
123,4,1,2,51,0
999,9,2,2,4,9
119,4,2,2,58,0
124,4,1,2,32,0
122,4,2,2,28,0
116,4,1,2,26,0
116,4,2,2,56,0
100,3,1,3,35,0
109,4,1,3,10,0
124,4,1,2,34,0
110,4,1,1,28,0
124,4,1,2,21,0
110,4,2,2,17,0
999,9,1,3,3,9
124,4,2,3,31,0
999,9,1,2,20,4
92,2,1,2,13,0
116,4,1,3,40,0
104,3,2,3,6,0
120,4,2,2,44,0
120,4,2,2,16,0
122,4,1,3,22,0
102,3,2,2,11,0
114,4,2,2,53,0
107,3,1,2,30,0
96,3,1,2,14,0
111,4,1,2,45,0
113,4,1,2,14,0
111,4,2,2,17,0
128,4,1,3,14,0
116,4,1,2,36,0
120,4,2,2,47,0
103,3,1,2,43,0
107,4,1,2,18,0
124,4,2,2,48,0
121,4,1,2,48,0
85,2,2,2,17,0
999,9,1,2,2,9
135,4,1,2,21,0
128,4,1,2,19,0
111,4,1,2,18,0
111,4,1,2,16,0
121,4,2,3,34,0
999,9,1,2,32,4
123,4,1,2,23,0
115,4,1,2,8,0
130,4,2,2,39,0
127,4,2,2,15,0
129,4,2,2,51,0
120,4,1,2,21,0
107,4,2,2,14,0
132,4,1,2,23,0
132,4,2,2,48,0
999,9,2,3,53,4
117,4,1,3,26,0
126,4,1,2,19,0
113,4,1,2,21,0
122,4,2,2,56,0
114,4,1,3,52,0
999,9,2,3,4,9
999,9,2,2,46,4
128,4,1,2,59,0
111,4,1,2,40,0
118,4,1,2,27,0
113,4,1,2,32,0
111,4,2,2,34,0
122,4,1,3,42,0
115,4,1,2,9,0
111,4,1,2,40,0
120,4,1,3,39,0
124,4,2,3,50,0
130,4,1,3,22,0
116,4,2,3,21,0
999,9,1,2,2,9
98,3,1,2,9,0
105,4,2,2,16,0
113,4,2,2,22,0
132,4,2,3,24,0
109,3,2,3,31,0
106,4,1,3,6,0
108,3,1, ,47,0
115,4,1,2,18,0
121,4,1,2,29,0
113,4,1,2,47,0
124,4,1,2,38,0
135,4,2,2,27,0
118,4,1,3,11,0
120,4,1,3,47,0
105,4,2,3,7,0
110,4,1,2,6,0
138,4,2,2,59,0
116,4,1,3,49,0
116,4,2,2,8,0
127,4,2,1,33,0
109,3,1,2,51,0
115,4,1,3,41,0
115,4,2,3,43,0
117,4,2,3,25,0
120,4,2,3,37,0
122,4,1,3,32,0
121,4,1,3,47,0
113,4,2,3,41,0
127,4,1, ,40,0
118,4,2,2,16,0
107,3,1,2,59,0
117,4,1,2,25,0
127,4,2,2,13,0
114,4,2,2,22,0
124,4,1,2,53,0
121,4,1,2,51,0
124,4,1,2,31,0
111,4,2,2,58,0
130,4,1,2,37,0
101,3,1,3,21,0
113,4,1,2,35,0
121,4,2,3,34,0
108,3,1,2,58,0
113,4,1,2,15,0
122,4,1,2,59,0
106,3,1,2,51,0
111,4,1,2,11,0
122,4,2,2,31,0
120,4,1,3,51,0
111,4,1,2,39,0
114,4,1,2,26,0
123,4,2,3,19,0
999,9,1,3,5,9
139,4,1,2,58,0
111,4,2, ,55,0
130,4,2,3,22,0
120,4,1,2,33,0
109,3,2,1,27,0
140,4,2,2,53,0
130,4,2,2,52,0
103,3,1,3,6,0
114,4,2,2,59,0
133,4,1,3,29,0
112,4,1,2,51,0
112,4,2,2,10,0
107,3,2,2,26,0
999,9,2,2,33,3
112,4,1,3,59,0
118,4,1,3,17,0
108,3,2,2,45,0
116,4,1,2,38,0
113,4,1,2,18,0
124,4,2,3,30,0
109,4,2,1,7,0
103,3,1,3,24,0
116,4,1,2,13,0
999,9,2,2,5,9
120,4,1,2,51,0
126,4,2,3,16,0
120,4,1,2,51,0
122,4,2,2,25,0
999,9,1,2,44,4
113,4,2,2,52,0
111,4,1,2,54,0
126,4,2,2,22,0
110,4,2,3,37,0
116,4,1,2,15,0
119,4,2,2,10,0
124,4,1,2,14,0
124,4,1,2,43,0
108,3,2,3,33,0
108,4,1,2,21,0
999,9,2,2,4,9
135,4,2,1,54,0
999,9,2,1,3,9
111,4,1,2,17,0
119,4,1,2,26,0
123,4,1,1,54,0
122,4,2,1,31,0
116,4,1,2,41,0
119,4,1,2,41,0
116,4,1,2,13,0
116,4,2,2,39,0
109,3,2,2,30,0
123,4,1,2,20,0
111,4,1,2,27,0
115,4,2,2,14,0
120,4,1,2,34,0
115,4,2,2,33,0
999,9,1,3,3,9
113,4,2,3,47,0
109,3,2,2,54,0
110,4,1,3,16,0
111,4,1,2,36,0
113,4,1,2,26,0
119,4,1,3,19,0
128,4,2,2,53,0
999,9,2,2,5,9
119,4,2,3,30,0
113,4,2,3,30,0
117,4,1,2,52,0
119,4,1,3,28,0
999,9,1,2,2,9
120,4,2,2,23,0
126,4,1, ,54,0
98,3,1,2,8,0
105,4,1,2,15,0
123,4,1,2,52,0
113,4,2,3,59,0
118,4,2,3,41,0
97,3,1,2,15,0
121,4,1,3,17,0
124,4,1,3,55,0
999,9,2,3,3,9
108,4,1,2,16,0
999,9,2,2,5,9
104,3,2,3,8,0
116,4,2,3,58,0
135,4,2,2,26,0
118,4,1,1,59,0
104,3,1,1,14,0
106,3,1,2,54,0
999,9,2,2,1,9
121,4,2,2,50,0
117,4,1,3,25,0
126,4,2,2,13,0
119,4,1,2,47,0
108,4,1,3,8,0
115,4,1, ,46,0
123,4,2,2,31,0
124,4,1,2,31,0
108,4,1,3,20,0
123,4,2,3,39,0
999,9,1,2,1,9
999,9,1,2,7,4
112,4,1,3,27,0
116,4,2,2,14,0
121,4,2,2,47,0
115,4,2,2,48,0
129,4,2,3,10,0
122,4,1,3,38,0
108,4,1,3,19,0
999,9,1,2,1,9
119,4,1,2,59,0
125,4,1,3,18,0
100,3,1,3,56,0
111,4,1,2,21,0
129,4,2,2,51,0
999,9,1,2,3,9
109,3,2,2,43,0
118,4,1,3,42,0
106,4,2,2,10,0
133,4,1,2,54,0
110,4,2,2,29,0
139,4,1, ,54,0
126,4,2,2,22,0
121,4,1,3,16,0
120,4,2,2,48,0
115,4,2,2,46,0
122,4,1,2,27,0
108,3,1,2,45,0
104,3,1,2,47,0
115,4,1,3,38,0
115,4,2,2,44,0
104,3,2,2,21,0
126,4,1,3,48,0
119,4,2,3,25,0
114,4,2,3,41,0
122,4,2,2,18,0
100,3,2,3,48,0
999,9,1,2,2,9
102,3,1,2,20,0
109,4,2,2,12,0
114,4,1,2,13,0
113,4,1,2,48,0
999,9,2,2,5,9
145,4,1,2,30,0
137,4,1,3,58,0
999,9,2,2,3,9
999,9,2,3,29,4
112,4,2,2,21,0
123,4,1,3,46,0
123,4,2,3,24,0
109,4,2,2,17,0
999,9,2,3,0,9
113,4,2,3,34,0
118,4,1,2,23,0
105,3,1,1,31,0
116,4,1,2,58,0
110,4,1,1,18,0
119,4,2,2,24,0
114,4,2,1,14,0
113,4,2,2,42,0
126,4,2,2,54,0
115,4,2,2,39,0
110,4,2,2,10,0
114,4,1,2,31,0
112,4,2,2,44,0
113,4,2,2,9,0
96,2,1,1,41,0
107,3,1,2,33,0
121,4,1,1,59,0
129,4,2,1,46,0
101,3,2,1,6,0
110,4,1,2,55,0
106,3,1,2,44,0
101,3,1,2,13,0
100,3,2,2,21,0
109,3,2,2,30,0
112,4,2,2,16,0
113,4,1,2,29,0
121,4,1,2,56,0
108,4,1, ,21,0
133,4,2,2,51,0
86,2,1,2,12,0
118,4,2,2,57,0
126,4,2,1,52,0
86,2,1,1,12,0
108,3,1,2,42,0
113,4,2,2,12,0
109,4,1,3,21,0
121,4,1,2,24,0
103,3,2,2,22,0
93,2,1,2,30,0
107,3,1,2,24,0
110,4,1,2,36,0
111,4,1,1,17,0
107,4,1,2,22,0
104,3,2,2,49,0
115,4,1,1,50,0
122,4,1,2,29,0
999,9,2,2,42,4
120,4,2,3,25,0
139,4,1,2,49,0
105,3,2,3,47,0
90,2,2,3,11,0
122,4,2,3,25,0
999,9,1,2,29,4
999,9,1,3,5,9
129,4,2,3,35,0
999,9,2,2,59,4
130,4,2,1,53,0
130,4,2,1,37,0
120,4,2,2,54,0
109,4,1,3,16,0
112,4,1,3,6,0
122,4,1,3,37,0
131,4,1,2,24,0
116,4,2,2,31,0
115,4,2,1,29,0
102,3,1,2,7,0
113,4,2, ,35,0
99,2,1, ,32,0
100,3,1,2,42,0
120,4,2,2,12,0
108,3,2,2,52,0
103,3,1, ,35,0
118,4,1, ,43,0
999,9,1,2,4,9
131,4,2,2,59,0
119,4,1,2,28,0
114,4,1,2,56,0
114,4,1,1,31,0
116,4,1,3,52,0
102,3,2,1,38,0
112,4,2,2,52,0
115,4,1,2,26,0
112,4,2,2,48,0
88,2,1,2,6,0
103,3,2,2,21,0
108,3,1,2,38,0
105,4,2,2,12,0
120,4,1,2,16,0
83,2,1,2,7,0
94,2,1,2,17,0
113,4,1,1,54,0
103,3,1,1,8,0
114,4,2,2,23,0
127,4,2,2,36,0
123,4,2,1,43,0
115,4,2,3,31,0
93,2,2,2,22,0
113,4,2,1,8,0
120,4,2,1,17,0
100,3,2,2,25,0
103,3,1,2,44,0
128,4,2,2,9,0
111,4,2,2,59,0
114,4,2,2,19,0
108,3,2,2,44,0
999,9,1,2,4,9
127,4,1, ,56,0
110,4,1,2,14,0
131,4,2,2,51,0
100,3,1,2,6,0
101,3,2,2,24,0
111,4,1,2,59,0
112,4,1,1,17,0
121,4,1,2,50,0
92,2,1,2,11,0
100,3,1,2,36,0
119,4,2,2,38,0
110,4,1,2,31,0
110,4,1,2,43,0
108,3,1,2,53,0
111,4,1,2,32,0
128,4,2,3,33,0
127,4,1,1,33,0
110,4,1,1,50,0
109,4,2,1,22,0
103,3,2,1,43,0
115,4,2,2,36,0
105,3,2,0,58,0
122,4,1,0,44,0
124,4,2,0,53,0
999,9,1,0,3,9
999,9,2,1,0,9
108,3,1,1,24,0
999,9,1,1,4,9
104,3,2,1,44,0
100,3,1,1,17,0
114,4,1,1,26,0
106,3,2,0,50,0
109,3,2,1,25,0
103,3,2,1,42,0
88,2,2,1,7,0
98,2,2,1,25,0
96,2,1,1,37,0
83,2,1,0,9,0
103,3,1,0,36,0
95,3,2,0,12,0
106,4,1,1,9,0
999,9,2,1,2,9
111,4,2,0,45,0
114,4,2,1,11,0
99,3,2,2,19,0
107,3,1,1,33,0
110,4,2,2,57,0
115,4,1,2,41,0
100,3,2,2,26,0
112,4,2,2,15,0
110,4,1, ,24,0
117,4,2,2,49,0
121,4,2,2,34,0
97,3,2,1,22,0
118,4,2,1,33,0
109,3,2,1,43,0
109,3,2,2,29,0
124,4,1,1,37,0
118,4,1, ,52,0
126,4,2,1,34,0
122,4,2,1,49,0
126,4,2,2,50,0
999,9,1,2,0,9
103,3,1,2,6,0
110,4,1,1,55,0
999,9,1,1,3,9
123,4,1,2,37,0
117,4,1,1,30,0
112,4,1,2,36,0
92,2,1,2,11,0
999,9,1,2,4,9
107,3,1,2,41,0
96,3,2,2,11,0
99,3,1,0,8,0
109,4,1,2,16,0
108,3,2,1,54,0
108,3,2,1,49,0
106,3,1,1,46,0
100,3,1,2,22,0
119,4,1,2,25,0
108,4,2, ,19,0
90,2,2,2,22,0
108,3,1,1,54,0
119,4,1,1,56,0
97,3,2,1,14,0
111,4,2,2,31,0
999,9,1,2,3,9
102,3,1,2,9,0
91,2,1,1,38,0
87,2,1,2,28,0
118,4,2,3,27,0
87,2,1,2,7,0
135,4,1,2,33,0
102,3,1,2,6,0
118,4,2,3,33,0
115,4,2,2,52,0
999,9,2,2,1,9
109,3,1,2,25,0
999,9,1,2,5,9
130,4,1,2,25,0
115,4,1,2,23,0
115,4,1,2,55,0
120,4,1,3,41,0
124,4,1,2,18,0
123,4,2,3,59,0
99,3,2,3,16,0
112,4,1,2,57,0
118,4,1,2,19,0
101,3,1,2,32,0
112,4,1,3,33,0
102,3,1,2,26,0
123,4,2,1,43,0
120,4,2,2,49,0
126,4,2,2,39,0
105,4,2,2,23,0
999,9,1,2,5,9
109,3,2,2,57,0
104,3,1,3,20,0
101,3,2,2,29,0
100,3,2,3,6,0
104,3,1,2,52,0
113,4,2,2,58,0
100,3,2,2,10,0
125,4,1,2,22,0
110,4,2,2,19,0
136,4,1,2,39,0
116,4,2,2,18,0
116,4,1,2,41,0
108,4,1,2,21,0
104,3,2,2,37,0
105,3,2,2,35,0
114,4,1,3,42,0
105,3,1,2,44,0
109,4,2,3,11,0
109,3,2,2,49,0
116,4,2,2,51,0
999,9,2,1,3,9
112,4,1,3,30,0
121,4,1,2,44,0
106,3,1,2,41,0
113,4,1,2,44,0
97,3,2,2,6,0
113,4,2,2,54,0
999,9,1,3,5,9
122,4,2,2,37,0
999,9,1,2,2,9
116,4,1,2,57,0
105,3,2,2,27,0
123,4,1,2,55,0
112,4,2,2,52,0
112,4,2,2,38,0
114,4,1,2,56,0
119,4,1,2,41,0
107,4,1,2,21,0
134,4,2,3,29,0
119,4,2,2,40,0
115,4,1,2,39,0
121,4,2,2,55,0
118,4,2,2,52,0
123,4,1,2,40,0
108,3,2,2,41,0
117,4,1,2,25,0
113,4,1,2,50,0
999,9,2,2,4,9
123,4,2,2,38,0
114,4,2,2,58,0
98,3,1,2,6,0
134,4,2,3,42,0
97,3,2,2,19,0
93,2,2,2,16,0
112,4,2,2,49,0
119,4,2,2,58,0
109,3,1,2,48,0
119,4,1,2,28,0
97,3,1,1,23,0
107,3,2,3,57,0
110,4,2,2,48,0
117,4,2,1,41,0
94,2,1,2,22,0
89,2,1,2,26,0
83,2,2,2,34,0
92,2,1,2,19,0
90,2,2,2,43,0
93,2,2,2,19,0
93,2,1,1,39,0
118,4,1,1,57,0
99,3,1,1,23,0
109,3,1,3,37,0
127,4,2,2,52,0
102,3,2,2,22,0
112,4,1,2,15,0
107,3,1,2,48,0
110,4,2,2,57,0
114,4,1,3,19,0
93,2,1,2,17,0
101,3,1,1,39,0
93,2,2,2,44,0
107,3,1,2,26,0
100,3,2,2,24,0
92,2,1,2,43,0
114,4,2,2,22,0
113,4,2,3,29,0
95,3,1,3,13,0
116,4,2,2,38,0
92,2,1,2,23,0
117,4,1,2,58,0
126,4,2,2,58,0
114,4,2,1,58,0
108,3,2,1,49,0
118,4,1,1,29,0
108,3,1,1,33,0
112,4,2, ,21,0
89,2,2,3,44,0
110,4,1,2,53,0
112,4,1,2,35,0
999,9,2,2,1,9
99,2,1,2,33,0
122,4,2,3,38,0
122,4,1,3,48,0
111,4,2,3,21,0
130,4,1,2,26,0
114,4,1,2,31,0
109,4,2,2,13,0
81,2,2,3,11,0
117,4,1,2,35,0
119,4,2,3,17,0
99,3,1,2,14,0
121,4,1,2,43,0
999,9,1,2,41,6
109,4,2,2,19,0
109,4,2,3,21,0
112,4,1,2,43,0
108,4,1,2,8,0
117,4,1,2,17,0
104,3,1,2,21,0
117,4,1,2,54,0
106,3,2,3,44,0
108,4,2,3,8,0
999,9,1,2,4,9
125,4,1,2,53,0
129,4,1,2,31,0
999,9,1,2,5,9
115,4,2,3,28,0
110,4,1,3,20,0
116,4,1,2,59,0
108,4,2,2,16,0
101,3,2,2,13,0
116,4,2,2,48,0
120,4,1,2,43,0
122,4,2,2,58,0
124,4,1,2,38,0
118,4,1,2,59,0
999,9,2,2,5,9
84,2,1,2,7,0
104,3,1,2,13,0
103,3,2,2,47,0
105,3,2,1,42,0
113,4,2,2,26,0
114,4,2,3,42,0
115,4,2,3,41,0
102,3,1,2,24,0
94,2,1,3,19,0
109,4,2,2,15,0
87,2,2,2,59,0
98,3,2,2,16,0
116,4,1,2,47,0
110,4,2,2,47,0
135,4,2,2,32,0
87,2,2,2,6,0
130,4,1,2,37,0
113,4,1,2,8,0
101,3,1,2,20,0
999,9,2,3,2,9
109,4,1,2,22,0
87,2,1,1,51,0
116,4,1,2,38,0
105,3,1,3,29,0
122,4,1,2,58,0
999,9,1,2,3,9
114,4,2,3,31,0
115,4,2,3,33,0
99,3,2,2,6,0
105,3,1,2,46,0
102,3,1,2,11,0
108,4,1,2,14,0
121,4,1,2,44,0
111,4,1,2,27,0
115,4,2,3,48,0
115,4,2,3,16,0
100,3,1,3,9,0
107,4,1,3,13,0
117,4,2,3,22,0
110,4,1,2,18,0
122,4,2,2,39,0
115,4,1,2,50,0
119,4,2,2,49,0
107,3,1,2,59,0
110,4,1,2,17,0
113,4,1,2,45,0
121,4,2,2,21,0
108,3,2,2,38,0
115,4,2,2,30,0
125,4,2,3,6,0
102,3,2,2,24,0
121,4,1,3,24,0
123,4,2,2,17,0
112,4,1,2,12,0
120,4,1,3,17,0
109,4,1,2,12,0
114,4,2,2,40,0
123,4,1,2,41,0
113,4,1,2,22,0
90,2,1,2,12,0
999,9,2,2,5,9
125,4,1,2,47,0
122,4,1,2,35,0
113,4,1,2,26,0
111,4,2,2,34,0
117,4,1,2,29,0
128,4,1,2,58,0
122,4,2,2,50,0
107,3,2,3,48,0
112,4,2,2,13,0
128,4,1, ,56,0
123,4,2,2,31,0
111,4,2,2,20,0
119,4,1,2,32,0
116,4,2,2,56,0
100,3,2,2,48,0
125,4,2,2,47,0
116,4,1,2,33,0
98,2,2,2,36,0
114,4,2,2,11,0
117,4,2,1,41,0
100,3,1,2,15,0
121,4,1,2,45,0
100,3,2,2,53,0
93,2,2,2,21,0
115,4,1,2,25,0
999,9,1,3,43,3
101,3,2,3,38,0
118,4,1,3,43,0
114,4,1,3,48,0
122,4,2,3,10,0
108,3,2,3,37,0
105,3,1,2,54,0
137,4,2,2,39,0
106,3,1,3,24,0
124,4,2,2,41,0
89,2,1,2,14,0
136,4,1,1,49,0
107,4,2,2,12,0
112,4,2,2,59,0
146,4,1,2,25,0
999,9,2,3,19,3
123,4,2,1,10,0
117,4,1,3,18,0
80,2,1,2,14,0
131,4,1,3,45,0
999,9,2,2,4,9
90,2,1,2,21,0
131,4,1,3,6,0
105,4,2,2,12,0
147,4,2,3,20,0
113,4,2,3,16,0
119,4,1,2,34,0
120,4,2,2,34,0
115,4,2,2,34,0
123,4,1,2,27,0
113,4,1,2,56,0
103,3,2,2,11,0
110,4,2,3,16,0
135,4,2,2,57,0
108,3,2,1,51,0
103,3,1,2,16,0
95,2,2,2,59,0
112,4,2,2,19,0
108,4,1,3,16,0
91,2,2,3,35,0
109,4,2,2,22,0
116,4,2,2,38,0
108,3,2,2,43,0
123,4,1,3,32,0
116,4,1,3,30,0
999,9,2,3,32,6
119,4,1,2,27,0
112,4,1,2,34,0
119,4,1,2,54,0
999,9,1,2,3,9
113,4,1,2,46,0
110,4,1,3,53,0
113,4,2,2,55,0
116,4,2,2,43,0
114,4,1,3,46,0
118,4,2,2,34,0
113,4,1,2,32,0
110,4,1,2,6,0
113,4,2,1,52,0
108,4,2,2,21,0
116,4,1,2,39,0
111,4,1,2,22,0
109,4,1,2,6,0
119,4,2,2,54,0
108,3,1,2,48,0
115,4,2,2,34,0
103,3,1,2,25,0
106,3,2,2,32,0
128,4,2, ,43,0
118,4,1,1,31,0
124,4,1,2,25,0
104,3,1,2,37,0
97,3,1,2,18,0
117,4,2,2,31,0
105,3,1,2,54,0
999,9,1,2,5,9
121,4,2,2,39,0
100,3,1,1,37,0
120,4,2,1,55,0
108,4,1,2,7,0
115,4,2,1,57,0
100,3,2,1,9,0
80,2,2,3,20,0
88,2,2,1,9,0
131,4,2,3,33,0
124,4,1,3,51,0
115,4,2,3,35,0
89,2,1,2,15,0
131,4,2,2,43,0
127,4,1,2,20,0
115,4,1,2,16,0
124,4,1,2,34,0
119,4,1,2,17,0
101,3,2,2,7,0
110,4,2,2,36,0
130,4,2,2,49,0
89,2,1,2,16,0
105,3,1,1,47,0
126,4,2,1,58,0
126,4,1,2,34,0
109,3,2,3,58,0
135,4,1,3,55,0
107,3,1,2,44,0
113,4,2,2,22,0
109,3,1, ,43,0
999,9,2,2,3,9
113,4,1,2,47,0
108,3,2,2,47,0
113,4,2,2,58,0
113,4,1,3,56,0
122,4,2,3,20,0
999,9,1,3,10,4
126,4,2,3,55,0
122,4,1,2,38,0
123,4,1, ,59,0
135,4,1,2,57,0
122,4,1,2,50,0
119,4,2, ,22,0
129,4,2,2,55,0
118,4,1, ,16,0
97,3,1,2,23,0
125,4,2,2,58,0
121,4,1,3,59,0
101,3,2,3,11,0
126,4,2, ,59,0
121,4,2,2,36,0
119,4,1,2,51,0
111,4,1,2,13,0
116,4,1,1,57,0
132,4,1,2,45,0
133,4,1,2,25,0
999,9,2,2,3,9
104,3,1,2,9,0
114,4,1,2,55,0
127,4,1,2,25,0
999,9,1,1,52,4
126,4,2,3,23,0
999,9,1,2,4,9
116,4,2,2,24,0
115,4,1,2,42,0
114,4,2,3,45,0
95,2,2,3,29,0
110,4,1,3,7,0
119,4,2,2,55,0
128,4,1,3,39,0
999,9,1,2,1,9
110,4,1,2,21,0
121,4,2,2,26,0
999,9,2,2,2,9
103,3,2,2,14,0
102,3,2,2,44,0
134,4,2,2,41,0
999,9,1,2,4,9
131,4,1,2,59,0
112,4,1,2,52,0
125,4,1,2,42,0
112,4,2,3,33,0
110,4,1,3,13,0
102,3,2,3,25,0
113,4,1,3,42,0
999,9,2, ,2,9
116,4,2,2,18,0
122,4,2,2,18,0
112,4,1,2,28,0
100,3,2,2,7,0
130,4,2,2,36,0
140,4,1,3,39,0
137,4,1,2,59,0
999,9,2,2,3,9
125,4,2,3,44,0
116,4,2,3,58,0
101,3,2,3,13,0
128,4,1,2,22,0
132,4,1,2,49,0
129,4,2,2,59,0
99,3,1,2,10,0
101,3,1,1,24,0
115,4,1,2,19,0
107,3,1,2,57,0
109,3,2,2,35,0
999,9,1,2,2,9
119,4,2,2,33,0
999,9,1,1,2,9
90,2,1,2,17,0
134,4,1,2,39,0
106,3,2,0,41,0
116,4,1,2,31,0
94,2,2,2,10,0
116,4,1, ,54,0
95,3,1,1,19,0
130,4,1,2,51,0
112,4,2,2,34,0
114,4,1,3,24,0
124,4,2,2,56,0
115,4,2,2,37,0
92,2,1,3,17,0
115,4,1,2,32,0
106,3,1,2,38,0
79,2,1,2,12,0
129,4,2,2,37,0
122,4,1,2,45,0
121,4,2,3,55,0
96,3,1,3,7,0
110,4,1,2,53,0
95,2,1,2,45,0
107,4,2,2,19,0
110,4,1,2,58,0
118,4,2,3,49,0
116,4,2,2,12,0
105,3,2,2,35,0
999,9,1,2,3,9
107,3,2,2,35,0
91,2,2,2,35,0
131,4,1,2,15,0
116,4,1,1,33,0
130,4,2,2,51,0
999,9,1,1,4,9
111,4,2,2,46,0
112,4,1,2,41,0
113,4,1,2,13,0
126,4,1,2,44,0
98,3,2,1,13,0
90,2,2,2,14,0
120,4,2,1,48,0
122,4,1,2,56,0
125,4,2,2,35,0
999,9,1,2,5,9
108,3,2,2,43,0
999,9,1,1,32,4
154,4,2,0,52,0
112,4,1,1,54,0
112,4,1,1,18,0
113,4,2,1,19,0
999,9,1,2,2,9
120,4,2,2,43,0
119,4,1,1,45,0
109,4,2,1,7,0
121,4,1,2,9,0
131,4,2,2,45,0
118,4,1,1,48,0
108,3,1,1,29,0
115,4,1,1,50,0
110,4,1,1,47,0
103,3,2,1,22,0
116,4,1,1,24,0
109,3,2,2,49,0
115,4,1,2,30,0
114,4,1,2,15,0
100,3,2,1,47,0
112,4,1,1,54,0
114,4,1,1,55,0
112,4,1,2,49,0
130,4,2,1,54,0
127,4,2,2,55,0
106,4,1,2,7,0
120,4,1,1,14,0
112,4,1,1,45,0
113,4,2,2,23,0
114,4,1,2,37,0
104,3,2,3,17,0
133,4,1,3,51,0
999,9,1,2,46,4
107,3,2,3,42,0
76,2,1,2,30,0
104,3,1,1,39,0
109,4,1,1,17,0
102,3,1,3,40,0
999,9,1,3,5,9
121,4,2,1,52,0
122,4,1,1,9,0
113,4,1,2,42,0
125,4,1,2,43,0
85,2,2,2,10,0
110,4,1,2,38,0
91,2,1,2,11,0
117,4,1,1,59,0
114,4,1,2,20,0
110,4,1,2,48,0
92,2,1,2,53,0
124,4,1,2,33,0
127,4,1,3,55,0
117,4,2,3,11,0
116,4,2,2,29,0
106,3,1,3,25,0
107,3,2,3,58,0
101,3,1,3,22,0
101,3,2,3,48,0
117,4,2,2,27,0
108,3,1,2,24,0
104,3,2,2,7,0
119,4,2,3,27,0
123,4,1,3,23,0
119,4,2,3,17,0
120,4,2,2,44,0
123,4,1,2,31,0
115,4,2,3,59,0
123,4,2,2,48,0
115,4,1,2,48,0
999,9,2,2,5,9
115,4,2,2,42,0
112,4,1,2,35,0
109,4,2,3,16,0
119,4,1,2,7,0
103,3,1,2,8,0
112,4,2,2,14,0
123,4,1,2,25,0
104,3,2,2,10,0
113,4,1,2,47,0
123,4,2,2,30,0
120,4,1,2,47,0
104,3,2,2,19,0
118,4,2,2,58,0
112,4,1,2,40,0
100,3,2,2,48,0
96,2,1,2,38,0
95,3,2,2,16,0
106,3,2,2,35,0
95,2,1,2,35,0
113,4,1,2,55,0
105,3,2,2,29,0
103,3,1,2,27,0
106,3,1,2,43,0
999,9,2,2,2,9
123,4,2,1,49,0
143,4,1,2,8,0
109,3,1,2,32,0
130,4,1,2,26,0
129,4,1,2,26,0
103,3,2,2,37,0
107,4,1,2,23,0
999,9,1,2,1,9
122,4,1,2,27,0
115,4,1,2,47,0
104,3,1,2,31,0
118,4,2,2,58,0
99,2,1,2,49,0
123,4,2,2,57,0
112,4,1,2,44,0
114,4,2,2,32,0
91,2,2,2,39,0
999,9,1,2,0,9
109,3,1,2,48,0
108,3,1,2,57,0
115,4,2,2,37,0
103,3,2,3,23,0
135,4,1,2,57,0
124,4,1,2,42,0
100,3,2,2,8,0
123,4,2,3,27,0
105,4,2,2,19,0
112,4,1,1,56,0
106,3,1, ,25,0
123,4,2,1,48,0
107,3,1,1,46,0
100,3,2, ,50,0
95,3,2,2,21,0
106,4,1,2,23,0
87,2,1,2,12,0
111,4,1,3,28,0
106,4,1,2,13,0
98,3,1,2,12,0
110,4,1,2,32,0
111,4,1,2,17,0
95,3,2,2,10,0
110,4,1,2,22,0
113,4,1,2,22,0
129,4,1,3,49,0
110,4,1, ,26,0
121,4,2, ,26,0
126,4,1,2,44,0
106,4,1,2,15,0
133,4,2,2,35,0
107,3,1,2,29,0
116,4,2,2,36,0
123,4,1,2,49,0
126,4,1,2,51,0
101,3,1,2,20,0
124,4,1,2,55,0
115,4,1,2,27,0
116,4,2,2,35,0
109,4,2,2,6,0
999,9,1,2,4,9
127,4,2,2,52,0
119,4,1,2,55,0
105,4,1,2,19,0
104,3,2,2,7,0
115,4,2,3,35,0
115,4,2,2,37,0
90,2,1,2,16,0
117,4,2,2,31,0
118,4,2,2,46,0
132,4,2,3,46,0
999,9,1,3,0,9
103,3,2,2,16,0
126,4,2,2,50,0
98,3,2,2,16,0
113,4,1,2,15,0
103,3,2,3,39,0
121,4,2,2,28,0
104,3,2,2,11,0
130,4,2,2,56,0
123,4,2,3,20,0
106,3,1,2,42,0
115,4,1,2,44,0
114,4,1,2,42,0
102,3,1,2,9,0
111,4,1,2,31,0
125,4,2,2,48,0
106,4,2,2,15,0
109,3,1,1,45,0
111,4,1,2,12,0
115,4,1,2,38,0
120,4,2,1,57,0
121,4,1,1,57,0
116,4,2,1,13,0
115,4,2,1,52,0
111,4,1,2,53,0
111,4,2,2,33,0
113,4,2,2,33,0
98,3,1,2,11,0
112,4,1,2,50,0
108,4,2,2,13,0
108,4,1,2,16,0
85,2,1,1,11,0
121,4,2,2,48,0
110,4,1,2,27,0
109,3,1,1,48,0
106,3,1,2,26,0
112,4,1,2,34,0
121,4,2, ,23,0
111,4,2,2,33,0
117,4,2,2,51,0
113,4,1,2,49,0
120,4,1,2,44,0
110,4,2,1,45,0
107,3,2,1,38,0
111,4,1,2,53,0
110,4,2,2,45,0
87,2,2,2,7,0
105,3,2,2,27,0
130,4,2,2,51,0
112,4,2,2,48,0
999,9,2,2,0,9
104,3,1,1,37,0
103,3,2, ,32,0
999,9,2,2,5,9
115,4,2,1,43,0
999,9,2,1,5,9
92,2,1,2,10,0
120,4,2,2,20,0
120,4,2,1,50,0
115,4,1,1,43,0
98,2,1,2,49,0
128,4,2,1,20,0
100,3,2,1,39,0
118,4,1,2,52,0
999,9,1,2,5,9
105,4,2,2,22,0
121,4,2,1,20,0
111,4,2,1,13,0
99,3,1,2,19,0
121,4,1,1,46,0
110,4,1,1,6,0
120,4,1,2,47,0
999,9,2,2,4,9
108,4,1,2,8,0
126,4,2,2,36,0
108,3,2,1,25,0
133,4,2,2,50,0
111,4,1,2,52,0
999,9,1,2,0,9
118,4,2,2,50,0
999,9,1,2,4,9
117,4,1,1,58,0
110,4,2,1,14,0
86,2,1,2,32,0
115,4,1,1,31,0
120,4,2,2,51,0
86,2,1,2,16,0
116,4,2,2,38,0
118,4,2,2,38,0
94,2,1,2,13,0
109,3,2,2,34,0
999,9,1,2,0,9
134,4,2,1,23,0
129,4,1,2,46,0
112,4,1,2,31,0
101,3,2,2,25,0
107,4,2,1,12,0
999,9,2,1,3,9
126,4,1,2,43,0
114,4,1,1,26,0
123,4,1,2,56,0
117,4,2,2,34,0
999,9,2,2,1,9
108,3,1,2,26,0
103,3,2,1,30,0
112,4,1,1,48,0
109,3,1,1,45,0
98,3,1,1,10,0
116,4,1,1,12,0
110,4,1,2,17,0
118,4,2,2,33,0
112,4,1,1,30,0
93,2,2,1,23,0
101,3,2,2,13,0
92,2,1,2,15,0
92,2,2,2,11,0
114,4,2,2,53,0
102,3,1,2,25,0
124,4,2,2,31,0
123,4,2,2,49,0
120,4,1,2,36,0
118,4,1,2,46,0
120,4,1,2,22,0
999,9,2,2,57,4
114,4,1,2,14,0
119,4,1,2,33,0
128,4,1, ,57,0
121,4,1,2,59,0
118,4,2,2,26,0
116,4,2,2,35,0
112,4,2,2,28,0
100,3,2,3,21,0
95,2,2,2,38,0
124,4,2,3,43,0
999,9,1,3,17,4
125,4,2,3,49,0
127,4,1,3,58,0
999,9,1,2,43,4
999,9,1,2,9,4
113,4,2,3,51,0
126,4,1,2,22,0
999,9,1,2,42,3
111,4,2,2,20,0
111,4,1,2,59,0
124,4,2,2,15,0
134,4,1,2,51,0
93,2,2,2,11,0
121,4,1,2,16,0
125,4,2,2,27,0
111,4,1,2,7,0
105,4,1,2,18,0
127,4,2,2,19,0
124,4,1,2,45,0
121,4,1,2,19,0
130,4,1,2,37,0
137,4,1, ,27,0
107,4,2,2,12,0
131,4,2,2,28,0
117,4,1,2,59,0
118,4,1,3,33,0
98,3,1,2,7,0
123,4,2,2,41,0
131,4,1,2,38,0
115,4,2,2,27,0
127,4,1,2,29,0
116,4,2,2,20,0
120,4,2,2,58,0
138,4,1,3,31,0
132,4,2,2,47,0
124,4,2,2,25,0
107,4,2,2,7,0
67,1,1,2,8,0
117,4,2,2,11,0
112,4,2,2,15,0
99,2,2,2,34,0
126,4,1,2,33,0
131,4,1,2,33,0
118,4,1,2,29,0
109,4,2,2,23,0
123,4,1,2,53,0
119,4,1,2,41,0
117,4,2,2,17,0
123,4,1,3,45,0
123,4,1,2,57,0
120,4,2,2,31,0
104,3,2,2,12,0
118,4,2,2,55,0
108,3,2,1,34,0
121,4,2,0,18,0
109,3,1,2,36,0
113,4,2,3,42,0
110,4,1,2,55,0
129,4,2,2,56,0
130,4,2,2,31,0
120,4,2,1,58,0
118,4,2,2,45,0
116,4,2,3,28,0
114,4,2,3,37,0
108,3,2,2,57,0
999,9,1,2,12,4
102,3,1,2,18,0
127,4,1,2,58,0
130,4,1,2,58,0
107,4,1,2,9,0
122,4,1,2,43,0
100,3,1,2,10,0
123,4,1,2,59,0
109,4,2,2,6,0
98,2,1,3,37,0
117,4,1,2,41,0
126,4,2,2,59,0
92,2,1,2,20,0
113,4,2,2,31,0
130,4,1,1,56,0
106,4,1,2,19,0
102,3,1,2,19,0
122,4,2,2,17,0
121,4,2,3,20,0
111,4,1,2,57,0
117,4,2,2,36,0
106,4,2,2,19,0
125,4,1,2,54,0
114,4,1,2,42,0
138,4,1,2,37,0
999,9,1,2,3,9
116,4,1,2,41,0
104,3,2,2,27,0
93,2,1,2,33,0
132,4,1,3,26,0
116,4,2,2,17,0
122,4,2,3,33,0
110,4,2,2,58,0
113,4,2,2,21,0
137,4,1,2,56,0
123,4,2,2,36,0
118,4,1,2,36,0
115,4,1,2,36,0
115,4,2,3,19,0
121,4,2,3,14,0
96,2,1,2,24,0
118,4,1,2,24,0
89,2,2, ,21,0
120,4,1,1,12,0
101,3,1,3,7,0
999,9,1,3,9,4
999,9,2,3,5,9
91,2,2,2,35,0
106,4,1,3,7,0
113,4,1,2,23,0
121,4,2,2,43,0
116,4,2,2,31,0
125,4,2,2,23,0
115,4,1,2,38,0
115,4,2,2,31,0
102,3,2,2,14,0
120,4,2,2,54,0
116,4,1,2,16,0
132,4,1,2,56,0
117,4,2,2,35,0
124,4,1,2,58,0
108,3,1,2,37,0
999,9,1,3,5,9
114,4,1,3,24,0
124,4,1,3,36,0
129,4,1,3,52,0
119,4,1,3,55,0
119,4,1,3,39,0
999,9,2,2,2,9
132,4,1,2,25,0
114,4,2,2,49,0
999,9,1,2,5,9
103,3,1,2,13,0
115,4,1,2,57,0
119,4,1,2,54,0
999,9,2,2,4,9
129,4,1,2,50,0
99,3,1,2,10,0
126,4,2,2,44,0
999,9,2,2,0,9
114,4,2,2,12,0
98,3,2,2,9,0
115,4,1, ,48,0
119,4,1,2,44,0
126,4,1,2,27,0
108,4,1,2,19,0
117,4,1,2,26,0
113,4,1,2,9,0
999,9,2,2,3,9
116,4,2,2,39,0
108,3,2,2,39,0
118,4,2,3,31,0
81,2,1,2,14,0
110,4,1,2,59,0
118,4,2,2,57,0
87,2,1,2,20,0
126,4,2,2,56,0
118,4,2,2,29,0
118,4,1,2,40,0
109,4,1,2,6,0
116,4,2,2,54,0
109,4,2,2,7,0
118,4,1,3,30,0
122,4,1,2,25,0
114,4,2,2,30,0
104,3,1,2,50,0
109,4,1,2,23,0
130,4,1,2,32,0
999,9,2,1,3,9
101,3,1,1,42,0
116,4,2, ,41,0
120,4,2,2,22,0
121,4,1,2,51,0
103,3,2,2,19,0
116,4,2,1,43,0
115,4,2,1,57,0
108,3,2,2,59,0
999,9,1,2,2,9
122,4,1,2,37,0
111,4,1,3,17,0
114,4,1,2,48,0
117,4,2,3,19,0
129,4,1,1,6,0
120,4,1,2,33,0
999,9,2,2,2,9
999,9,1,2,5,9
125,4,1,2,50,0
97,3,2,2,9,0
126,4,2,2,42,0
115,4,2,2,27,0
114,4,1,1,30,0
110,4,2,2,20,0
108,3,1,1,48,0
112,4,1,2,13,0
102,3,1,1,12,0
112,4,2,2,24,0
119,4,2,2,16,0
123,4,1,2,50,0
121,4,2,2,46,0
999,9,1,2,27,6
111,4,1,2,37,0
123,4,1,1,46,0
122,4,1,1,31,0
105,3,2,2,43,0
97,2,2,2,31,0
103,3,1,2,26,0
999,9,1,2,1,9
116,4,1,2,37,0
119,4,2,2,59,0
115,4,1,2,36,0
103,3,1,2,41,0
120,4,1,1,35,0
117,4,1,3,42,0
106,3,1,2,44,0
111,4,2,2,25,0
94,2,2,2,8,0
116,4,1,2,56,0
115,4,1,2,35,0
128,4,2,3,32,0
113,4,2,2,37,0
124,4,1,2,27,0
108,4,2,2,17,0
118,4,2,2,19,0
111,4,1,3,9,0
114,4,1,2,53,0
105,3,2,2,33,0
105,4,2,2,14,0
117,4,2,2,39,0
113,4,2,2,26,0
102,3,1,2,17,0
90,2,2,2,38,0
106,3,2,2,32,0
999,9,2,2,5,9
112,4,1,2,8,0
93,2,1,2,12,0
118,4,2,2,47,0
119,4,2,2,36,0
110,4,2,2,20,0
114,4,2,2,33,0
123,4,1,2,14,0
118,4,2,2,20,0
108,4,2,2,19,0
108,4,1,2,22,0
113,4,1,2,27,0
117,4,2,2,59,0
131,4,2,2,40,0
134,4,2, ,58,0
110,4,1,2,54,0
111,4,1,3,41,0
112,4,1,3,15,0
118,4,1,3,19,0
999,9,2,3,4,9
111,4,1,3,34,0
107,4,2,1,22,0
999,9,2,1,4,9
119,4,2,2,38,0
95,3,2,2,19,0
110,4,2,2,56,0
100,3,2,2,57,0
86,2,1,2,13,0
98,2,1,2,54,0
99,2,1,2,31,0
124,4,1,1,54,0
110,4,2, ,52,0
97,3,2, ,15,0
116,4,1,2,10,0
110,4,1, ,58,0
119,4,1,2,34,0
94,2,2,2,27,0
110,4,2,2,13,0
89,2,2,2,20,0
106,4,1,2,23,0
103,3,1, ,47,0
107,4,2,2,8,0
110,4,1,2,35,0
999,9,2,2,3,9
117,4,1,2,42,0
999,9,1,2,5,9
119,4,2,2,39,0
117,4,2,2,24,0
116,4,1,2,47,0
99,2,2,2,42,0
121,4,1,2,36,0
121,4,1,1,51,0
101,3,1,1,19,0
115,4,2,2,48,0
105,3,2,2,59,0
82,2,1,1,16,0
102,3,1,2,51,0
108,4,1,2,7,0
113,4,2,2,11,0
106,3,1,2,28,0
123,4,2,2,20,0
99,2,1, ,52,0
114,4,1,2,49,0
113,4,1,2,51,0
111,4,1,1,51,0
109,3,1,1,28,0
999,9,1,2,2,9
113,4,2,2,21,0
999,9,2,2,3,9
126,4,2,2,19,0
128,4,1,2,51,0
122,4,1,2,24,0
999,9,2,2,5,9
109,3,1,2,46,0
999,9,1,2,30,3
108,4,1,2,7,0
119,4,2,2,53,0
114,4,2,1,58,0
111,4,2,2,36,0
999,9,2,2,2,9
123,4,2,1,55,0
116,4,1,2,45,0
105,4,2,3,8,0
999,9,1,3,5,9
112,4,1,3,20,0
113,4,1,1,52,0
106,3,1,1,52,0
121,4,2,2,30,0
105,3,2,2,51,0
110,4,1,2,47,0
105,3,2,2,44,0
101,3,2,2,16,0
102,3,1,2,14,0
122,4,2,2,24,0
119,4,2,2,41,0
95,3,2,2,10,0
130,4,1,1,56,0
98,3,1,1,12,0
113,4,2,2,23,0
112,4,2,2,21,0
120,4,1,2,6,0
125,4,1,3,34,0
109,4,2,3,7,0
110,4,1, ,35,0
132,4,1,2,35,0
95,2,1,2,42,0
109,3,2,2,34,0
112,4,2,2,48,0
87,2,1,2,21,0
115,4,1,3,44,0
111,4,1,2,49,0
113,4,1,1,49,0
110,4,1,2,13,0
119,4,1,2,57,0
98,2,1,1,24,0
106,3,2, ,43,0
105,3,1,2,49,0
111,4,1,2,30,0
88,2,1,2,20,0
115,4,2,2,47,0
105,4,2,2,17,0
118,4,2,1,36,0
95,3,2,1,22,0
106,4,2,1,21,0
105,3,1,2,39,0
112,4,2,2,13,0
99,3,1,2,14,0
121,4,1,2,54,0
126,4,2, ,56,0
999,9,2,2,3,9
121,4,1,2,55,0
115,4,1,1,50,0
121,4,1,1,33,0
999,9,1,2,1,9
104,3,1,2,47,0
100,3,1,1,45,0
112,4,1,1,22,0
113,4,1,2,33,0
116,4,1,1,42,0
999,9,2,1,0,9
111,4,1, ,53,0
102,3,2,2,28,0
107,3,2,2,27,0
110,4,2,2,36,0
113,4,1,2,49,0
999,9,1,2,5,9
125,4,1,2,47,0
116,4,2,1,38,0
106,4,1,1,18,0
114,4,1,1,23,0
111,4,2, ,19,0
115,4,2,1,55,0
99,3,1,1,22,0
110,4,1,2,29,0
120,4,1,2,35,0
126,4,1,2,55,0
117,4,2,2,22,0
123,4,2,2,57,0
999,9,1,2,3,9
